,AR
"PPP4R2>EIF2S1,+",14
"EIF2S1>PPP4R2,+",11
"ROBO1>CTBS,+",7
"AR>GNAI3,-",7
"ITFG1>COPA,+",5
"CTBS>ROBO1,+",5
"AR>S1PR1,-",5
"NOB1>AHNAK2,+",5
"ROBO1>MPRIP,+",5
"AR>TIAL1,+",5
"ATL3>COPA,+",4
"CDK2AP2>HNRNPUL1,+",4
"ROBO1>OGT,+",4
"HLA-DQA1>HLA-DQA2,+",4
"AR>EIF2S1,+",4
"ROBO1>SEPT9,+",4
"NAP1L4>ROBO1,+",4
"MMP24OS>NAP1L4,+",4
"LAPTM4B>NAP1L4,+",3
"CCT7>HNRNPUL1,+",3
"PPP4R2>NMT1,+",3
"AHNAK2>ROBO1,+",3
"SUN2>SEPT9,+",3
"RAP1A>LYL1,+",3
"MPRIP>HNRNPUL1,+",3
"POLR2I>EIF2S1,-",3
"CCT7>CWC15,+",3
"CFI>C9orf78,+",3
"ROBO1>COPA,+",3
"COPA>ATL3,+",3
"RAP1A>SEPT9,+",3
"CDK2AP2>SEPT9,+",3
"AR>ROBO1,+",3
"TIAL1>REV1,+",3
"NFE2L1>TIAL1,+",3
"CFI>TFDP2,+",3
"PDCD7>ROBO1,+",3
"COPA>AHNAK2,+",3
"HLA-DQA2>HLA-DQA1,+",3
"RPS17>C9orf78,+",3
"SCARB2>TIAL1,+",3
"NAP1L4>AR,+",3
"PPP4R2>ARHGEF12,+",3
"NAP1L4>SPPL2A,+",3
"NAA38>TIAL1,+",3
"AR>GCC2,-",3
"PDCD7>HNRNPUL1,+",3
"THSD7A>ROBO1,+",3
"LYL1>RAP1A,+",3
"G3BP1>CFI,+",3
"PDCD7>DENR,+",3
"KIDINS220>EPS15,+",3
"ITFG1>EIF2S1,+",3
"SEPT9>SUN2,+",3
"AR>POLR2K,+",3
"EPS15>ITFG1,+",3
"AR>KRIT1,+",3
"EPS15>KIDINS220,+",3
"MPRIP>HLA-DQA1,+",2
"RAB2A>GNAQ,+",2
"COPA>ADNP,+",2
"EIF3J>CALM3,+",2
"ATP6AP2>MRPL32,+",2
"EIF2S1>RPS17,+",2
"RSF1>DEPP1,+",2
"CFI>PPP4R2,+",2
"EPS15>DENR,+",2
"AKR1A1>DENR,+",2
"CCT7>PABPN1,+",2
"NAP1L4>HEBP1,+",2
"MMP24OS>AR,+",2
"ATN1>TMEM259,+",2
"HNRNPUL1>HEBP1,+",2
"LYL1>CUTA,+",2
"GSPT1>MPRIP,+",2
"ITFG1>SMC4,+",2
"EPS15>TOR1AIP1,+",2
"PNKD>PPP2R1A,+",2
"CCDC14>EPS15,+",2
"VCL>ROBO1,+",2
"PPP2R1A>PNKD,+",2
"PDE4D>ATN1,+",2
"LAPTM4B>DENR,+",2
"EPRS>NCOA4,+",2
"OGT>ROBO1,+",2
"PPP4R2>ROBO1,+",2
"RSF1>AR,+",2
"BIRC2>COPA,+",2
"DENR>CDK4,+",2
"PTPRG>EPRS,+",2
"GNAQ>GGT5,+",2
"PPP4R2>GSPT1,+",2
"OGT>MIR99AHG,+",2
"AR>ANAPC13,+",2
"KIF1B>POGZ,-",2
"LYL1>NAP1L4,+",2
"AR>AHNAK2,+",2
"EPS15>NAP1L4,+",2
"C9orf78>RPS17,+",2
"PPP2R1A>TCEAL3,+",2
"NAP1L4>CTBS,+",2
"SMARCE1>REV1,+",2
"CCDC14>KAT6B,+",2
"TIAM1>ADAR,+",2
"ROBO1>MRPL32,+",2
"MPRIP>ROBO1,+",2
"CTBS>MAP3K2,+",2
"CWC15>ARPC5L,+",2
"LYL1>RAB2A,+",2
"G3BP1>MRPL32,-",2
"NR1D2>ARFGAP3,+",2
"G3BP1>POGZ,+",2
"PPP4R2>TIAL1,+",2
"ATP6AP2>ADAR,+",2
"ADAR>AR,+",2
"CAVIN3>MAP3K2,+",2
"HNRNPUL1>CDK2AP2,+",2
"PKP4>RAB14,+",2
"AR>PPIP5K2,+",2
"EPS15>SMARCE1,+",2
"AR>ITFG1,+",2
"DENR>ABHD14B,+",2
"AR>NAP1L4,+",2
"CFI>NAP1L4,+",2
"REV1>SMC4,+",2
"NFE2L1>FRG1,+",2
"HEBP1>SCARB2,+",2
"EIF3J>CTBS,+",2
"GNAQ>SEPT9,+",2
"SEPT9>RAP1A,+",2
"FRA10AC1>ROBO1,+",2
"ERC1>OGT,+",2
"TMA7>PPP4R2,+",2
"SMC4>REV1,+",2
"TMEM109>ITFG1,+",2
"REV1>TIAL1,+",2
"PPP4R2>OTUD6B-AS1,+",2
"CCT7>KNOP1,+",2
"THSD7A>MAZ,+",2
"AHNAK2>NET1,+",2
"NET1>MPRIP,+",2
"KRIT1>AR,+",2
"CDK4>PNKD,+",2
"MIR99AHG>IFI44L,+",2
"ATL3>ATP5MF,+",2
"APH1A>MPRIP,+",2
"C8orf59>TFDP2,+",2
"KIDINS220>SMARCE1,+",2
"PIK3C2A>POGZ,+",2
"VGLL4>HNRNPUL1,+",2
"AR>SNF8,-",2
"ROBO1>CALM3,+",2
"EIF2S1>AR,+",2
"MMP24OS>PPP4R2,+",2
"DENR>PDCD7,+",2
"POLR2K>MAP3K2,+",2
"COPA>SCARB2,+",2
"CCT7>BRD7,+",2
"CFI>NAA38,+",2
"FRA10AC1>ARFGAP3,+",2
"ATL3>NMT1,+",2
"ROBO1>AHNAK2,+",2
"FBXO3>NEMF,+",2
"AHNAK2>SMC4,+",2
"TPST2>SMC4,+",2
"MAP3K2>PNKD,+",2
"ROBO1>EIF3J,+",2
"KNOP1>CWC15,+",2
"CWC15>CCT7,+",2
"TMEM259>WASL,+",2
"AR>ARF5,+",2
"AHNAK2>SHPRH,+",2
"NET1>POLK,+",2
"CDK2AP2>KRIT1,+",2
"GHITM>SMARCE1,+",2
"PDCD7>POGZ,+",2
"ALG13>CTBS,+",2
"PPP4R2>ITFG1,+",2
"AR>PSMD11,+",2
"CWC15>EIF3J,+",2
"CFI>VGLL4,+",2
"ADNP>COPA,+",2
"AR>EPC1,-",2
"GANAB>C8orf59,-",2
"ROBO1>GNAQ,+",2
"XRN1>DENR,+",2
"PDCD7>BIRC2,+",2
"FGD4>NMT1,+",2
"ARFGAP3>EPRS,+",2
"PPP4R2>ADNP,+",2
"EPS15>PDE4D,+",2
"EIF3J>ADNP,+",2
"TAP1>EIF2S1,+",2
"MIER1>MRPL32,+",2
"MMP24OS>ITFG1,+",2
"GNAQ>SUN2,+",2
"GLRX3>TIAL1,+",2
"ZBTB38>ATP6AP2,+",2
"ROBO1>POGZ,+",2
"RAB2A>PDCD7,+",2
"DPM3>SMDT1,+",2
"BIRC2>GSK3A,+",2
"CALM3>EIF2S1,+",2
"GPATCH8>SMC4,+",2
"AR>ANKRD17,+",2
"MMP24OS>YTHDF3,-",2
"SUN2>DPM3,+",2
"ATL3>DPM3,+",2
"ERCC6L2>ROBO1,+",2
"RWDD1>CCDC50,+",1
"SRP72>DENR,+",1
"CCDC14>INTS3,+",1
"CTBS>INTS3,-",1
"CCDC50>SMURF2,+",1
"MPRIP>ATP6AP2,+",1
"ELK4>VPS13A,+",1
"NCOA4>NAP1L4,+",1
"WAC>HNRNPUL1,+",1
"RPAP2>CWC15,+",1
"NET1>CCDC14,+",1
"DENR>PPP1R13B,+",1
"ATP6AP2>NAP1L4,+",1
"PPP4R2>PPP1R13B,+",1
"HSPD1>HNRNPUL1,+",1
"GANAB>PPP1R13B,-",1
"GTF2I>CWC15,+",1
"MIR99AHG>ALG13,+",1
"ZBTB38>KRIT1,+",1
"CCT7>AHNAK2,+",1
"C19orf24>ROBO1,+",1
"NCOA4>ROBO1,-",1
"GOSR1>GFOD2,+",1
"CLIC2>GFOD2,+",1
"ATP6AP2>SMC3,+",1
"RNMT>ADAR,+",1
"WBP2>SMC3,-",1
"NCOA4>MYCT1,+",1
"HSPD1>MYCT1,+",1
"MRPS10>TFDP2,+",1
"SRP72>FBXO7,+",1
"CCDC14>FBXO7,+",1
"GPATCH8>TIAL1,+",1
"VPS13A>AHNAK2,+",1
"CCDC50>ATP11C,+",1
"AR>DNMT1,+",1
"CFI>ATP11C,+",1
"CFI>FRG1,+",1
"FBL>CLIC2,+",1
"ZBTB38>GOSR1,+",1
"RBMS3>GOSR1,+",1
"MAP3K2>ELK4,+",1
"DENR>GOSR1,+",1
"WAC>ELK4,+",1
"GTF2I>ELK4,+",1
"TGM2>CTSC,+",1
"ROBO1>PPIP5K2,+",1
"RPS17>FBL,+",1
"RNMT>ELK4,+",1
"NCOA4>CTBS,+",1
"CFI>ELK4,+",1
"RAB18>DPM3,-",1
"CCT7>PPIP5K2,+",1
"ZBTB38>SUGP2,+",1
"DDX46>B4GALT1,+",1
"GTF2I>B4GALT1,+",1
"RAB18>B4GALT1,+",1
"ZSCAN18>SUN2,+",1
"SUN2>GATAD1,+",1
"MRPS10>BRD7,-",1
"RWDD1>RGS16,+",1
"MRPS10>RGS16,+",1
"KNOP1>PPP2R1A,+",1
"RPAP2>SMARCE1,+",1
"DNMT1>SMARCE1,+",1
"INTS3>TRA2A,-",1
"CTBS>RPL17,+",1
"RWDD1>SEC22B,-",1
"RWDD1>SRM,-",1
"SUN2>TM7SF3,-",1
"INTS3>SEC22B,+",1
"ATP6AP2>KIDINS220,+",1
"CDC42SE1>TM7SF3,-",1
"ACTR2>GANAB,+",1
"NFU1>ERCC6L2,-",1
"HSPD1>KIDINS220,+",1
"NUCB1>HLA-DPB1,+",1
"ZBTB38>IFI44L,+",1
"ATP6AP2>MPRIP,+",1
"APH1A>ZMYND11,-",1
"CTBS>ZMYND11,+",1
"RWDD1>MDFIC,+",1
"RBPMS>SRM,+",1
"RAB18>RPAP2,+",1
"ATP6AP2>TMEM259,+",1
"NCOA4>NCOA3,+",1
"ADAR>NF1,+",1
"RPAP2>SEPT9,-",1
"SRP72>TCEAL3,+",1
"GTF2I>TCEAL3,+",1
"RWDD1>DPM3,+",1
"ATP6AP2>DPM3,+",1
"PRMT1>DPM3,+",1
"ZSCAN18>DEPP1,+",1
"RPAP2>MRPL32,+",1
"PPP4R2>NSRP1,+",1
"RAB18>ARPC5L,+",1
"NFE2L1>NSRP1,+",1
"NF1>NSRP1,+",1
"SRM>PFDN1,+",1
"ROBO1>RPAP2,+",1
"DDX46>PFDN1,+",1
"ZBTB38>MLH3,+",1
"RGS16>PFDN1,+",1
"CASP8AP2>MLH3,-",1
"KDELR1>CFI,+",1
"ITFG1>RAB18,-",1
"DNMT1>RAB18,+",1
"WBP2>MLH3,-",1
"SRP72>NCOA4,+",1
"NUCB1>SELE,+",1
"RPAP2>ZSCAN18,+",1
"CTBS>ZSCAN18,+",1
"SRP72>SPAG9,+",1
"FBL>GFOD2,+",1
"MRPS10>EIF4A3,+",1
"ELK4>DEPP1,+",1
"MAZ>OGT,+",1
"EIF2S1>CTBS,+",1
"RAB2A>CTBS,+",1
"SUGP2>HADHB,-",1
"RAB14>PFDN2,+",1
"ZNF580>GPAA1,+",1
"NFE2L1>WBP2,+",1
"RAB2A>NAA38,+",1
"THSD7A>FBXO7,+",1
"ZNF580>FBXO7,-",1
"COPA>FBXO7,-",1
"EIF2S1>FBXO7,+",1
"KIF1B>FBXO7,+",1
"NAA38>OGT,+",1
"KIDINS220>BIRC6,-",1
"GPATCH8>HADHB,+",1
"YLPM1>MAP3K2,+",1
"KIF1B>MTPN,+",1
"CWC15>GATAD2B,+",1
"HLA-DPB1>CDC42SE1,+",1
"CCT7>GATAD2B,+",1
"LSM12>GATAD2B,+",1
"KIDINS220>ZEB1,+",1
"KIF1B>MGLL,+",1
"PDCD7>MGLL,+",1
"ERCC6L2>YLPM1,+",1
"ZNF580>MGLL,-",1
"CLIC2>YLPM1,+",1
"ATP6AP2>ATP5MF,+",1
"PPP1R13B>HADHB,+",1
"KIDINS220>HEBP1,+",1
"ZBTB38>GBP2,+",1
"MMP24OS>MAZ,+",1
"RBMS3>COMT,+",1
"HEBP1>KIDINS220,+",1
"CWC15>SESN3,+",1
"RAB2A>BIRC2,+",1
"GATAD2B>SNF8,+",1
"SLC44A1>TMEM204,-",1
"COPA>KRIT1,-",1
"CWC15>KRIT1,+",1
"COPA>MDFIC,+",1
"PPP2R1A>MDFIC,+",1
"MAZ>MDFIC,-",1
"NFU1>BMP4,+",1
"FBXO9>MAZ,+",1
"ACIN1>MAZ,+",1
"THSD7A>HEBP1,+",1
"DENR>BMP4,+",1
"THSD7A>SLC44A1,+",1
"EIF2S1>SLC44A1,-",1
"PIK3C2A>RUNX1T1,+",1
"FBL>HADHB,+",1
"GOSR1>HADHB,+",1
"KIDINS220>RUNX1T1,+",1
"NAA38>RUNX1T1,+",1
"CCDC50>ETS1,+",1
"CWC15>CFI,+",1
"RUNX1T1>TIAL1,+",1
"PPP2R1A>RPS17,+",1
"CFI>AC058791.1,+",1
"MMP24OS>MGLL,-",1
"KIDINS220>MVB12A,-",1
"RGS16>PRMT1,+",1
"CTBS>C19orf24,+",1
"INTS3>MAP3K2,+",1
"DPM3>EIF2S1,+",1
"BRD7>EIF2S1,+",1
"NF1>PARP9,+",1
"SRP72>EIF2S1,+",1
"PRMT1>GNAQ,+",1
"RPAP2>MRPS10,+",1
"RGS16>MRPS10,+",1
"APH1A>RNMT,+",1
"RBPMS>RNMT,+",1
"RAB18>ADCY4,+",1
"RBPMS>RUNDC3B,+",1
"DDX46>C19orf24,+",1
"LAMTOR4>PARP9,-",1
"GTF2I>MAP3K2,+",1
"NCOA4>C19orf24,+",1
"PRMT1>C19orf24,+",1
"CCDC14>UBE2I,+",1
"RGS16>UBE2I,+",1
"INTS3>FBXO3,+",1
"WAC>EIF4A3,+",1
"LAMTOR4>PPP4R2,+",1
"DHX36>PARP9,+",1
"INTS3>PRMT1,+",1
"RAB18>PRMT1,+",1
"PPP4R2>MIER1,+",1
"WBP2>NFE2L1,+",1
"CFI>DPM3,+",1
"YLPM1>NF1,+",1
"HSPD1>AR,+",1
"PARK7>PLA2G16,+",1
"KRIT1>BMP4,+",1
"CFI>SHANK3,+",1
"TGM2>CASP8AP2,+",1
"LSM12>SHANK3,+",1
"EIF2S1>SHANK3,-",1
"GATAD2B>CLDN15,+",1
"ACTR2>CASP8AP2,+",1
"ZNF580>CCT7,+",1
"ROBO1>SUN2,+",1
"THSD7A>CALM3,+",1
"KIF1B>CALM3,+",1
"CLIC2>RBMS3,+",1
"GATAD2B>CALM3,-",1
"CWC15>BMP4,+",1
"MMP24OS>TMEM259,+",1
"GATAD1>NF1,+",1
"THSD7A>TMEM259,+",1
"NAA38>ANKRD17,-",1
"PDCD7>ANKRD17,-",1
"RAB2A>WNK1,+",1
"KIDINS220>WASL,+",1
"CCT7>ZNF580,+",1
"RBMS3>SLC25A24,+",1
"CLIC2>NF1,-",1
"GPAA1>ZNF580,+",1
"MTPN>LSM12,+",1
"C8orf59>LPAR6,+",1
"HNRNPUL1>PTEN,+",1
"ZNF580>DYNLT1,-",1
"NR1D2>GNAQ,+",1
"ATP6AP2>EIF2S1,+",1
"PPP4R2>TOR1AIP1,+",1
"TFDP2>RAP1A,+",1
"TTC3>KIF1B,+",1
"EPRS>KIF1B,+",1
"KNOP1>EGLN1,+",1
"ATN1>UBE2I,+",1
"C8orf59>NDUFB7,+",1
"UBE2I>MALL,-",1
"PHIP>PSMA4,+",1
"KIDINS220>PSMA4,+",1
"EIF3J>FGD4,+",1
"CDK4>GHITM,+",1
"NCOA3>CPVL,+",1
"TTC3>PNKD,+",1
"CARHSP1>PNKD,+",1
"PHIP>SEM1,+",1
"GGCT>SEM1,+",1
"SHANK3>ATF2,+",1
"CFI>CLEC2B,+",1
"LIMA1>CLEC2B,+",1
"PHIP>EIF4A3,+",1
"PPP2R1A>EIF4A3,+",1
"PSMA4>RSF1,+",1
"POLK>KIDINS220,+",1
"KDELR1>KIDINS220,+",1
"MIER1>NUDT14,+",1
"PPP2R1A>BNIP2,+",1
"SNX6>RUNDC3B,+",1
"CARHSP1>CORO1C,+",1
"TIAL1>ARHGEF12,+",1
"LIMA1>TMEM259,+",1
"POLK>RAB2A,+",1
"NAP1L4>SPTLC2,+",1
"FKBP9>NDUFB7,+",1
"ARPC5L>IFIT3,+",1
"EIF2S1>ARPC5,+",1
"HLA-C>HLA-A,+",1
"PKM>NOSTRIN,+",1
"AR>ARPC5,-",1
"MRPL32>ROBO1,+",1
"UBE2I>MPRIP,-",1
"ARPC5L>NAP1L4,+",1
"NCOA3>NF1,+",1
"FAM84B>NF1,+",1
"PHIP>EIF3J,+",1
"NET1>IFIT3,+",1
"PPP2R1A>IFIT3,+",1
"GADD45GIP1>GANAB,-",1
"GGCT>SPPL2A,-",1
"POLK>SPTLC2,+",1
"LIMA1>PFDN1,+",1
"KNOP1>NEMF,+",1
"NUDT14>TIAL1,+",1
"PPP2R1A>TIAL1,-",1
"UBE2I>ATN1,+",1
"MAP3K2>CDC42SE1,+",1
"NCOA3>RYBP,+",1
"PPP2R1A>TFDP2,+",1
"LIMA1>TFDP2,+",1
"MAP3K2>RYBP,+",1
"TTC3>RNF7,+",1
"TIAL1>RYBP,+",1
"SUMO1>KDELR1,+",1
"PSMA4>TMEM259,+",1
"EPRS>PBRM1,+",1
"EIF2S1>PBRM1,-",1
"KRR1>ARF5,+",1
"ARF5>LRRFIP2,-",1
"MAP3K2>AFAP1L1,+",1
"EIF2S1>CALCOCO2,+",1
"AR>LRRFIP2,-",1
"ITFG1>CTBS,+",1
"PLCB4>CTBS,+",1
"RYBP>NCOA3,+",1
"C1orf115>TIAL1,+",1
"SEPT9>ARF5,+",1
"MAP3K2>ARF5,+",1
"CCT7>TMEM259,+",1
"XRN1>ARF5,+",1
"PRDX6>MRPL32,+",1
"AR>PRKAR2A,-",1
"INHBB>ESF1,+",1
"CTBS>PRKAR2A,+",1
"G3BP1>HEBP1,-",1
"ATL3>BIRC6,+",1
"MIER1>HEBP1,+",1
"MIR99AHG>FBXO7,+",1
"KRR1>FBXO7,-",1
"G3BP1>PPP2R1A,+",1
"G3BP1>BIRC6,+",1
"MAP3K2>PPP2R1A,+",1
"COPA>ERP29,+",1
"NOB1>PPP2R1A,-",1
"TIAL1>ITPRIPL2,+",1
"NAP1L4>MAP3K2,+",1
"SEPT9>AFAP1L1,+",1
"SEPT9>COPA,+",1
"RASSF9>ABI2,+",1
"JAG1>SUN2,+",1
"CTBS>ABI2,+",1
"TTC3>MAP1LC3B,+",1
"CLEC2B>MAP1LC3B,+",1
"RASSF9>INHBB,-",1
"GGCT>TBCB,+",1
"NCOA3>NOB1,+",1
"UBE2I>LCORL,+",1
"ARF5>LCORL,+",1
"PPP2R1A>ROBO1,+",1
"MAP3K2>EIF2S1,+",1
"UBE2I>PBX2,+",1
"NF1>INHBB,+",1
"NAP1L4>PBX2,+",1
"CCT7>SUN2,+",1
"PPP2R1A>RAP1A,+",1
"JAG1>INHBB,-",1
"NAA38>SUN2,+",1
"PBX1>INHBB,+",1
"XRN1>PTTG1IP,+",1
"MAP3K2>C9orf78,+",1
"CTBS>PSMC5,+",1
"NAA38>CTGF,+",1
"NCOA3>ADAR,+",1
"KRR1>RAP1A,+",1
"UBE2I>ADNP,+",1
"ITPRIPL2>ADNP,+",1
"MALL>PPP1R13B,+",1
"G3BP1>UGCG,+",1
"PNKD>CALM3,+",1
"EIF2S1>RAP1A,+",1
"ATP6AP2>PPP4R2,+",1
"TFDP2>SLK,+",1
"ROBO1>RTF2,-",1
"ADCY4>RNF213,+",1
"GNAI3>STMN1,+",1
"ATP6AP2>RNF213,+",1
"SH3BGRL2>POLR2K,+",1
"NR1D2>POLR2K,+",1
"G3BP1>DNMT1,+",1
"ZMYM4>DNMT1,+",1
"NF1>STMN1,+",1
"ASPH>DNMT1,+",1
"AR>STMN1,-",1
"ITFG1>SETD2,+",1
"TMA7>THSD7A,+",1
"CDC42SE1>HADHA,-",1
"ZBTB38>REV1,+",1
"RPS17>GNAI3,+",1
"NR1D2>RAP1A,+",1
"CLIC2>GNAI3,+",1
"CLIC2>DENR,+",1
"AR>DENR,+",1
"NAA38>CRYBG3,+",1
"LAMTOR4>OTUD6B-AS1,-",1
"CLEC2B>OTUD6B-AS1,+",1
"TGM2>CFI,+",1
"HLA-DQA2>EIF3M,+",1
"ARFGAP3>RNF7,+",1
"G3BP1>RNF7,+",1
"LAPTM4B>RNF7,+",1
"CTBS>SLC39A10,+",1
"SPCS3>RTF2,+",1
"SH3BGRL2>RTF2,+",1
"CTBS>RTF2,+",1
"RNF213>CLEC2B,+",1
"ROBO1>PLCB4,+",1
"TMEM259>CTBS,+",1
"RPS17>CTBS,+",1
"ATP6AP2>CTBS,+",1
"LAMTOR4>NFE2L1,+",1
"POLR2K>NFE2L1,+",1
"ZMYM4>EIF2S1,+",1
"EIF2S1>PRDX6,+",1
"GBP2>LAPTM4B,+",1
"PPP4R2>ELMSAN1,+",1
"NAA38>DPYSL2,+",1
"PLCB4>TRIOBP,+",1
"RPS17>CNBP,+",1
"G3BP1>REV1,+",1
"RPS17>STMN1,+",1
"GNAI3>PCYOX1,+",1
"NFE2L1>VGLL4,+",1
"PLCB4>ARFGAP3,+",1
"S100A16>NUCKS1,+",1
"HNRNPA1>SH3BGRL2,+",1
"CLIC2>RAB21,+",1
"S100A16>ASPH,+",1
"NR1D2>ALG13,+",1
"ARFGAP3>NR1D2,+",1
"CTBS>NR1D2,-",1
"CLTA>NR1D2,+",1
"REV1>NFU1,+",1
"GBP2>MAP3K2,+",1
"MRPS10>ADAR,+",1
"GBP2>ADAR,+",1
"MRPS10>ARF5,+",1
"MRPL32>PPP4R2,+",1
"DEK>BCL10,+",1
"ALG13>BCL10,+",1
"ARFGAP3>UBE2L3,+",1
"SH3BGRL2>UBE2L3,+",1
"CCT7>NSUN6,-",1
"PBX1>NSUN6,+",1
"REV1>UBE2L3,+",1
"ASPH>GPAA1,+",1
"MAP3K2>GPAA1,-",1
"SLK>AR,+",1
"SEM1>PPP4R2,+",1
"PLCB4>RAB14,-",1
"GGCT>PPP4R2,+",1
"PHIP>ARHGEF12,+",1
"FBXO7>NSUN6,-",1
"ARFGAP3>SELENOH,+",1
"EIF3J>DDX21,+",1
"LIMA1>SSFA2,+",1
"NCOA3>CCT7,+",1
"SEM1>POLR2I,+",1
"PPP2R1A>NMT1,+",1
"PPP1R13B>MYDGF,+",1
"SURF6>MRPL32,+",1
"POLR2I>MRPL32,+",1
"PSMA1>CCDC68,+",1
"PNKD>PFDN1,+",1
"TFDP2>CCDC68,+",1
"POLK>NET1,+",1
"LAMTOR4>BCL10,+",1
"MRPS10>ATP11A,+",1
"ALG13>ITFG1,+",1
"AHNAK2>MIEN1,+",1
"AHNAK2>TMEM259,+",1
"LAMTOR4>TMEM259,+",1
"PPP4R2>TMEM259,+",1
"TMEM259>SPCS3,+",1
"ASPH>S100A16,+",1
"MRPS10>RND1,+",1
"ARFGAP3>GBP2,+",1
"ALG13>FBXW7,+",1
"BCL10>FBXW7,+",1
"EIF3M>SMC4,+",1
"AHNAK2>MRPS10,+",1
"EIF3M>PPP4R2,+",1
"ATP11A>MRPS10,+",1
"COPA>MIEN1,-",1
"ITFG1>IARS2,+",1
"POLR2K>EIF3D,+",1
"NFIL3>ZMYM4,+",1
"DNMT1>ZMYM4,+",1
"ATP6AP2>ZMYM4,+",1
"ATP6AP2>NFIL3,-",1
"POLR2K>NFIL3,+",1
"RPS17>FYTTD1,+",1
"ATP6AP2>FYTTD1,+",1
"GBP2>FYTTD1,+",1
"AR>PPP4R2,+",1
"POLR2K>FYTTD1,+",1
"COPA>FYTTD1,+",1
"ASPH>RTN3,+",1
"GATAD2B>GPATCH2L,-",1
"GNAQ>EZH1,+",1
"GSK3A>GPATCH2L,+",1
"CUTA>WASL,+",1
"POGZ>FRMD4B,+",1
"POGZ>PDE4D,+",1
"SMARCE1>PDE4D,+",1
"IARS2>PDE4D,+",1
"FLNA>DOCK9,+",1
"SHANK3>FGD4,+",1
"AHNAK2>FGD4,+",1
"GPM6A>FGD4,+",1
"DPM3>GSPT1,+",1
"CCDC14>GSPT1,+",1
"OTUD6B-AS1>RUNDC3B,+",1
"CALM3>BAZ2A,+",1
"FLNA>BAZ2A,+",1
"OTUD6B-AS1>CAND1,+",1
"NMT1>ROBO1,-",1
"OTUD6B-AS1>CNTLN,+",1
"ANKRD17>CNTLN,-",1
"OTUD6B-AS1>KNOP1,+",1
"KMT2C>PRKCH,+",1
"KIF1B>NAP1L4,+",1
"PPP4R2>PMP22,+",1
"ATL3>PMP22,+",1
"PTPRG>PMP22,+",1
"KMT2C>MYC,+",1
"POGZ>MYC,+",1
"SHANK3>PRKCH,+",1
"BIRC6>NMT1,+",1
"ATL3>AFF4,+",1
"SHANK3>CFI,+",1
"DPM3>ATL3,+",1
"AHNAK2>FIS1,+",1
"NUCB1>FIS1,+",1
"KIF1B>NMT1,+",1
"KNOP1>PDCD7,+",1
"TAP1>PDCD7,+",1
"CCDC14>NET1,+",1
"PTK2B>PABPN1,+",1
"C8orf59>SNCG,+",1
"EPS15>ODF2L,+",1
"FYTTD1>AHNAK2,+",1
"WASL>AHNAK2,+",1
"PTK2B>ESYT2,+",1
"MTPN>ESYT2,+",1
"ROBO1>PABPN1,+",1
"GHITM>NDUFV3,-",1
"WBP2>MFSD10,+",1
"NDUFS6>SSB,+",1
"BRD7>MIEN1,+",1
"WBP2>NOLC1,+",1
"XRN1>PSENEN,+",1
"NDUFS6>PSENEN,+",1
"SSB>SNCG,+",1
"TMEM44>ADAR,-",1
"KIF1B>NET1,+",1
"XRN1>VPS13A,+",1
"OTUD6B-AS1>DICER1,+",1
"ATL3>POGZ,+",1
"REV1>POGZ,+",1
"AR>YLPM1,+",1
"OTUD6B-AS1>YLPM1,+",1
"CAMSAP2>ANKRD17,+",1
"NDUFS6>VPS13A,+",1
"NDUFS6>ADAR,+",1
"DEPP1>VPS13A,+",1
"EPS15>SASH1,+",1
"EPS15>SNW1,+",1
"CALM3>SNW1,+",1
"PAWR>DEPP1,+",1
"PTK2B>GHITM,+",1
"SHANK3>NAP1L4,+",1
"SMARCE1>NAP1L4,+",1
"ANKRD17>NAP1L4,+",1
"S1PR1>TIAL1,-",1
"PPP4R2>PPIP5K2,+",1
"NEMF>PPIP5K2,+",1
"TAOK3>COPA,+",1
"TIAL1>MFSD10,-",1
"KDELR1>MFSD10,+",1
"STX12>ROBO1,-",1
"HLA-DQA1>AR,+",1
"KDELR1>RPS17,+",1
"PPP4R2>AR,+",1
"CAPNS1>PSENEN,+",1
"ELK4>SEC63,+",1
"PLCG2>SEC63,+",1
"BIRC6>SEC63,+",1
"ATL3>DIAPH2,+",1
"S1PR1>RPS17,+",1
"TIAL1>HIPK2,+",1
"GNAQ>CXorf36,+",1
"EPHX1>GADD45GIP1,+",1
"GADD45GIP1>TNFRSF14,-",1
"AR>TNFRSF14,+",1
"RAB14>NEMF,+",1
"ADAR>ADNP,-",1
"SETD2>ADNP,+",1
"TMEM43>THRAP3,-",1
"ZBTB38>GSK3A,+",1
"RAI14>NFE2L1,+",1
"KDELR1>GSK3A,+",1
"C8orf59>BRD7,+",1
"GPM6A>NET1,+",1
"PPP4R2>PSMA1,+",1
"MYCT1>YTHDF3,+",1
"TAOK3>YTHDF3,+",1
"BIRC6>DIAPH2,+",1
"NAP1L4>SMAD9,+",1
"CAMSAP2>SMARCE1,+",1
"SMARCE1>COPA,+",1
"PPP4R2>KMT2C,+",1
"NAP1L4>CCDC14,+",1
"CALM3>CCDC14,+",1
"DICER1>OTUD6B-AS1,+",1
"CNTLN>OTUD6B-AS1,+",1
"B4GALT1>TMEM259,+",1
"CAPNS1>COPA,+",1
"SMARCE1>MPDZ,+",1
"OGT>OS9,+",1
"CALM3>ARHGEF15,+",1
"BIRC6>ARHGEF15,+",1
"FIS1>ARHGEF15,+",1
"BIRC6>LNPEP,+",1
"NAP1L4>SMARCE1,+",1
"MIR99AHG>MPDZ,+",1
"AHNAK2>MPDZ,+",1
"POGZ>PPIP5K2,+",1
"NMT1>IARS2,+",1
"CDK2AP2>NBEAL1,+",1
"MIR99AHG>NBEAL1,+",1
"SHANK3>NBEAL1,+",1
"SMARCE1>CACUL1,-",1
"BIRC6>CACUL1,+",1
"DPM3>CACUL1,+",1
"REV1>IARS2,+",1
"OTUD6B-AS1>MPDZ,-",1
"DOCK9>FLNA,+",1
"SMARCE1>DPM3,+",1
"PTPRG>ERCC6L2,+",1
"MIR99AHG>OGT,+",1
"SEPT9>TAP1,+",1
"AHNAK2>TAP1,+",1
"GHITM>WASL,+",1
"PTK2B>WASL,-",1
"PPP2R1A>ARPC3,+",1
"YTHDF3>WASL,-",1
"CIR1>VGLL4,+",1
"PSMD12>TFDP2,+",1
"RUNX1T1>LSM12,-",1
"NOB1>LSM12,+",1
"VGLL4>BRD7,+",1
"ADAR>PKP4,+",1
"GSPT1>PFDN1,+",1
"IARS2>RAB14,+",1
"PICALM>ADCY4,+",1
"AHNAK2>DOCK4,+",1
"YTHDF3>EIF3J,-",1
"DPM3>EIF3J,+",1
"GBP2>RUNX1T1,+",1
"SCARF1>RUNX1T1,+",1
"VGLL4>PTK2B,+",1
"ATP6AP2>HEBP1,+",1
"ADAR>RPL17,+",1
"GANAB>ADNP,+",1
"NOB1>CEP68,+",1
"NOB1>SUN2,+",1
"RUNX1T1>WBP2,+",1
"VGLL4>RBP7,+",1
"VGLL4>SMC4,+",1
"TIAL1>PSMD12,-",1
"RPL17>CEP68,-",1
"HLA-DQA1>CEP68,+",1
"CLDN5>ARL6IP5,+",1
"SELE>C8orf59,+",1
"CFI>NUCB1,+",1
"PPP4R2>IARS2,+",1
"EPS15>NOL7,+",1
"VGLL4>NOL7,+",1
"RUNX1T1>ARL6IP5,+",1
"CEP68>PTK2B,+",1
"DPM3>PTK2B,-",1
"VGLL4>TMX2,+",1
"LAPTM4B>APOL3,+",1
"SMDT1>MRPL17,+",1
"EPS15>ADAR,+",1
"GSPT1>SHANK3,+",1
"ADCY4>SELE,+",1
"NOB1>PDCD7,+",1
"CEP68>SENP6,+",1
"CTBS>APOL3,+",1
"PDCD7>HIPK3,+",1
"CIR1>APOL3,+",1
"TIAL1>EIF2S1,+",1
"LAPTM4B>EIF2S1,+",1
"RUNX1T1>EIF2S1,+",1
"SHPRH>AHNAK2,+",1
"ADNP>GPM6A,+",1
"PSMD12>EPS15,+",1
"EPS15>HIPK3,+",1
"VGLL4>GSPT1,-",1
"DPM3>ZBTB7A,+",1
"GANAB>GSPT1,+",1
"RUNX1T1>GSPT1,+",1
"VGLL4>CALM3,+",1
"GANAB>CALM3,+",1
"EPS15>LAPTM4B,+",1
"PDCD7>KNOP1,+",1
"PDCD7>DPM3,+",1
"HLA-DQA1>PSMC1,-",1
"ADAR>MPRIP,+",1
"PTK2B>MPRIP,+",1
"RPL17>RBP5,+",1
"SMDT1>EVA1C,+",1
"EIF2S1>PSMC1,+",1
"GSPT1>PSMC1,+",1
"LAPTM4B>SUN2,+",1
"ADNP>UBE2L6,-",1
"HEBP1>UBE2L6,+",1
"PLA2G16>ALG13,+",1
"MIEN1>DENR,+",1
"GNAI3>DENR,+",1
"DEPP1>EIF3J,-",1
"GNAQ>NDUFS6,+",1
"WBP2>PTK2B,+",1
"LYL1>PTK2B,+",1
"EPS15>ALG13,+",1
"MIEN1>EPC1,+",1
"WBP2>HEBP1,+",1
"EPS15>MIR99AHG,+",1
"GPM6A>MIR99AHG,+",1
"MTPN>MIR99AHG,+",1
"MTPN>POLR2K,+",1
"FYTTD1>POLR2K,+",1
"PAWR>EPC1,-",1
"COX6B1>NDUFB11,+",1
"DENR>POLR2K,-",1
"GNAI3>DPM3,+",1
"PTK2B>ANKRD17,+",1
"SSB>SCARB2,+",1
"CALM3>RPL17,+",1
"YTHDF3>XRN1,+",1
"FYTTD1>PXN,+",1
"PTK2B>GALNT1,+",1
"PLA2G16>DPM3,+",1
"LYL1>NBR1,+",1
"NOLC1>TMED9,+",1
"SCARB2>ATP5MF,+",1
"EPC1>CTBS,-",1
"SEPT9>SMC2,+",1
"MTPN>SMC2,-",1
"NOLC1>NBR1,-",1
"SSB>POLR2K,+",1
"BRD7>EIF4A3,+",1
"PPP4R2>UBE2L6,+",1
"SSB>SNRPE,+",1
"WBP2>CALM3,+",1
"WASL>ROBO1,+",1
"SPTLC1>EIF2S1,+",1
"FYTTD1>MRPL32,+",1
"AR>TMEM44,+",1
"C8orf59>TMEM44,+",1
"TMX2>MGMT,+",1
"MGMT>TIAL1,+",1
"YTHDF3>YPEL2,+",1
"SHPRH>YPEL2,+",1
"PPP4R2>SHPRH,-",1
"ADNP>SHPRH,+",1
"PKP4>PICALM,+",1
"GSPT1>PICALM,-",1
"SMC2>SEPT9,+",1
"NBR1>CWC15,+",1
"EPS15>EIF4A3,+",1
"NDUFS6>GNAQ,+",1
"HLA-DQA1>PHIP,+",1
"DEK>GPM6A,+",1
"YTHDF3>WBP2,+",1
"SSB>WBP2,+",1
"PTK2B>WBP2,+",1
"MIEN1>WBP2,+",1
"GHITM>SUN2,+",1
"TMEM44>CWC15,-",1
"TMEM44>C8orf59,+",1
"MTPN>C8orf59,+",1
"WBP2>PPP2R1A,+",1
"SCARB2>MGMT,+",1
"PAWR>PDCD7,-",1
"WASL>PDCD7,+",1
"PPP4R2>BEX3,+",1
"KDELR1>BEX3,+",1
"BAZ2A>BEX3,-",1
"ADAR>DDX24,+",1
"CCT7>RWDD4,+",1
"ROCK1>ARF5,+",1
"FRG1>SRPK2,+",1
"ROCK1>DDX24,+",1
"TAPBP>ATL3,+",1
"FRG1>NFE2L1,+",1
"EGLN1>PPP3CA,+",1
"PPP4R2>ATP6AP2,+",1
"ROCK1>TIAL1,+",1
"TAPBP>CALM3,+",1
"CTSS>CALM3,+",1
"NFE2L1>SELE,+",1
"RAB2A>SELE,+",1
"SPCS3>MMP24OS,+",1
"SPCS3>ARHGEF12,+",1
"G3BP1>DENR,+",1
"ATL3>DENR,+",1
"PPP4R2>DENR,+",1
"NAP1L4>MLF2,+",1
"PPP3CA>FZD4,+",1
"COPA>CALCOCO2,+",1
"WARS>SCARB2,+",1
"PPP4R2>TROVE2,+",1
"EGLN1>COPA,+",1
"MLF2>PDCD7,+",1
"MLF2>TBCB,+",1
"SPCS3>DENR,+",1
"ATL3>ROCK1,+",1
"C1QBP>BAZ2A,+",1
"COPA>BAZ2A,+",1
"NR1D2>PPP4R2,-",1
"SPCS3>CAP1,+",1
"NAA38>DEK,+",1
"CDC42EP3>EGLN1,+",1
"PPP3CA>EGLN1,+",1
"C1QBP>POLR2K,+",1
"NUCB1>IL1R1,+",1
"MIER1>PLCB4,+",1
"MPRIP>PLSCR1,-",1
"G3BP1>SNF8,+",1
"CTSS>SNF8,-",1
"SMARCE1>SNF8,+",1
"PLCB4>BMP4,+",1
"SPPL2A>IL1R1,+",1
"MPRIP>KDM2A,+",1
"FBXO7>BIRC2,-",1
"CTSS>CNTLN,+",1
"MPRIP>CNTLN,-",1
"SPPL2A>RAB2A,+",1
"MIER1>RAB2A,+",1
"RBP5>RAB2A,-",1
"ROBO1>KDM2A,+",1
"RAB2A>BAZ2A,+",1
"NR1D2>G3BP1,+",1
"VPS13A>FAM50A,+",1
"TAPBP>NAP1L4,+",1
"EGLN1>AR,+",1
"WASL>SEPT9,+",1
"FNBP1>DEK,+",1
"COPA>DEK,-",1
"DENR>SMIM14,+",1
"EIF2S1>LYL1,+",1
"VPS13A>BAZ2A,+",1
"WASL>LYL1,+",1
"RBP5>LYL1,+",1
"ATL3>LYL1,-",1
"SNF8>LYL1,+",1
"CTSS>BAZ2A,+",1
"G3BP1>BAZ2A,+",1
"WARS>FZD4,+",1
"NAP1L4>TM4SF18,+",1
"ATL3>TM4SF18,+",1
"KIF1B>EIF2S1,+",1
"ZNF580>ITFG1,+",1
"LSM12>RSF1,+",1
"BIRC6>RSF1,+",1
"RAP1A>GSK3A,+",1
"THSD7A>PMP22,+",1
"MAZ>COPA,+",1
"RUNX1T1>MMP24OS,+",1
"RAP1A>AHNAK2,+",1
"SPCS3>THOC2,+",1
"C1QBP>SURF6,+",1
"PFDN1>SURF6,+",1
"NAA38>SURF6,+",1
"NOB1>TM7SF3,+",1
"CALCOCO2>SNW1,-",1
"MAZ>FBXO9,+",1
"KIF1B>AHNAK2,+",1
"PPP4R2>MRPL32,+",1
"THSD7A>TAP1,-",1
"NAP1L4>EIF3D,+",1
"KIF1B>EIF3D,+",1
"THSD7A>PPP4R2,+",1
"THSD7A>PEBP1,+",1
"HNRNPA1>PEBP1,+",1
"THSD7A>SMC4,+",1
"COPA>REV1,+",1
"GATAD2B>AHNAK2,-",1
"PDE4D>REV1,+",1
"KIF1B>CCT2,+",1
"ZNF580>CCT2,+",1
"GATAD2B>PPP2R1A,+",1
"MMP24OS>PPP2R1A,+",1
"CALM3>PPP2R1A,+",1
"NAP1L4>SEPT9,+",1
"PPP3CA>HDGFL3,+",1
"ROCK1>TM4SF18,+",1
"PREX2>SENP6,+",1
"AR>EZH1,+",1
"PFDN1>NR1D2,+",1
"C1QBP>ADAR,+",1
"PPP4R2>ADAR,+",1
"COPA>GBP2,+",1
"SPCS3>SENP6,+",1
"CAP1>SENP6,+",1
"TAPBP>THSD7A,+",1
"TAPBP>NTHL1,+",1
"NOB1>NTHL1,+",1
"CALM3>CTSS,+",1
"ARF5>MOCS2,-",1
"PPP4R2>CWC15,+",1
"SENP6>WARS,+",1
"SUGP2>ABHD14B,-",1
"NFE2L1>OTUD6B-AS1,-",1
"EGLN1>TMA7,+",1
"CDC42EP3>APOL6,+",1
"NAA38>TMA7,+",1
"NOB1>EPRS,+",1
"ROCK1>EPRS,+",1
"PFDN1>HEBP1,+",1
"C1QBP>PFDN1,+",1
"EPRS>PREX2,+",1
"G3BP1>APOL6,+",1
"ADAR>PMP22,+",1
"CWC15>GPATCH8,-",1
"NOB1>GPATCH8,+",1
"HNRNPA1>GPATCH8,+",1
"EGLN1>PRKCH,+",1
"CALM3>GOSR1,+",1
"TBCB>PMP22,+",1
"WASL>KPNA4,+",1
"SPPL2A>KPNA4,+",1
"MIER1>KPNA4,+",1
"BAZ2A>CTDNEP1,-",1
"TAOK3>EIF3M,+",1
"C9orf78>CFI,+",1
"S1PR1>CANX,+",1
"NF1>PABPN1,+",1
"BAZ2A>PABPN1,+",1
"GADD45GIP1>PABPN1,+",1
"NEMF>CTDNEP1,+",1
"DDX24>POGZ,+",1
"CALM3>CTDNEP1,+",1
"SPCS3>CTDNEP1,-",1
"CAMTA1>LDHB,+",1
"WAC>TMEM43,+",1
"AR>TMEM43,-",1
"DDX24>TMEM43,-",1
"BAZ2A>POGZ,+",1
"C8orf59>POGZ,-",1
"LPAR6>SETD2,+",1
"WAC>RASSF9,+",1
"LRRC8C>PPP4R2,+",1
"VPS13A>EMC4,-",1
"SMIM14>EMC4,-",1
"HIPK2>MRPL32,+",1
"C8orf59>RAI14,+",1
"NEMF>RASSF9,+",1
"GSK3A>RASSF9,+",1
"ZBTB38>PCYOX1,+",1
"HNRNPA3>TPST2,+",1
"SPCS3>TPST2,+",1
"HLA-DQA1>TPST2,+",1
"GSK3A>TFDP2,+",1
"TNFRSF14>TFDP2,+",1
"KDELR1>PCYOX1,+",1
"TMEM43>SETD2,+",1
"GADD45GIP1>SETD2,+",1
"ROBO1>NOB1,+",1
"SPCS3>PIM3,+",1
"ARF5>NAP1L4,+",1
"ZBTB38>C9orf78,+",1
"ADAR>C9orf78,+",1
"WAC>RAB14,+",1
"NEMF>PIM3,+",1
"EPHX1>PIM3,+",1
"BAZ2A>CALM3,+",1
"BAZ2A>PHB,+",1
"TIAL1>BAZ2A,+",1
"PPP4R2>BAZ2A,+",1
"HLA-DQA1>BAZ2A,+",1
"PPP4R2>USP7,+",1
"HLA-DQA1>USP7,+",1
"GSK3A>USP7,+",1
"KDELR1>NAP1L4,+",1
"C8orf59>PHB,+",1
"ZBTB38>TAOK3,+",1
"GADD45GIP1>EIF3J,+",1
"NF1>LCORL,+",1
"HLA-DQA1>LCORL,+",1
"KDELR1>CAMTA1,+",1
"NF1>ATP5MF,+",1
"PPP4R2>PDCD7,+",1
"WAC>EIF3J,+",1
"KDELR1>PHKB,+",1
"KDELR1>PHB,+",1
"LPAR6>BNIP2,+",1
"NET1>GPM6A,+",1
"SPCS3>GPM6A,+",1
"RPS17>CAND1,+",1
"BAZ2A>BIRC2,+",1
"TNFRSF14>BIRC2,+",1
"THOC2>PPP4R2,+",1
"CTSS>NOB1,+",1
"NF1>LRRC8C,+",1
"CTSS>RSF1,+",1
"THOC2>KIDINS220,+",1
"WASL>G3BP1,+",1
"LEPR>G3BP1,+",1
"OGT>ALG13,+",1
"CFI>FBXO7,+",1
"EIF2S1>ROBO1,-",1
"TIAL1>RSF1,+",1
"ATL3>SLTM,+",1
"SMARCE1>RSF1,+",1
"CTSS>VGLL4,+",1
"OGT>CTSS,+",1
"WASL>NMT1,+",1
"SPPL2A>NMT1,+",1
"RBP5>MIR99AHG,+",1
"G3BP1>NACC2,+",1
"MIER1>SLTM,+",1
"ROBO1>MIER1,+",1
"KPNA4>SELE,+",1
"CFI>TMEM109,+",1
"OGT>ATP5MF,+",1
"MIER1>ATP5MF,+",1
"SMARCE1>ATP5MF,+",1
"SNF8>NFIL3,+",1
"SMIM10>NFIL3,+",1
"RBP5>SELE,+",1
"CTSS>THOC2,+",1
"VGLL4>SPPL2A,+",1
"NUCB1>DENR,+",1
"SMIM14>DENR,+",1
"PLCB4>DENR,-",1
"LRRC8C>SARAF,+",1
"CTSS>ITFG1,+",1
"SMIM14>MIR99AHG,-",1
"CTBS>MIER1,+",1
"MIER1>NAP1L4,+",1
"NAA38>CFI,+",1
"LRRC8C>FOXC1,+",1
"PLCB4>FOXC1,+",1
"LRRC8C>CSDE1,+",1
"ATL3>MPRIP,+",1
"MIER1>SMARCE1,+",1
"OGT>POGZ,+",1
"CTSS>VPS13A,+",1
"DENR>FNBP1L,+",1
"SMIM14>NFE2L1,+",1
"DENR>ADAR,+",1
"SPPL2A>MRPL32,-",1
"DENR>NAP1L4,+",1
"THOC2>NAP1L4,+",1
"PIK3C2A>NAP1L4,+",1
"PLCB4>FNBP1L,+",1
"MPRIP>WASL,+",1
"CTSS>NAA38,-",1
"LRRC8C>RPS17,+",1
"DENR>PKM,+",1
"MIER1>PKM,+",1
"PPP4R2>KRIT1,+",1
"DENR>COPA,+",1
"HNRNPA1>COPA,+",1
"FNBP1>COPA,+",1
"CTSS>NAP1L1,+",1
"SEPT9>WASL,+",1
"RBP5>NAP1L1,+",1
"LRRC8C>NAP1L1,+",1
"KIDINS220>NF1,+",1
"SMIM14>NF1,-",1
"SNF8>NF1,-",1
"LRRC8C>NF1,+",1
"RAB2A>COMT,-",1
"EIF3J>AHNAK2,+",1
"PPP4R2>ABHD14B,+",1
"RAP1A>POLR2J,+",1
"HEBP1>POLR2K,+",1
"PDE2A>POLR2K,+",1
"ATP6V0B>ADCY4,+",1
"NOTCH1>AR,-",1
"TFDP2>AR,+",1
"NDUFAF3>RPL17,+",1
"SELE>RPL17,+",1
"HEBP2>PINK1,+",1
"THSD7A>SCARB2,+",1
"RTRAF>TCEAL4,+",1
"SELE>TCEAL4,+",1
"POLR2K>MRPL43,+",1
"EIF3J>TCEA1,+",1
"CLIC2>MRPL32,+",1
"CWC15>MRPL32,+",1
"SMARCE1>CCT7,+",1
"CCT7>LSM5,+",1
"CAMTA1>ROBO1,+",1
"SMDT1>G3BP1,+",1
"PEBP1>LAMTOR4,+",1
"ATL3>EIF3J,-",1
"SELE>EIF3J,+",1
"AR>SHPRH,+",1
"MALL>G3BP1,-",1
"ODF2L>G3BP1,+",1
"ADCY4>MPRIP,+",1
"MALL>KRIT1,+",1
"TFDP2>MPRIP,+",1
"KDELR1>MPRIP,-",1
"SMAD1>MPRIP,+",1
"ATL3>LSM12,+",1
"MORF4L2>LCORL,+",1
"NAP1L4>KRIT1,+",1
"FYTTD1>POLR2J,+",1
"PPP4R2>POLR2J,+",1
"CAMTA1>CTBS,+",1
"THSD7A>THBD,+",1
"GPM6A>EIF3J,+",1
"ATP5MF>NAXE,+",1
"KCTD12>CDKN1A,+",1
"PSMA1>CDKN1A,+",1
"MRPL32>PSMD11,+",1
"ATP6V0B>FYTTD1,+",1
"RTRAF>PTPRG,+",1
"SELE>KCTD12,+",1
"MRPL32>KANK3,+",1
"ELK4>DENR,+",1
"SCARB2>PSMD13,-",1
"HEBP2>PSMD13,+",1
"SCARB2>SEPT9,+",1
"PROCR>SEPT9,+",1
"CALM3>GPM6A,+",1
"NMT1>EIF3J,-",1
"HEBP2>MAP3K2,+",1
"RAP1A>MAP3K2,+",1
"NDUFAF3>FOXC1,+",1
"CLIC2>RUNDC3B,+",1
"PFDN1>RUNDC3B,+",1
"TMEM259>RUNDC3B,+",1
"PROCR>RUNDC3B,-",1
"PPP4R2>RUNDC3B,+",1
"POLR2K>FOXC1,+",1
"CALM3>FOXC1,+",1
"TIAL1>TMEM109,+",1
"FYTTD1>ATP6V0B,+",1
"SCARB2>ATP6V0B,+",1
"TIAL1>IFI44L,+",1
"GPM6A>IFI44L,+",1
"MMP24OS>HEBP2,+",1
"SCARB2>PTEN,+",1
"DEK>RAB2A,+",1
"MORF4L2>PBX2,-",1
"AMD1>SEPT9,+",1
"CWC15>HEBP1,+",1
"RRBP1>ADAMTSL1,+",1
"INPP1>ADAMTSL1,+",1
"HEBP1>DPM3,+",1
"INPP1>DPM3,+",1
"MALL>SRM,+",1
"SMC4>SRM,-",1
"MORF4L2>SRM,+",1
"MALL>DNAJC8,+",1
"SELE>DNAJC8,+",1
"MRPL43>POLR2I,+",1
"CCT7>POLR2I,+",1
"ATL3>ARPC5L,+",1
"ATP6V0B>ARPC5L,+",1
"NAP1L4>NOTCH1,+",1
"AR>NOTCH1,-",1
"TFDP2>ATL3,+",1
"G3BP1>ATL3,+",1
"CAMTA1>ATL3,+",1
"CCT7>MIR99AHG,-",1
"LCORL>TMX3,+",1
"MLH3>TMX3,+",1
"PKM>FBXO7,+",1
"ATL3>PPP2R1A,+",1
"SUN2>PPP2R1A,+",1
"ROBO1>GOSR1,+",1
"ATL3>RSF1,+",1
"MPRIP>SMARCE1,+",1
"SMC4>CUTA,+",1
"LCORL>MRPS10,+",1
"FBXO7>MRPS10,+",1
"LEPR>TFDP2,+",1
"DEK>SMARCE1,+",1
"HEBP1>SMARCE1,+",1
"GNAQ>HEBP1,+",1
"MPRIP>HEBP1,+",1
"CTBS>PBX2,+",1
"NOTCH1>KLF4,+",1
"PEBP1>GOLGA8A,+",1
"INPP1>GOLGA8A,+",1
"GNAQ>GOLGA8A,+",1
"SMARCE1>GOLGA8A,+",1
"HEBP1>GOLGA8A,+",1
"GGT5>GOLGA8A,+",1
"ATL3>C1orf115,+",1
"LYL1>PNKD,+",1
"ARPC5L>BRD7,+",1
"TFDP2>BRD7,-",1
"KDELR1>TAX1BP3,+",1
"PKM>TPST2,+",1
"AR>ADSS,+",1
"TFDP2>SMC4,-",1
"ROBO1>PEBP1,-",1
"CARHSP1>SELE,+",1
"GGT5>MLH3,+",1
"SELE>MLH3,+",1
"LYL1>PPIP5K2,+",1
"PKM>CAMTA1,+",1
"CTBS>ATP6AP2,+",1
"HEBP1>NMT1,+",1
"HLA-DQA1>RPS17,+",1
"SMDT1>MRPL43,+",1
"ATL3>PPIP5K2,+",1
"SMDT1>PPIP5K2,-",1
"CARHSP1>MLH3,+",1
"INPP1>PPIP5K2,+",1
"SELE>SUN2,+",1
"GANAB>SUN2,+",1
"KRIT1>SUN2,+",1
"PPIP5K2>SMDT1,-",1
"MALL>MLH3,+",1
"NDUFAF3>CWC15,+",1
"GPM6A>ATP6AP2,+",1
"NDUFAF3>ATP6AP2,+",1
"HLA-DQB1>HLA-DQA2,+",1
"TFDP2>SF3B2,+",1
"SF3B2>SMC4,-",1
"CWC15>SPATA13,-",1
"DENR>SPATA13,-",1
"AMD1>SPATA13,+",1
"MAPK3>TFDP2,+",1
"POLR2I>TFDP2,+",1
"MAFF>CTSS,+",1
"KNOP1>CTSS,+",1
"AR>UBL3,-",1
"HLA-DQA2>HLA-DQB1,+",1
"KNOP1>EIF2S1,+",1
"TMEM109>KPNA4,+",1
"CTBS>KPNA4,+",1
"MAZ>GABARAPL1,-",1
"MRPL43>SF3B2,+",1
"POLR2K>GPATCH2L,+",1
"AMD1>GPATCH2L,+",1
"TFDP2>MAPK3,+",1
"NAP1L4>CALM3,+",1
"POLR2I>MGLL,+",1
"AMD1>TMEM109,+",1
"ITM2A>SEC63,+",1
"HLA-DQB1>AMD1,+",1
"MIR99AHG>AMD1,+",1
"TMEM109>ADNP,+",1
"GNAQ>GNAI3,+",1
"HNRNPUL1>ADNP,+",1
"TIAL1>ADNP,+",1
"AHCTF1>SHPRH,-",1
"CTBS>PPP1CC,+",1
"AR>PPP1CC,-",1
"TIAL1>PPP1CC,+",1
"MAFF>ZBTB4,-",1
"HLA-DQA2>IFI44L,+",1
"MRPL32>CDK2AP2,+",1
"CTBS>ITM2A,-",1
"TFDP2>AHNAK2,+",1
"C8orf59>AHNAK2,+",1
"MRPL43>PCYOX1,+",1
"KNOP1>PCYOX1,+",1
"AHCTF1>HLA-DQA1,-",1
"TFDP2>REV1,+",1
"CWC15>REV1,+",1
"C8orf59>CALCOCO2,+",1
"TMEM109>M6PR,+",1
"ITFG1>M6PR,+",1
"AR>PTK2B,+",1
"ADNP>PTK2B,+",1
"MAZ>PTK2B,+",1
"TFDP2>C8orf59,+",1
"TMEM109>SUN2,+",1
"EPC1>AHNAK2,+",1
"TFDP2>PPP1R13B,+",1
"ITM2A>YTHDF3,+",1
"TFDP2>CTBS,+",1
"AR>MIR99AHG,+",1
"HLA-DQA2>CWC15,+",1
"TFDP2>CWC15,+",1
"SF3B2>ROBO1,-",1
"HLA-DQA2>ROBO1,+",1
"MRPL43>NFIL3,+",1
"MAFF>CTBS,-",1
"ITFG1>SUN1,-",1
"TMEM109>CTBS,+",1
"TRIM38>POLR2K,-",1
"LAPTM4B>POLR2K,-",1
"ITM2A>MAP3K2,-",1
"AR>REX1BD,-",1
"IFI44L>SUN1,+",1
"TIAL1>VDAC3,-",1
"CTBS>VDAC3,-",1
"C8orf59>VDAC3,+",1
"TRIM38>RNF213,+",1
"POLR2K>PHC2,+",1
"MIR99AHG>MRPS10,+",1
"FYTTD1>FZD4,+",1
"DPM3>FZD4,+",1
"HEBP2>FZD4,+",1
"GPM6A>VGLL4,+",1
"GPM6A>MIEN1,+",1
"CDKN1A>DPM3,+",1
"GPM6A>POLR2K,-",1
"MRPL32>THSD7A,+",1
"NMT1>TMEM259,+",1
"ADNP>TMEM259,+",1
"DPM3>LAPTM4B,+",1
"POLR2K>MMP24OS,+",1
"PROCR>ATP5MF,+",1
"PTMS>PPIA,+",1
"NUCB1>NDUFAF3,+",1
"NDUFAF3>NMT1,-",1
"PROCR>ARFGAP3,+",1
"SCARB2>CDK2AP2,+",1
"NMT1>TIAL1,+",1
"NUCB1>TIAL1,+",1
"NUCB1>LPAR6,+",1
"ATP5MF>ADNP,-",1
"POLR2K>ARFGAP3,+",1
"LAPTM4B>ARHGEF12,+",1
"NMT1>CFI,+",1
"NMT1>CALM3,+",1
"FOXC1>CALM3,+",1
"PROCR>CALM3,+",1
"ATP5MF>PROCR,+",1
"MRPS10>MIR99AHG,+",1
"NDUFAF3>MIR99AHG,+",1
"NDUFAF3>ADAR,+",1
"SCARB2>EIF2S1,+",1
"NMT1>PPP4R2,+",1
"AHCTF1>GHITM,-",1
"MAFF>ADAR,-",1
"CWC15>KNOP1,+",1
"MAZ>KNOP1,+",1
"AHCTF1>AKR1A1,-",1
"ADNP>POLR2I,+",1
"ITFG1>HNRNPUL1,-",1
"AR>PKN2,-",1
"PTK2B>LYRM2,+",1
"ARFGAP3>PKN2,+",1
"TRIM38>MAP3K8,+",1
"ITM2A>MAP3K8,-",1
"C8orf59>PDCD7,+",1
"MAFF>EPC1,+",1
"MIR99AHG>EPC1,+",1
"TRIM38>LYRM2,-",1
"TIAL1>LYRM2,-",1
"FYTTD1>ROBO1,+",1
"MAZ>MAFF,+",1
"NDUFAF3>AR,+",1
"HLA-DQB1>OGT,+",1
"CWC15>AHCTF1,-",1
"MAFF>AHCTF1,+",1
"HLA-DQA2>AHCTF1,-",1
"IFI44L>AHCTF1,+",1
"AR>UPF3A,-",1
"DENR>LYRM2,+",1
"TMEM109>UPF3A,+",1
"NAP1L4>PPP4R2,+",1
"HLA-DQB1>PPP4R2,+",1
"AMD1>PPP4R2,-",1
"TMEM109>PPP4R2,+",1
"HLA-DQA2>EIF3J,+",1
"ODF2L>GANAB,+",1
"SUN2>GANAB,+",1
"INPP1>ATN1,+",1
"NECAP2>NAP1L4,+",1
"MMP24OS>MRPL32,+",1
"HNRNPUL1>MRPL32,+",1
"POGZ>PDCD7,+",1
"ANKRD17>BRD7,+",1
"ABI3>BRD7,+",1
"APH1A>BRD7,+",1
"NDUFB11>ANP32B,+",1
"KIDINS220>ANP32B,+",1
"MRPL32>TAP1,+",1
"APH1A>TAP1,+",1
"CWC15>EPS15,+",1
"RTN3>IL1R1,+",1
"UGGT1>NDUFB11,+",1
"NCOA4>NDUFB11,+",1
"ARL1>NDUFB11,+",1
"POGZ>ERCC1,+",1
"KIDINS220>MIEN1,+",1
"POGZ>SSH1,+",1
"POGZ>YLPM1,+",1
"SMARCE1>ZKSCAN1,+",1
"UGCG>ZKSCAN1,+",1
"IPO7>PSMA1,+",1
"VPS53>PSMA1,+",1
"PXN>YLPM1,+",1
"TCF12>YLPM1,+",1
"MMP24OS>CTBS,+",1
"RTN3>COPA,+",1
"UGCG>CTBS,+",1
"KNOP1>SHANK3,+",1
"APH1A>MLH3,-",1
"UGGT1>MLH3,+",1
"CWC15>SSRP1,+",1
"VPS53>RB1,+",1
"CDK4>KNOP1,+",1
"MIEN1>NAP1L4,+",1
"PPP4R2>MPRIP,+",1
"MRPL32>HNRNPUL1,+",1
"SLFN5>SSFA2,+",1
"AKR1A1>TMEM109,+",1
"RAC1>TMEM109,+",1
"MET>SEPT9,+",1
"CFI>MRPL34,+",1
"SLFN5>PRRC2C,+",1
"CTBS>FRA10AC1,+",1
"AKR1A1>SCARB2,+",1
"SEPT9>SCARB2,+",1
"CFI>ANKRD17,+",1
"HSPD1>ANKRD17,+",1
"PTPRG>CRYBG3,+",1
"CTBS>GBP2,+",1
"TOP1>PPHLN1,+",1
"EPS15>PHIP,-",1
"HSPD1>COMT,+",1
"SEPT9>TMEM259,+",1
"TOP1>TMEM259,+",1
"EIF3J>ZMYND11,+",1
"MRPL32>REV1,-",1
"ANKRD17>SMC4,+",1
"RTN3>SMC4,+",1
"AR>SMC4,+",1
"CWC15>AR,+",1
"GNAQ>ZMYND11,+",1
"PPP4R2>REV1,+",1
"OTUD6B-AS1>BIRC2,+",1
"SLFN5>CANX,+",1
"SLFN5>ATP5ME,+",1
"OTUD6B-AS1>DENR,+",1
"CTBS>DENR,+",1
"AR>NF1,+",1
"PPP4R2>NF1,+",1
"KNOP1>CDK4,+",1
"CDK4>TIAL1,+",1
"NCOA4>EIF2S1,+",1
"SMC4>NDUFS6,+",1
"KIDINS220>PNKD,-",1
"VPS53>MATN2,+",1
"CDK4>MATN2,-",1
"CWC15>MMP24OS,+",1
"VPS53>PXN,+",1
"HNRNPUL1>ARL1,+",1
"CDK4>ARL1,+",1
"SPTLC2>ERCC6L2,+",1
"IPO7>ERCC6L2,+",1
"KNOP1>LYN,+",1
"PXN>LYN,+",1
"TAP1>LYN,+",1
"CDK4>SPOP,+",1
"PXN>SPOP,+",1
"MMP24OS>STK25,+",1
"CWC15>PNKD,+",1
"KNOP1>SVIP,+",1
"ZEB1>SYNGR2,+",1
"KIDINS220>WASF2,+",1
"ABI3>OLFM1,+",1
"SSH1>TCF12,+",1
"NECAP2>ELK4,+",1
"UGGT1>ELK4,+",1
"ANKRD17>ELK4,+",1
"UGGT1>LUC7L2,+",1
"BRD7>TCP1,+",1
"SLC29A1>LAPTM4B,+",1
"UGCG>TCP1,+",1
"KNOP1>MT-ND6,+",1
"COPA>SMARCE1,+",1
"IPO7>SMARCE1,+",1
"PXN>SMARCE1,+",1
"HNRNPUL1>SMARCE1,+",1
"IL1R1>CXorf36,+",1
"MIEN1>RHOU,+",1
"ABI3>NECAP2,+",1
"IPO7>POGZ,+",1
"SPTLC2>CEP57,+",1
"MMP24OS>SRPK2,-",1
"ARL1>HADHA,+",1
"KNOP1>POGZ,+",1
"ZEB1>POGZ,+",1
"MRPL32>POGZ,+",1
"RNF125>APH1A,+",1
"HNRNPUL1>EGLN1,+",1
"CDK4>APH1A,+",1
"SPTLC2>APH1A,+",1
"TCF12>APH1A,-",1
"POGZ>RTN3,+",1
"SLC29A1>RTN3,+",1
"MRPL32>RTN3,+",1
"ERCC1>CEP57,-",1
"NECAP2>ABI3,+",1
"CWC15>NECAP2,+",1
"POGZ>RNF125,-",1
"KNOP1>SLC29A1,+",1
"MIEN1>SLC29A1,+",1
"NCOA4>SLC29A1,+",1
"TCF12>RAB2A,+",1
"ZKSCAN1>UGGT1,+",1
"SSH1>RAI14,+",1
"ODF2L>TTC3,+",1
"MIEN1>BEX4,+",1
"ZEB1>GANAB,+",1
"ZEB1>ROBO1,+",1
"SLC29A1>ROBO1,+",1
"MIEN1>ROBO1,+",1
"SPTLC2>GBP4,+",1
"IPO7>EPRS,+",1
"EPS15>TFDP2,+",1
"SCARB2>NAP1L4,+",1
"PKM>WDR33,+",1
"S1PR1>STX12,-",1
"ZSCAN18>C9orf78,+",1
"MPRIP>NDUFB4,-",1
"JAG1>RTF2,+",1
"GNAI3>RTF2,+",1
"REV1>PEBP1,+",1
"ARHGEF12>ROBO1,+",1
"PSENEN>FZD4,-",1
"MMP24OS>TBCB,+",1
"WAC>ETFB,+",1
"C9orf78>ETFB,+",1
"ZSCAN18>CALM3,+",1
"KLHDC2>CALM3,+",1
"NDUFB4>CTBS,-",1
"S1PR1>CTBS,-",1
"JAG1>CTBS,+",1
"ITFG1>RPS17,+",1
"WAC>THRAP3,+",1
"HNRNPUL1>TM9SF2,+",1
"S1PR1>BIRC2,-",1
"SLTM>ADAR,-",1
"ARHGEF12>SLTM,+",1
"WAC>SLTM,+",1
"PPP4R2>SLTM,-",1
"SMAD1>SLTM,+",1
"NUCB1>UGCG,+",1
"SLTM>WAC,+",1
"GADD45GIP1>PLA2G16,+",1
"SMAD1>PHIP,+",1
"CFI>PHIP,+",1
"PPP4R2>PHIP,+",1
"GNAI3>ERCC6L2,-",1
"KLHDC2>ERCC6L2,-",1
"NDUFS7>AASDHPPT,+",1
"EIF2S1>MPRIP,-",1
"ITFG1>STX12,+",1
"CTBS>NAP1L4,+",1
"B4GALT1>STX12,+",1
"TMX3>CNTLN,+",1
"ATL3>CNTLN,+",1
"PKM>OTUB1,-",1
"MORF4L2>OTUB1,+",1
"ODF2L>INPP1,+",1
"CCT7>INPP1,+",1
"SELE>GGT5,+",1
"CCT7>GGT5,-",1
"TFDP2>PLA2G16,+",1
"CAMTA1>ATP11A,+",1
"MIR99AHG>ATP11A,+",1
"ODF2L>RBMS3,+",1
"MALL>ITFG1,+",1
"LEPR>ITFG1,+",1
"SMAD1>ITFG1,+",1
"ADCY4>RHOU,+",1
"PPIP5K2>RHOU,+",1
"MORF4L2>RHOU,+",1
"GNAI3>KRIT1,-",1
"WAC>COPA,+",1
"NDUFB4>TMEM259,+",1
"SMAD1>NAA38,+",1
"SLTM>KRIT1,+",1
"ERCC6L2>KRIT1,-",1
"NDUFB4>KRIT1,+",1
"SUN2>KRIT1,+",1
"ITFG1>MMP24OS,+",1
"UBA6>HNRNPUL1,+",1
"SMAD1>HNRNPUL1,+",1
"WAC>PSMD11,+",1
"SLTM>PSMD11,+",1
"BIRC2>NAP1L4,+",1
"UBA6>MMP24OS,+",1
"EIF2S1>CNTLN,+",1
"NAA38>SPPL2A,+",1
"SMARCE1>SPPL2A,+",1
"S1PR1>REV1,+",1
"CTBS>JAG1,+",1
"AKR1A1>TCP1,-",1
"PPP4R2>CALM3,+",1
"PTPRB>OGT,+",1
"PON2>GPM6A,+",1
"EPS15>PON2,+",1
"ITFG1>BEX4,+",1
"ZNF207>CFI,+",1
"RAC1>DICER1,+",1
"AKR1A1>DICER1,+",1
"TOP1>PDCD7,+",1
"EIF3J>PDCD7,+",1
"MET>ITFG1,+",1
"NOB1>ATP6AP2,+",1
"MET>ATP6AP2,+",1
"MET>TRIM38,+",1
"XRN1>TRIM38,+",1
"TOP1>NMT1,+",1
"DICER1>GSPT1,+",1
"GNAQ>SCARF1,+",1
"CRYBG3>ARPC5L,+",1
"PPP4R2>ARPC5L,+",1
"ROBO1>ATP11A,+",1
"NMT1>FGD4,+",1
"ADNP>MET,+",1
"ANKRD17>HSPD1,+",1
"TFDP2>MRPL32,-",1
"DENR>HSPD1,+",1
"CFI>GTF2I,+",1
"TMEM109>AKR1A1,+",1
"DICER1>AKR1A1,+",1
"MET>AKR1A1,+",1
"SCARB2>AKR1A1,+",1
"DICER1>ATL3,+",1
"CFI>ZNF207,+",1
"SLFN5>ZNF207,+",1
"NDUFB4>UBA6,+",1
"JAG1>RB1,+",1
"UBA6>RB1,+",1
"TFDP2>RB1,+",1
"SLTM>LAPTM4B,+",1
"MMP24OS>UBA6,+",1
"ZSCAN18>UBA6,-",1
"NAA38>SMAD1,+",1
"NDUFB4>GHITM,+",1
"CFI>SMAD1,+",1
"NAA38>TMEM173,+",1
"NUCB1>PROCR,+",1
"ERCC6L2>KLHDC2,-",1
"MMP24OS>REV1,+",1
"SMAD1>REV1,+",1
"WAC>RB1,+",1
"C9orf78>ZSCAN18,+",1
"AKR1A1>ROBO1,+",1
"WAC>GNAI3,+",1
"EPS15>ROBO1,+",1
"EIF2S1>COPA,+",1
"MET>COPA,+",1
"CCT7>NDUFB7,+",1
"RPS17>SURF6,+",1
"CFI>SURF6,+",1
"ERCC6L2>GNAI3,-",1
"WAC>NMT1,+",1
"NDUFB4>B4GALT1,-",1
"SSU72>B4GALT1,+",1
"ARHGEF12>B4GALT1,+",1
"CFI>FGD4,+",1
"ARHGEF12>PFDN1,+",1
"UBA6>PSENEN,+",1
"POLR2K>SUN2,+",1
"KNOP1>MPRIP,+",1
"ERCC6L2>GPM6A,+",1
"CAST>AHCTF1,+",1
"CFI>PLCB4,+",1
"HMGN2>PLCB4,+",1
"SMAD1>MTCH1,+",1
"EPS15>SENP6,+",1
"ZMYND11>SENP6,+",1
"ATL3>SENP6,+",1
"SMURF2>SENP6,+",1
"PCYOX1>PDE4D,+",1
"ZMYND11>RCAN1,+",1
"MRPS26>RCAN1,+",1
"PPP4R2>RCAN1,+",1
"LIMA1>HMGN2,+",1
"EPS15>PALM,+",1
"RAB2A>PALM,+",1
"ZDHHC2>PALM,-",1
"SMURF2>FXYD6,-",1
"HMGN2>FXYD6,+",1
"EPS15>FBXO7,-",1
"FBXO3>AR,+",1
"ATP6AP2>NTPCR,+",1
"AKR1A1>PPP4R2,+",1
"SNW1>ARHGEF12,+",1
"CFI>CALM3,+",1
"NMT1>FBXO3,+",1
"CALM3>ROBO1,+",1
"ARHGEF15>AR,+",1
"SET>DNAJC8,+",1
"CFI>UBE2L3,+",1
"EPS15>MRPL32,+",1
"RAB2A>MRPL32,+",1
"PRDX6>SMAD1,+",1
"ASS1>SMAD1,-",1
"FOXC1>SELE,+",1
"CFI>AHCTF1,+",1
"EPS15>AHCTF1,+",1
"ATP6AP2>OTUD6B-AS1,+",1
"RAB14>AHCTF1,+",1
"ATL3>ATP5F1A,-",1
"ZMYND11>ATP5F1A,+",1
"AR>ATP5F1A,-",1
"RAB14>IARS2,+",1
"AHNAK2>CAST,+",1
"PALM>ZDHHC2,-",1
"FBXO7>ZDHHC2,+",1
"AR>ZDHHC2,+",1
"TMEM123>ZDHHC2,+",1
"FBXO7>TMEM259,+",1
"LIMA1>AKR1A1,+",1
"EIF2S1>AKR1A1,+",1
"SMURF2>AKR1A1,+",1
"SMAD1>AKR1A1,+",1
"ATL3>ZMYND11,+",1
"SMAD1>ATP6AP2,+",1
"LIMA1>ATP6AP2,+",1
"BRD7>ATP6AP2,+",1
"RAB14>KIF1B,-",1
"IARS2>BNIP2,+",1
"CDK2AP2>NMT1,-",1
"PCYOX1>DENR,+",1
"LAPTM4B>ZNF644,-",1
"EPS15>ZNF644,+",1
"SMDT1>KIF1B,+",1
"ATL3>WARS,+",1
"ATL3>CLDND1,+",1
"MRPS26>TMX2,+",1
"AHNAK2>PCYOX1,+",1
"PALM>PCYOX1,+",1
"FOXC1>PCYOX1,+",1
"ATP6AP2>BRD7,+",1
"SMAD1>PRDX6,+",1
"TIAM1>NTPCR,+",1
"ADAM15>G3BP1,+",1
"LAPTM4B>MPRIP,+",1
"LPAR6>HLA-DMA,+",1
"CLTA>MRPL32,+",1
"EIF3M>PEBP1,+",1
"NEMF>RAP1A,+",1
"EIF3M>HLA-DQA1,+",1
"CALM3>SENP6,+",1
"NEMF>SENP6,+",1
"LPAR6>SPPL2A,+",1
"NTPCR>SPPL2A,+",1
"RAP1A>NEMF,+",1
"GGT5>ERCC6L2,+",1
"GGT5>STMN1,-",1
"KANK3>STMN1,-",1
"COMT>STMN1,+",1
"CFI>TROVE2,+",1
"TIAM1>ITFG1,+",1
"ERCC6L2>GGT5,+",1
"AKR1A1>GGT5,-",1
"TROVE2>GGT5,+",1
"DEK>NMT1,+",1
"ATP6AP2>EIF3D,+",1
"COMT>EIF3D,+",1
"STMN1>COX17,+",1
"AKR1A1>COX17,+",1
"GAS6>GIMAP4,+",1
"ARHGEF15>FNBP1,+",1
"EIF3M>NMT1,+",1
"C1R>TAOK3,-",1
"ARHGEF15>NMT1,+",1
"CALM3>RPS17,+",1
"PSMC4>RPS17,+",1
"FNBP1>C9orf78,+",1
"PSMC4>C9orf78,+",1
"EIF3M>TAOK3,+",1
"ADAR>TIAM1,+",1
"ARHGEF15>DPM3,+",1
"COPA>G3BP1,+",1
"NAA38>DPM3,+",1
"EIF3M>COX6B1,+",1
"PPP4R2>DESI2,+",1
"ADAM15>DESI2,+",1
"EIF3M>C1R,+",1
"AR>TCEAL3,+",1
"C1R>LAPTM4B,+",1
"EIF3M>SUN2,+",1
"AKR1A1>SUN2,+",1
"ERCC6L2>COPA,+",1
"AKR1A1>NAA38,+",1
"NEMF>LSM8,+",1
"ADAM15>LSM8,+",1
"EIF3M>LSM8,+",1
"TMEM259>LSM8,+",1
"AR>LSM8,+",1
"C1R>COX6B1,+",1
"HLA-DQA1>COX6B1,-",1
"ADAM15>KANK3,+",1
"FNBP1>ARHGEF15,+",1
"TMEM259>GOSR1,+",1
"ERCC6L2>GOSR1,+",1
"COMT>GOSR1,+",1
"FBXO3>KNOP1,+",1
"CALM3>LYL1,+",1
"SNW1>LYL1,+",1
"LSM8>TIAL1,-",1
"SNW1>CFI,+",1
"ADAM15>TIAL1,+",1
"ARHGEF15>PSMC4,+",1
"AKR1A1>CLTA,+",1
"FBXO3>CLTA,-",1
"ROBO1>COMT,+",1
"EIF2S1>DENR,+",1
"SMURF2>ZMYND11,+",1
"DENR>EPS15,+",1
"LAPTM4B>EPS15,+",1
"AHNAK2>ARF5,+",1
"LAMP2>AHNAK2,+",1
"EPS15>AHNAK2,+",1
"THSD7A>UBE2B,+",1
"CRYBG3>UBE2B,+",1
"GPATCH2L>MCF2L,+",1
"PDCD7>MCF2L,+",1
"AHNAK2>EPS15,+",1
"LAMP2>IFI44L,+",1
"IFI44L>LAMP2,+",1
"PDCD7>CLEC2B,+",1
"PDHB>CLEC2B,+",1
"PDCD7>SRPK2,+",1
"RAB14>C8orf59,+",1
"MMP24OS>MDFIC,-",1
"THSD7A>MDFIC,+",1
"LRRC8C>GSK3A,+",1
"MMP24OS>GSK3A,+",1
"UBE2B>OGT,+",1
"SETD2>MIER1,+",1
"PDCD7>PDE2A,-",1
"ROBO1>PDE2A,+",1
"THOC2>SMURF2,+",1
"FAR1>SMURF2,+",1
"KIDINS220>GPATCH2L,+",1
"LRRC8C>GPATCH2L,-",1
"THOC2>TIAL1,+",1
"AHNAK2>OGT,+",1
"FAR1>TIAL1,+",1
"FBXO3>THOC2,+",1
"EIF3J>THOC2,+",1
"RAP1A>ABHD5,+",1
"MFSD10>EPRS,+",1
"CHST7>THSD7A,+",1
"KIDINS220>MDFIC,+",1
"UBE2B>ARF5,+",1
"PCYOX1>TIAL1,+",1
"PDHB>ARF5,-",1
"PDHB>FBXO3,+",1
"CRYBG3>DDX24,+",1
"PDHB>PDCD7,+",1
"PURA>COPA,+",1
"AHNAK2>COPA,+",1
"THOC2>MMP24OS,+",1
"THOC2>NFE2L1,+",1
"AR>NFE2L1,+",1
"MFSD10>AR,+",1
"AHNAK2>AR,+",1
"DENR>HEBP1,-",1
"GPATCH8>DHX36,+",1
"SUGP2>LAMTOR4,+",1
"ROBO1>SNRPD1,-",1
"ACTR2>SNRPD1,+",1
"CRYBG3>FBXO3,+",1
"KIDINS220>FBXO3,+",1
"EPS15>SETD2,+",1
"AHNAK2>SEPT9,+",1
"MMP24OS>ZNF580,+",1
"TOR1AIP1>ZNF580,-",1
"PTPRG>ZNF580,+",1
"FAR1>APH1A,-",1
"THSD7A>SENP6,+",1
"FAR1>SENP6,+",1
"EIF3J>ROBO1,+",1
"MFSD10>SETD2,+",1
"PURA>ROBO1,+",1
"KIDINS220>ROBO1,+",1
"SRPK2>ITFG1,-",1
"NFE2L1>EIF2S1,-",1
"PDHB>TMEM259,+",1
"PURA>ATP5MF,+",1
"PROCR>PDE2A,+",1
"THOC2>PDE2A,+",1
"PTPRG>PPP4R2,+",1
"FBXO3>PPP4R2,+",1
"HMGN2>GNAQ,+",1
"FOXC1>SEPT9,+",1
"CFI>SMC4,+",1
"ZMYND11>SMC4,+",1
"FOXC1>VGLL4,+",1
"SURF6>VGLL4,+",1
"HMGN2>VGLL4,+",1
"SMAD1>PPP4R2,+",1
"EIF3J>PDE4D,+",1
"LRRC8C>PDE4D,+",1
"EPS15>CASC4,+",1
"AR>CASC4,-",1
"LTC4S>CASC4,+",1
"NFE2L1>C1GALT1C1,+",1
"EIF3J>C1GALT1C1,+",1
"LIMA1>NAA38,+",1
"PALM>ITFG1,-",1
"AKR1A1>SMDT1,+",1
"HMGN2>MIR99AHG,+",1
"SPPL2A>TIAL1,-",1
"SMURF2>TIAL1,+",1
"ZMYND11>SMURF2,+",1
"ITFG1>LSR,+",1
"CXorf36>RAB2A,+",1
"SMURF2>MIR99AHG,+",1
"ATP6AP2>CCDC68,+",1
"LIMA1>SMDT1,+",1
"FOXC1>CARHSP1,+",1
"SMAD1>SMARCE1,+",1
"RAB14>CDK2AP2,+",1
"AHCTF1>CDK2AP2,-",1
"SMURF2>CDK2AP2,+",1
"EPS15>SMDT1,+",1
"AHNAK2>C1GALT1C1,-",1
"FBXO3>NMT1,+",1
"MRPS26>NMT1,+",1
"TOR1AIP1>MFSD10,+",1
"LTC4S>PROCR,+",1
"CRYBG3>APCDD1,+",1
"AR>APCDD1,-",1
"PDCD7>APCDD1,+",1
"FBXO3>PDHB,+",1
"UBE2B>PDHB,+",1
"UBE2B>MFSD10,-",1
"FAR1>MLF2,+",1
"DDX24>MRPS26,+",1
"PDCD7>MRPS26,+",1
"AHNAK2>MRPS26,+",1
"EIF3J>TOR1AIP1,+",1
"PDHB>TOR1AIP1,-",1
"ATP5MF>CHST7,+",1
"RUNX1T1>DDX27,-",1
"EPS15>MLF2,-",1
"LDB2>EIF3J,+",1
"G3BP1>RUNX1T1,+",1
"THSD7A>LTC4S,+",1
"PURA>POLK,+",1
"MFSD10>RBP5,+",1
"GPATCH2L>GSPT1,+",1
"PDHB>GSPT1,-",1
"FBXO3>RAP1A,+",1
"NFE2L1>NTHL1,+",1
"RAB14>MLF2,+",1
"THSD7A>NTHL1,+",1
"ROBO1>NTHL1,+",1
"SCP2>MAOA,+",1
"GPATCH2L>MAOA,-",1
"MMP24OS>CRYBG3,+",1
"MMP24OS>MLF2,+",1
"CALM3>EIF3D,+",1
"NUCB1>NAP1L4,+",1
"HBP1>PPP4R2,+",1
"PON2>RTN3,+",1
"MAP1LC3B>AHNAK2,+",1
"TMEM127>HCFC1R1,+",1
"G3BP1>HCFC1R1,+",1
"RNF144B>HCFC1R1,+",1
"RNF144B>CDK4,+",1
"ENO1>CDK4,+",1
"UQCRH>ADAR,-",1
"CD74>ADAR,+",1
"MRPS10>PUS7L,+",1
"AHNAK2>PUS7L,+",1
"G3BP1>TIAL1,+",1
"HCFC1R1>TIAL1,+",1
"ADD1>PON2,+",1
"SCARB2>PON2,+",1
"SLC44A1>CLTA,+",1
"MRPS10>ITFG1,+",1
"NAP1L1>ARFGAP3,+",1
"G3BP1>NAA38,+",1
"CRIP2>IFI44L,+",1
"AR>RUNDC3B,+",1
"MRPS10>ANXA5,+",1
"KDM2A>OGT,+",1
"RAB2A>NECAP2,+",1
"RPS17>NECAP2,+",1
"SCARB2>NUCB1,+",1
"PDCD7>IFI44L,+",1
"ADD1>LTBP4,+",1
"RPS17>DNAJC8,+",1
"PDCD7>DNAJC8,+",1
"TIAL1>MAP1LC3B,+",1
"DPYSL2>MAP1LC3B,+",1
"RNF144B>MAP1LC3B,+",1
"DPYSL2>SELENOH,+",1
"ARFGAP3>RTN3,+",1
"KDM2A>HNRNPUL1,+",1
"ERCC6L2>SETD2,+",1
"SCARB2>AR,+",1
"OTUB1>SHISA5,-",1
"DNMT1>ADAMTS1,+",1
"TRIB2>ADAMTS1,-",1
"FNBP1L>ADAMTS1,-",1
"ERCC6L2>ADAMTS1,+",1
"PFDN1>ADAMTS1,+",1
"XRN1>COPA,+",1
"ERCC6L2>PICALM,+",1
"SET>ROBO1,+",1
"CLIC2>ROBO1,+",1
"CFI>ROBO1,+",1
"PDE4D>ROBO1,+",1
"MRPS26>DNAJC8,-",1
"MMP24OS>SETD2,+",1
"DNMT1>SETD2,+",1
"OCIAD2>SNW1,+",1
"DENR>CAPZB,+",1
"NDUFS6>CAPZB,+",1
"SET>OCIAD2,+",1
"LAPTM4B>TIAL1,+",1
"LSM12>TIAL1,+",1
"TRIB2>HOXB7,+",1
"ERCC6L2>HOXB7,+",1
"OCIAD2>HOXB7,+",1
"AR>OCIAD2,+",1
"RASSF9>OCIAD2,+",1
"YTHDF3>ATP11C,+",1
"XRN1>OCIAD2,+",1
"IPO7>ITGB4,+",1
"CLIC2>ITGB4,+",1
"PDE4D>ITGB4,+",1
"ERCC6L2>YTHDF3,+",1
"FNBP1L>GOLGA8A,+",1
"PDCD7>RUNDC3B,+",1
"SCARB2>RUNDC3B,+",1
"HCFC1R1>TFDP2,-",1
"ANXA5>TFDP2,+",1
"ENO1>OAZ1,+",1
"SCP2>MMRN2,+",1
"SCARB2>LRRC8C,+",1
"MRPS10>LRRC8C,-",1
"AHNAK2>HLA-F,+",1
"ANXA5>HLA-F,+",1
"MRPS10>PTPRG,+",1
"WASF2>PTPRG,+",1
"KDM2A>NBR1,+",1
"KDM2A>RPS17,+",1
"SMC2>RPS17,-",1
"CRIP2>RPS17,+",1
"DNAJC8>RPS17,+",1
"NAP1L1>RPS17,+",1
"ARFGAP3>ARPC5L,+",1
"SCP2>UQCRH,+",1
"CLTA>SLC44A1,+",1
"CD74>HLA-DPB1,+",1
"MIER1>MAZ,+",1
"POLR2I>MPRIP,+",1
"SF3B2>MRPL43,+",1
"PDCD7>GNAQ,+",1
"ITFG1>TMEM259,+",1
"AMD1>TMEM259,+",1
"CFI>MAZ,+",1
"TRIM38>MAZ,+",1
"TRIM38>AR,+",1
"MAFF>MAZ,+",1
"EPC1>NFE2L1,+",1
"TIAL1>NFE2L1,+",1
"HLA-DQA2>NFE2L1,+",1
"IFI44L>TRIM38,+",1
"GHITM>COPA,+",1
"DPYSL2>ARPC5L,+",1
"HCFC1R1>RAB14,-",1
"EIF2S1>SSH1,+",1
"KDM2A>PLCB4,+",1
"NECAP2>SMC4,+",1
"ATL3>SMC4,-",1
"CLTA>DPYSL2,+",1
"HCFC1R1>PPP4R2,-",1
"ADD1>KIDINS220,+",1
"DPYSL2>KIDINS220,+",1
"MRPS10>RNF144B,-",1
"ADD1>CALM3,+",1
"MRPS10>ZMYND11,+",1
"WASF2>TMEM259,+",1
"UQCRH>TMEM259,+",1
"TMEM127>CDC42EP3,+",1
"G3BP1>CDC42EP3,+",1
"CALM3>TFDP2,+",1
"TMEM127>CALM3,+",1
"RNF144B>ATL3,+",1
"NECAP2>SSH1,+",1
"ADD1>REV1,+",1
"ARFGAP3>SSH1,-",1
"ADAR>SSH1,+",1
"MRPS10>KDM2A,+",1
"PON2>POGZ,+",1
"ADAR>POGZ,+",1
"NAP1L1>POGZ,+",1
"CRIP2>REV1,+",1
"DPYSL2>ATL3,+",1
"ATL3>REV1,-",1
"RNF144B>TMEM160,+",1
"TFDP2>TMEM160,+",1
"HCFC1R1>TMEM160,+",1
"RTN3>SKAP2,+",1
"G3BP1>GBP4,+",1
"SESN3>SETD2,+",1
"PDCD7>SETD2,+",1
"ERP29>EIF3J,+",1
"SSH1>MRPL32,+",1
"NMT1>DIP2A,+",1
"ATP6AP2>DIP2A,+",1
"MCF2L>DIP2A,+",1
"NAA38>FOXP1,+",1
"PTMA>ATP5F1E,+",1
"G3BP1>SNAP23,+",1
"RPL22>RBP7,+",1
"TIAL1>RAB14,+",1
"NAA38>RAB14,+",1
"CSDE1>CBX3,+",1
"PHIP>OTUD6B-AS1,+",1
"MAP1LC3B>OTUD6B-AS1,+",1
"ATP11A>GLRX3,+",1
"MCF2L>GLRX3,+",1
"TRIOBP>LAPTM4B,+",1
"USP8>MCF2L,+",1
"TRIOBP>GSK3A,+",1
"SSH1>GSK3A,-",1
"PKP4>CUTA,+",1
"SESN3>EIF2S1,+",1
"FNBP1L>AR,+",1
"RAB14>MYCT1,+",1
"GPATCH8>ANKRD17,+",1
"MCF2L>ANKRD17,+",1
"NUCB1>CUTA,+",1
"NUCB1>ERP29,+",1
"CBX3>TNFRSF14,-",1
"GLRX3>ERP29,-",1
"ERP29>CLTA,+",1
"TMEM109>CLTA,+",1
"PKP4>UBE2J1,-",1
"NMT1>TNFRSF14,+",1
"HBP1>TNFRSF14,+",1
"ERP29>GPATCH8,-",1
"USP8>MRPL32,+",1
"PLA2G16>DNMT1,+",1
"NMT1>EI24,+",1
"ROBO1>NIPBL,+",1
"SHANK3>SMC4,+",1
"FAM133B>HADHA,+",1
"EI24>ATL3,+",1
"SSH1>MMP24OS,+",1
"HBP1>MMP24OS,+",1
"PHKB>MMP24OS,+",1
"TRIOBP>CLSTN1,+",1
"ATP11A>TIAL1,-",1
"MCF2L>RAI14,+",1
"CBX3>NMT1,+",1
"ALDH2>ROBO1,+",1
"AR>ATP11A,+",1
"MCF2L>ATP11A,+",1
"ERAP2>EIF3J,+",1
"TRIOBP>PCDH17,+",1
"RRBP1>PKP4,+",1
"ATP11A>TRIOBP,+",1
"CBX3>ERAP2,+",1
"ERAP2>EI24,+",1
"RPL22>NACA,+",1
"EI24>PTPRG,+",1
"FAM133B>PTPRG,+",1
"EI24>MAP1LC3B,+",1
"SNAP23>MAP1LC3B,+",1
"RAI14>RAB11A,+",1
"SNAP23>CTBS,+",1
"NIPBL>KDM2A,+",1
"USP8>KDM2A,-",1
"PKP4>KDM2A,+",1
"HBP1>USP8,-",1
"NMT1>SLTM,+",1
"ZEB1>SLTM,+",1
"AR>MMP24OS,+",1
"OTUB1>MMP24OS,+",1
"SESN3>ADAR,+",1
"LSM12>C9orf78,+",1
"SETD2>PDCD7,+",1
"MEIS2>SSR1,+",1
"CACUL1>SSR1,+",1
"EIF2S1>IPO7,+",1
"LSM12>IPO7,+",1
"PDCD7>IPO7,+",1
"MEIS2>RBP1,+",1
"OTUB1>RBP1,+",1
"LAPTM4B>PCNP,+",1
"OTUB1>PCNP,+",1
"SEPT9>RSL1D1,+",1
"SH2D3C>RSL1D1,+",1
"MEIS2>GBP2,+",1
"ERCC6L2>ETFB,-",1
"LAPTM4B>ETFB,+",1
"SESN3>PDCD7,+",1
"PDCD7>PUM1,+",1
"SPPL2A>SH2D3C,+",1
"SH2D3C>C1QBP,-",1
"MMP24OS>DNMT1,+",1
"SESN3>DNMT1,+",1
"ERCC6L2>PTPRG,+",1
"CLIC2>PTPRG,+",1
"OTUB1>ERCC6L2,-",1
"XRN1>C1QBP,+",1
"ERCC6L2>C1QBP,+",1
"OCIAD2>DENR,+",1
"MMP24OS>C1QBP,+",1
"CDK2AP2>KIF1B,+",1
"SH2D3C>SPPL2A,+",1
"FZD4>PFDN1,+",1
"ADAR>TRIB2,+",1
"PFDN1>TRIB2,+",1
"LSM12>ETFB,+",1
"SESN3>ETFB,+",1
"ERCC6L2>CCDC50,+",1
"CDK2AP2>DPM3,+",1
"MMP24OS>ARHGEF12,+",1
"EIF2S1>OGT,-",1
"PDCD7>OGT,+",1
"CLIC2>FNBP1L,-",1
"LSM12>GADD45GIP1,-",1
"LSM12>NDUFS6,+",1
"PFDN1>HNRNPUL1,+",1
"PFDN1>PURA,+",1
"SENP6>SEPT9,+",1
"DPM3>SEPT9,+",1
"SEPT9>SENP6,+",1
"PLA2G16>APH1A,+",1
"DPM3>APH1A,+",1
"SET>C9orf78,+",1
"MEIS2>ARHGEF12,+",1
"PDCD7>PURA,+",1
"XRN1>KDELR1,+",1
"PLA2G16>CCDC68,+",1
"MMP24OS>KRIT1,+",1
"TRIB2>SESN3,+",1
"IPO7>ATP6AP2,-",1
"OCIAD2>ATP6AP2,+",1
"LSR>LSM12,+",1
"DPM3>RASSF9,+",1
"CLIC2>CCDC68,+",1
"ADAR>DAB2,+",1
"MMP24OS>OTUB1,+",1
"OTUB1>LSR,+",1
"OTUB1>PSMC4,+",1
"FNBP1L>PSMA1,-",1
"PDCD7>ATL3,+",1
"MEIS2>ATL3,+",1
"SELE>GPM6A,+",1
"RUNDC3B>GLRX3,+",1
"HEBP1>NAP1L4,+",1
"SMARCA2>COPA,+",1
"EPHA4>MRPL34,+",1
"KRIT1>MLH3,+",1
"NDUFB7>RPS17,+",1
"PNRC2>RPS17,+",1
"GATAD2B>DENR,-",1
"SHISA5>DENR,+",1
"MEIS2>SUN2,+",1
"UBE2I>CCT7,+",1
"GTF2I>COPA,+",1
"MIEN1>COPA,+",1
"GATAD2B>COPA,+",1
"NDUFB7>WASL,+",1
"GBP2>NDUFC2,+",1
"REEP5>NOB1,-",1
"EPHA4>ROBO1,+",1
"C9orf78>ADAR,+",1
"C1QBP>GLRX,+",1
"EPHA4>NUCB1,+",1
"CCT6A>PSMA2,+",1
"GATAD2B>RAB21,-",1
"FNBP1>THRAP3,+",1
"CFI>SLC25A24,+",1
"GATAD2B>SLC25A24,-",1
"C9orf78>SLC25A24,-",1
"MIEN1>SLC25A24,-",1
"GOSR1>PSMA2,-",1
"WASL>GBP2,+",1
"MAZ>PSMA2,+",1
"AR>PSMA2,-",1
"GATAD2B>ALG13,-",1
"WASL>ALG13,+",1
"PTTG1IP>FAM84B,+",1
"C9orf78>FAM84B,+",1
"CLEC2B>CFI,+",1
"C1QBP>CNTLN,-",1
"GBP2>CNTLN,-",1
"TOR1AIP1>KIDINS220,+",1
"EPS15>ANKRD17,+",1
"TMX2>ATP5F1D,-",1
"MRPL32>G3BP1,-",1
"RGL2>G3BP1,+",1
"YLPM1>KIDINS220,+",1
"RGL2>KIDINS220,+",1
"ATP6AP2>ROCK1,+",1
"RAB2A>CAND1,+",1
"FRA10AC1>ROCK1,+",1
"PPP4R2>ZMYND11,+",1
"ABLIM1>ZMYND11,-",1
"MAGEH1>MPRIP,+",1
"FRA10AC1>RAP1A,+",1
"RAP1A>GCC2,+",1
"C9orf78>ANKRD17,+",1
"MRPL32>CAND1,+",1
"UBE2I>CNTLN,+",1
"PDE4D>PPIP5K2,+",1
"FAM84B>GNAQ,+",1
"CWC15>NAP1L4,+",1
"MRPL32>USP8,+",1
"THSD7A>DOCK9,+",1
"G3BP1>PPIP5K2,+",1
"THSD7A>PPIP5K2,+",1
"LCORL>PPIP5K2,+",1
"PPP2R1A>KRIT1,-",1
"TMX2>SMARCE1,+",1
"ROBO1>CLCN3,+",1
"LSM12>CLCN3,+",1
"PPP2R1A>GBP2,+",1
"PDE4D>LTBP4,+",1
"PLCB4>KRIT1,+",1
"EIF3J>SHISA5,-",1
"PTTG1IP>ARHGEF12,+",1
"PNRC2>GATAD2B,+",1
"NOB1>MIR99AHG,+",1
"EIF3J>PAWR,-",1
"RAB21>MIEN1,+",1
"MAZ>MIEN1,+",1
"CCT6A>MIEN1,+",1
"NUCB1>CALCOCO2,+",1
"FAM84B>GOSR1,+",1
"FAM84B>MIR99AHG,+",1
"TIAL1>NOB1,+",1
"WASL>MIR99AHG,+",1
"C9orf78>MIR99AHG,+",1
"THOC2>CHD6,+",1
"CCT6A>CHD6,+",1
"ADAR>CHD6,+",1
"EIF3J>GADD45GIP1,+",1
"C8orf59>AR,+",1
"MRPL17>NAA38,+",1
"PPP4R2>PGRMC2,+",1
"COMT>ROBO1,+",1
"NOB1>COPS6,-",1
"TIAL1>GANAB,+",1
"PEBP1>GANAB,+",1
"COMT>TNFRSF14,+",1
"NR1D2>TNFRSF14,+",1
"C1orf43>TNFRSF14,+",1
"TCEAL3>PPP2R1A,+",1
"ADAR>CFI,+",1
"REV1>MRPL32,-",1
"ADAR>TIAL1,+",1
"TCEAL3>EIF2S1,+",1
"C1orf43>EIF2S1,+",1
"COPB2>REV1,+",1
"PEBP1>REV1,+",1
"NAP1L4>PGRMC2,+",1
"NAA38>PGRMC2,+",1
"AR>GATAD2B,-",1
"FAM84B>ODF2L,+",1
"GATAD2B>CWC15,+",1
"FAM84B>C9orf78,+",1
"NUCB1>BCAP29,+",1
"PTTG1IP>BCAP29,+",1
"RAB21>PNKD,+",1
"WASL>PNKD,+",1
"CCT6A>RAPGEF5,+",1
"NAA38>UBE2I,+",1
"MRPL34>BTF3L4,+",1
"EIF3J>BTF3L4,+",1
"PNKD>BTF3L4,-",1
"C9orf78>THOC2,+",1
"GTF2I>THOC2,+",1
"CTSH>GATAD2B,+",1
"GLRX>CWC15,+",1
"EIF2S1>UBE2I,+",1
"MAZ>PGRMC2,+",1
"RAB21>MAZ,+",1
"EIF3J>RUNDC3B,+",1
"GOSR1>FNBP1,+",1
"TMEM259>FNBP1,+",1
"RAB21>FNBP1,+",1
"MIEN1>FNBP1,+",1
"RAB21>PSME1,+",1
"CTSH>CDK2AP2,+",1
"BTF3L4>UBE2I,+",1
"GOSR1>LSM8,+",1
"FNBP1>LSM8,+",1
"UBE2I>LSM8,+",1
"GBP2>CAPZB,+",1
"CFI>CAPZB,+",1
"ADAR>CTSH,+",1
"PPP2R1A>C9orf78,+",1
"FRA10AC1>SELE,+",1
"PDE4D>SECISBP2,+",1
"EIF4A3>SPPL2A,+",1
"SMC4>SMURF2,-",1
"SMC4>BRD7,+",1
"ADAR>ATP5MF,+",1
"REV1>PLRG1,-",1
"RPL26>RACK1,+",1
"TMA7>CAPZB,+",1
"SMIM10>ITFG1,+",1
"NAP1L4>SMURF2,+",1
"DPYSL2>DDX46,+",1
"EIF3J>RPL17,+",1
"CANX>SLC44A1,+",1
"LMO2>GTF2I,+",1
"NAP1L4>GTF2I,+",1
"ESAM>PSMA2,+",1
"SMARCA2>SMURF2,+",1
"EIF3J>HNRNPDL,+",1
"SMARCA2>PSMA2,+",1
"ESAM>EIF4A3,+",1
"YTHDF3>PYURF,+",1
"EIF3J>SMARCA2,+",1
"PTMS>RASSF9,+",1
"CAPZB>IFRD1,+",1
"MAP1LC3B>IFRD1,+",1
"KDELR1>IFRD1,+",1
"ADAR>EIF4A3,+",1
"HLA-C>KDELR1,+",1
"PLK2>EIF4A3,+",1
"REV1>COPB2,+",1
"DPYSL2>COPB2,+",1
"USP8>COPB2,+",1
"EIF3J>COPB2,+",1
"MVB12A>KDELR1,+",1
"PTMS>PSMA2,+",1
"KDELR1>PSMA2,+",1
"SPPL2A>UBE2I,+",1
"DPYSL2>FAM167B,+",1
"REV1>G3BP1,+",1
"PTMS>C8orf59,+",1
"MVB12A>EIF2S1,-",1
"SLC44A1>EIF2S1,-",1
"KDELR1>EIF2S1,+",1
"ADAR>PTPRG,+",1
"SLC44A1>EIF3J,+",1
"EIF3J>NET1,+",1
"SMARCA2>COX6B1,+",1
"REV1>RSF1,+",1
"DPYSL2>PKM,+",1
"ESAM>ATP6AP2,+",1
"NAP1L4>PNKD,+",1
"EIF4A3>PPP4R2,+",1
"ATP6AP2>ROBO1,+",1
"ADAR>SNW1,+",1
"CAVIN3>SMIM10,+",1
"CANX>REV1,+",1
"MVB12A>SMIM10,+",1
"RSF1>SMIM10,+",1
"LMO2>POLR2K,+",1
"EIF4A3>SMC4,-",1
"POLR2K>SMC4,+",1
"ADAR>NCOA3,+",1
"SMIM10>EPS15,+",1
"DPYSL2>SNW1,+",1
"UBE3A>EPS15,+",1
"CANX>EPS15,+",1
"EIF3J>YTHDF3,+",1
"CTBS>ADAR,+",1
"EIF4A3>ADAR,+",1
"COPA>SNW1,-",1
"FAM167B>AP1S2,+",1
"MVB12A>UBE2I,+",1
"ATN1>YLPM1,+",1
"TMX2>NMT1,+",1
"GNAQ>OTUD6B-AS1,+",1
"EPS15>CDK2AP2,+",1
"TMX2>RAB2A,+",1
"THSD7A>LRRC8C,+",1
"FRA10AC1>LRRC8C,+",1
"LYL1>TOR1AIP1,+",1
"MAGEH1>ERC1,+",1
"AR>TMEM204,-",1
"KIDINS220>ERC1,+",1
"FRA10AC1>NR1D2,+",1
"ERC1>NR1D2,+",1
"RGL2>KCTD12,-",1
"CLCN3>KNOP1,+",1
"FRA10AC1>ALG13,+",1
"ATN1>GPATCH2L,+",1
"ERC1>TMEM204,-",1
"NR1D2>ATL3,+",1
"ROBO1>CPD,+",1
"ROCK1>COPA,+",1
"GBP2>COPA,+",1
"ERC1>CTSS,+",1
"ATN1>SENP6,+",1
"TMX2>SENP6,+",1
"FRA10AC1>HBEGF,-",1
"ERC1>CPD,+",1
"MPRIP>TMEM204,+",1
"CLCN3>CPD,+",1
"MAGEH1>MRPL32,+",1
"PDE4D>MRPL32,+",1
"PDE4D>FKBP2,+",1
"C9orf78>ETS1,+",1
"ATP6AP2>TMEM204,+",1
"FRA10AC1>CREBRF,+",1
"GBP2>ATL3,+",1
"ADAR>CWC15,+",1
"MPRIP>AR,+",1
"YLPM1>POGZ,+",1
"PPP2R1A>POGZ,+",1
"CREBRF>PDCD7,+",1
"PDE4D>PDCD7,+",1
"YLPM1>PPP4R2,+",1
"CPD>ROBO1,+",1
"PDCD7>AR,+",1
"EZH1>TMX2,+",1
"GNAQ>PFDN1,+",1
"ESAM>UBE3A,+",1
"ATP6AP2>LAMA5,+",1
"ADAR>IFI44L,+",1
"RPL26>RPL35,+",1
"FAM167B>CWC15,-",1
"TMX2>EZH1,+",1
"RSF1>TMX2,+",1
"C9orf78>HNRNPUL1,+",1
"PPP2R1A>RSF1,+",1
"AR>MAP3K2,+",1
"PPP2R1A>MAP3K2,+",1
"PDE4D>LCORL,+",1
"RAP1A>LCORL,+",1
"PPP2R1A>LCORL,+",1
"RAP1A>RSF1,+",1
"TMX2>PPP2R1A,+",1
"PDE4D>OGT,+",1
"PDE4D>PPP2R1A,+",1
"THSD7A>PPP2R1A,+",1
"PDE4D>EPS15,+",1
"FRA10AC1>NAP1L4,+",1
"FRA10AC1>CTBS,+",1
"G3BP1>GNAQ,+",1
"ADAR>COPS6,+",1
"COPB2>GBP4,+",1
"COPS6>SEPT9,+",1
"TM2D3>EPC1,+",1
"TM2D3>CUTA,+",1
"ADAR>ADAMTS1,+",1
"ATP6AP2>NTHL1,+",1
"EIF2S1>TAP1,+",1
"PNKD>TAP1,+",1
"ADAR>EPC1,+",1
"ADAR>PPIP5K2,+",1
"CWC15>TRIM56,-",1
"RASSF9>IFI44L,+",1
"ATP6AP2>COPA,+",1
"GSPT1>COPA,+",1
"TM2D3>NF1,+",1
"LCORL>GSPT1,+",1
"WWC2>GSPT1,+",1
"NF1>ATP6AP2,+",1
"CAND1>TRIM56,+",1
"LCORL>C8orf59,+",1
"EIF2S1>SSFA2,+",1
"THSD7A>MIR4435-2HG,+",1
"MIER1>MIR4435-2HG,+",1
"GSPT1>EPRS,+",1
"CWC15>EPRS,+",1
"PDE4D>EPRS,+",1
"NAP1L4>ITM2A,+",1
"CWC15>ROBO1,+",1
"CUTA>WWC2,+",1
"EIF2S1>PDCD7,+",1
"MIER1>PDCD7,+",1
"NPDC1>THSD7A,+",1
"RPL34>RPL21,+",1
"IFI44L>WWC2,+",1
"ITM2A>WWC2,+",1
"RSBN1>GSPT1,+",1
"ATP6AP2>ADD1,+",1
"EIF2S1>LCORL,-",1
"OGT>DNTTIP2,+",1
"PSMD12>BCL6,-",1
"TIAL1>NET1,+",1
"MRPL32>EI24,+",1
"CAVIN3>EI24,+",1
"GNAQ>SNW1,+",1
"SRPRA>FTX,+",1
"ATN1>DNTTIP2,+",1
"SEPT2>CAVIN3,+",1
"PSMD12>DNTTIP2,+",1
"SRPRA>LRRC8C,+",1
"SHPRH>PRKDC,-",1
"PPP2R5C>NEMF,+",1
"POGZ>NF1,+",1
"POGZ>RUNX1T1,+",1
"HOXB7>BCL6,-",1
"MRPL36>INPP1,+",1
"ITM2A>NAP1L4,+",1
"PDE4D>MPRIP,+",1
"GSPT1>ITFG1,+",1
"SMARCE1>ITFG1,+",1
"ZFC3H1>G3BP1,-",1
"MIER1>G3BP1,+",1
"THOC2>HLA-DQA1,+",1
"TM2D3>MPRIP,-",1
"CRIP2>CWC15,+",1
"CCDC14>ATN1,+",1
"TRIM56>AR,-",1
"ITM2A>AR,+",1
"LSM12>TMEM259,-",1
"KMT2C>TCN2,-",1
"MRPL36>TCN2,+",1
"MRPL36>SMDT1,+",1
"WWC2>LCORL,+",1
"CWC15>RBMS3,+",1
"FBXO7>MIR99AHG,+",1
"PLRG1>PON2,+",1
"CBX5>PPP4R2,-",1
"COMT>ATP6AP2,+",1
"REEP5>SEPT9,+",1
"COPA>TIE1,+",1
"GANAB>MRPL32,+",1
"SELENOH>PLA2G16,+",1
"COMT>PON2,+",1
"COMT>LARP7,+",1
"PPIC>EIF2S1,+",1
"AR>FBXO3,+",1
"CTBS>FBXO3,+",1
"REEP5>NAP1L4,+",1
"CCDC14>AR,+",1
"MRPL32>AR,+",1
"DOCK9>PTPRG,+",1
"TMEM259>TRA2A,+",1
"RAP1A>WASL,+",1
"ATP2B4>COPA,+",1
"REEP5>WARS,+",1
"GANAB>CWC15,+",1
"COPA>SRSF5,+",1
"PRDX6>SRSF5,+",1
"REEP5>COX6B1,+",1
"MYL12B>COPA,+",1
"WARS>CIR1,+",1
"COMT>TRA2A,+",1
"COX6B1>CIR1,+",1
"RAB21>NDUFS6,+",1
"CARHSP1>NDUFS6,+",1
"ATP5MF>GBP4,+",1
"SUN2>TRA2A,+",1
"PTPRG>TRA2A,+",1
"CWC15>AKR1A1,+",1
"CAND1>TIAL1,+",1
"NAP1L4>TOR1AIP1,+",1
"APH1A>REV1,+",1
"RAP1A>NDUFC2,+",1
"SLC39A10>CCDC68,+",1
"ITM2A>APH1A,+",1
"ATP6AP2>APH1A,+",1
"TM2D3>REV1,+",1
"ARFGAP3>REV1,+",1
"ZFC3H1>CAND1,+",1
"EIF2S1>RSBN1,-",1
"CWC15>CAND1,+",1
"ATP6AP2>HSPD1,+",1
"CWC15>RAB14,+",1
"ATP6AP2>RAB14,+",1
"WWC2>YTHDF3,+",1
"RAP1A>TOR1AIP1,+",1
"PDE4D>RSBN1,+",1
"GSPT1>BIRC2,+",1
"PDE4D>TIAL1,+",1
"G3BP1>TAP2,+",1
"CWC15>TIAL1,+",1
"SMARCE1>TIAL1,+",1
"RPL21>RPL34,+",1
"TM2D3>PLPP1,+",1
"NF1>RPS17,+",1
"ATP6AP2>TAP2,+",1
"MAZ>OAZ2,+",1
"G3BP1>BIRC2,+",1
"ZFC3H1>KNOP1,+",1
"CUTA>LYL1,+",1
"ATP6AP2>ARFGAP3,+",1
"AR>HEXB,+",1
"MIER1>ANAPC13,-",1
"RPL34>RPL17,+",1
"SRPRA>CDK2AP2,-",1
"SRPRA>MIR99AHG,+",1
"COPS6>DPM3,+",1
"C8orf59>CCT4,+",1
"CLTA>EXOC1,+",1
"CCDC90B>DPYSL2,+",1
"PKM>DPYSL2,+",1
"C1orf43>GHITM,+",1
"MAP3K2>GHITM,+",1
"TCEAL3>CCT4,+",1
"RAB14>CCT4,+",1
"GHITM>EXOC1,+",1
"NFE2L1>LIMA1,+",1
"CCDC90B>TOR1AIP1,+",1
"MRPL32>TAX1BP3,+",1
"COPB2>PBXIP1,+",1
"TCEAL3>PBXIP1,-",1
"MMP24OS>PBXIP1,-",1
"TCEAL3>EXOC1,+",1
"MRPL32>EXOC1,-",1
"ARHGEF12>NDUFS6,+",1
"PKM>GGCT,+",1
"NUTM2B-AS1>ARFGAP3,+",1
"ERC1>ATP11A,+",1
"CTCF>ATP11A,+",1
"ATN1>ATP11A,-",1
"C9orf78>GGCT,+",1
"MRPL36>GGCT,+",1
"KMT2C>RAP1A,+",1
"FBXO7>AR,+",1
"PPP4R2>ARF5,-",1
"ATP11A>EPS15,+",1
"HNRNPUL1>FBXO7,+",1
"TFAM>CFI,+",1
"ARF5>CFI,+",1
"ATP11A>AR,+",1
"COPB2>NDUFS6,+",1
"PFDN1>TTC3,+",1
"HOXB7>NAP1L4,+",1
"PEBP1>SUN2,+",1
"EIF3D>RAP1A,+",1
"PEBP1>NFIL3,+",1
"ARHGEF12>NFE2L1,+",1
"EIF2S1>NFE2L1,-",1
"C8orf59>PMP22,+",1
"CCDC90B>RAB2A,+",1
"EIF3D>SUN2,+",1
"CCT7>PEBP1,+",1
"ZEB1>SUMO1,+",1
"EIF2S1>C1QBP,+",1
"C8orf59>RWDD4,+",1
"COPB2>CWC15,+",1
"COMT>CWC15,+",1
"ADAR>EPS15,+",1
"NFIL3>PEBP1,+",1
"CCDC90B>NR1D2,+",1
"NR1D2>CCDC90B,+",1
"NOB1>DERL1,+",1
"C1orf43>CCDC90B,+",1
"ARHGEF12>TCEAL3,+",1
"COMT>TCEAL3,+",1
"MRPL32>MRPL17,+",1
"GHITM>MRPL17,-",1
"ADAR>DERL1,+",1
"RAB14>MAP3K2,+",1
"SEPT9>HIP1,+",1
"TIAL1>ADAR,+",1
"TCEAL3>C9orf78,+",1
"COMT>C9orf78,+",1
"TCEAL3>GBP2,+",1
"COPS6>GBP2,+",1
"C8orf59>GBP2,+",1
"PKM>PSMD12,+",1
"GGCT>NAP1L4,+",1
"OGT>RSBN1,+",1
"ARF5>WASL,+",1
"POGZ>DENR,+",1
"PSMD12>DENR,+",1
"NUTM2B-AS1>PDE4D,+",1
"ATN1>PDE4D,+",1
"SRPRA>PDE4D,+",1
"RAI14>PPP2R5C,+",1
"TFAM>ANP32B,+",1
"PPP2R5C>CYBC1,+",1
"SNW1>ANP32B,+",1
"ATP11A>GTF2I,+",1
"PKM>U2SURP,+",1
"PPP2R5C>U2SURP,+",1
"POGZ>OGT,+",1
"SEPT2>COMMD2,+",1
"NUTM2B-AS1>PINK1,+",1
"SNW1>CYBC1,+",1
"ATN1>COMMD2,-",1
"MRPL36>GSPT1,+",1
"ATN1>RSBN1,+",1
"SEPT2>NUTM2B-AS1,+",1
"POGZ>NUTM2B-AS1,+",1
"OGT>GSPT1,+",1
"POGZ>GSPT1,+",1
"ARF5>GSPT1,+",1
"ATN1>CCDC14,+",1
"LSM12>CYBC1,+",1
"HOXB7>ATP6AP2,-",1
"OGT>ERC1,+",1
"SNW1>POGZ,+",1
"CFI>TFAM,+",1
"POGZ>FNBP1,+",1
"NUTM2B-AS1>FNBP1,+",1
"SHPRH>COMMD2,-",1
"MRPL36>COMMD2,+",1
"CCDC14>NAP1L4,+",1
"ATP11A>SMC2,+",1
"KANSL1>REEP5,+",1
"POGZ>CREBRF,+",1
"FBXO7>C9orf78,+",1
"ASH1L>THSD7A,+",1
"NEMF>SMARCE1,+",1
"MAP3K2>SMC2,-",1
"MAP3K2>ADAR,-",1
"HOXB7>KNOP1,+",1
"NUTM2B-AS1>ADAR,+",1
"PKM>RAI14,+",1
"SEPT2>RAI14,+",1
"SRPRA>RAI14,+",1
"MAP3K2>G3BP1,+",1
"TFAM>ROBO1,-",1
"HNRNPUL1>KNOP1,+",1
"HSPD1>KNOP1,+",1
"POGZ>CDK4,+",1
"OGT>MAP3K2,+",1
"MRPL36>GSK3A,+",1
"ATP11C>GSK3A,+",1
"MAP3K2>MRPL36,-",1
"NEMF>MRPL36,+",1
"SRPRA>SHPRH,+",1
"G3BP1>SRP9,-",1
"PSMD12>MAP3K2,+",1
"SRPRA>MPRIP,+",1
"FBXO7>HNRNPUL1,+",1
"MRPL36>HNRNPUL1,+",1
"LSM12>CTCF,+",1
"MRPL36>CTCF,+",1
"MAP3K2>SLC29A1,+",1
"HNRNPUL1>MPRIP,+",1
"COPA>PPP4R2,+",1
"ESAM>NAP1L4,+",1
"GANAB>NAP1L4,+",1
"ARHGEF12>NTN4,+",1
"C8orf59>TMX2,+",1
"NR1D2>RAB14,+",1
"PBRM1>SEPT9,+",1
"PDE4D>PBRM1,+",1
"SLFN5>G3BP1,+",1
"PLCB4>TMEM109,+",1
"NAA38>TMEM109,+",1
"FNBP1>NAP1L4,+",1
"POGZ>HLA-DOA,+",1
"MIER1>HLA-DOA,-",1
"YTHDF3>HLA-DOA,+",1
"NMT1>CCT2,+",1
"XRN1>GCC2,+",1
"YTHDF3>GCC2,-",1
"CWC15>CDC42EP3,-",1
"SDCCAG8>CRYBG3,+",1
"FNBP1>CRYBG3,+",1
"EPS15>FZD4,+",1
"SDCCAG8>AHNAK2,+",1
"EPS15>ZNF580,+",1
"PEBP1>PRDX6,+",1
"FNBP1>DOCK9,+",1
"FNBP1>CWC15,+",1
"C9orf78>CWC15,+",1
"KIDINS220>AHNAK2,+",1
"DPYSL2>TIAL1,+",1
"TMEM109>FZD4,+",1
"LYL1>TIAL1,+",1
"DPYSL2>NR1D2,+",1
"ABLIM1>NR1D2,+",1
"GLRX>NR1D2,+",1
"PTPRG>NR1D2,+",1
"CDK2AP2>CCL14,-",1
"SMC4>CDC42EP3,+",1
"POLR2I>NFIL3,+",1
"POLR2I>ATP5PD,+",1
"EIF2S1>XRN1,-",1
"ZNF292>TAOK3,+",1
"YTHDF3>TAOK3,+",1
"SMARCA4>OTUB1,+",1
"ZNF292>DPM3,+",1
"RAB14>GGCT,+",1
"ABCC4>GGCT,-",1
"PSMD11>MYDGF,+",1
"SETD2>HNRNPUL1,+",1
"ITFG1>MYDGF,-",1
"CORO1C>EIF3J,+",1
"ATL3>RHOU,-",1
"COPA>ADAR,+",1
"PNKD>YLPM1,+",1
"MYDGF>YLPM1,-",1
"PNKD>MYCT1,+",1
"SENP6>ZNF292,+",1
"YTHDF3>ATP5PD,-",1
"SENP6>PPIP5K2,+",1
"ABCC4>ATP5PD,+",1
"NMT1>ATP11A,+",1
"VGLL4>ATP11A,+",1
"ABCC4>PPIP5K2,+",1
"SMARCA4>PPIP5K2,+",1
"REV1>PPIP5K2,+",1
"NMT1>PPIP5K2,+",1
"CWC15>IFNAR2,+",1
"TMEM259>MIER1,-",1
"CWC15>PDE4D,+",1
"COPA>ITFG1,+",1
"EIF3J>FRMD4B,+",1
"GNAQ>IFNAR2,+",1
"SMARCA4>IFNAR2,+",1
"LYL1>TMEM127,+",1
"ROBO1>TMEM127,+",1
"PHC2>TMEM127,+",1
"PFDN1>RAP1A,+",1
"HSPD1>MIER1,+",1
"NUCB1>NORAD,+",1
"MPRIP>REV1,+",1
"ABCC4>REV1,+",1
"HEBP1>GGT5,+",1
"DCP2>GGT5,-",1
"CAPRIN1>MPRIP,+",1
"GSK3A>GSPT1,+",1
"PPP2R1A>MPRIP,+",1
"HEBP1>MPRIP,+",1
"GLRX>MTRF1L,-",1
"DPYSL2>MOB1A,+",1
"C9orf78>MOB1A,-",1
"TMEM127>ADCY4,+",1
"RSF1>MIER1,+",1
"GNAI3>GSPT1,+",1
"LYL1>GHITM,+",1
"SEPT9>PCYOX1,+",1
"RPS17>EPRS,+",1
"BCAP29>EPRS,+",1
"SETD2>EPRS,+",1
"HEBP1>PSMA1,+",1
"VCL>PSMA1,+",1
"NAP1L4>CAPRIN1,+",1
"TRIOBP>PCYOX1,+",1
"PSMD11>GSPT1,+",1
"ITM2A>TIAL1,+",1
"PDLIM5>CALM3,+",1
"HEBP1>CALM3,+",1
"GTF2F1>GNAI3,-",1
"TRIOBP>GNAI3,+",1
"DHRS7>GSPT1,+",1
"SNCG>ADCY4,+",1
"C9orf78>NDUFB4,+",1
"C9orf78>ABCB1,+",1
"NAP1L4>COPA,+",1
"NDUFB4>IFI44L,+",1
"PFDN2>IFI44L,+",1
"ARF5>ABLIM1,+",1
"NAP1L4>ABLIM1,+",1
"NUCB1>NAA38,+",1
"NAP1L4>TAOK3,+",1
"C9orf78>KIDINS220,+",1
"RPS17>PLCB4,+",1
"PDE4D>FNBP1,+",1
"TMEM109>PHC2,+",1
"NAP1L4>ITFG1,+",1
"VCL>HNRNPUL1,+",1
"MIER1>NRDE2,+",1
"SDCCAG8>POLR2I,+",1
"PEBP1>PLCB4,+",1
"PFDN2>HEBP1,+",1
"NAP1L4>TRIM38,+",1
"TMEM109>DYNC1H1,+",1
"SUN2>LCORL,-",1
"CDK2AP2>LYL1,-",1
"NAA38>PPIG,+",1
"FNBP1>CTBS,+",1
"CREB1>CTBS,+",1
"FNBP1>THSD7A,+",1
"ADCY4>SUMO1,+",1
"RBP5>HEBP1,+",1
"MIER1>SUMO1,+",1
"CTBS>MT2A,+",1
"SUN2>MT2A,+",1
"AR>MT2A,-",1
"PLCB4>TRAPPC1,+",1
"PPIG>SNCG,+",1
"NMT1>EOGT,+",1
"CCT7>RNF7,+",1
"MYCT1>RAI14,+",1
"FBXO3>TOR1AIP1,+",1
"NFE2L1>NOB1,+",1
"RPS17>NOB1,+",1
"ALG13>GLRX,-",1
"SEPT9>GLRX,+",1
"PKM>GHITM,+",1
"CFI>TMEM273,+",1
"TNFRSF14>ZMYND11,+",1
"COPA>SMC4,+",1
"NOB1>CREBRF,-",1
"CAPZB>CREBRF,+",1
"PPP2CB>JAG1,+",1
"CAPZB>RTRAF,+",1
"PPP2CB>RTRAF,+",1
"ZMYND11>GTF3A,+",1
"SEPHS2>SMC4,+",1
"EIF2S1>SMC4,+",1
"SMIM10>CDC42EP5,-",1
"EGLN1>SVIP,+",1
"CDC42EP5>IFI44L,-",1
"PAWR>GPAA1,+",1
"PPP2CB>GPAA1,+",1
"PPP2CB>PAWR,+",1
"ZMYND11>PLA2G16,+",1
"POLR2K>PLA2G16,+",1
"MRPL32>TIAL1,-",1
"SEPHS2>MAPK1IP1L,+",1
"ERGIC1>TIAL1,+",1
"SPPL2A>HIPK3,+",1
"TNFRSF14>PFDN1,+",1
"RPS17>PKM,+",1
"ZMYND11>RPS17,+",1
"SEPHS2>RPS17,+",1
"DOCK4>CDC42EP5,+",1
"ZMYND11>ALG13,+",1
"PLCB4>FAM162A,+",1
"TNFRSF14>PPHLN1,+",1
"PPP2CB>MLH3,-",1
"EIF2S1>POLR2K,+",1
"HIPK3>CTBS,+",1
"EGLN1>YTHDF3,+",1
"MRPL36>YTHDF3,+",1
"EIF2S1>PPHLN1,+",1
"MRPL36>PPHLN1,+",1
"PPP2CB>LYL1,+",1
"DOCK4>ITFG1,+",1
"PPHLN1>ITFG1,+",1
"CDC42EP5>ITFG1,+",1
"PEBP1>DOCK4,+",1
"ATL3>CFI,+",1
"ZMYND11>SEPHS2,+",1
"POLR2K>MLH3,+",1
"CFI>LYL1,+",1
"AR>ALG13,+",1
"HIPK3>ADAR,+",1
"MRPL36>SMIM10,+",1
"RPS17>NUCB1,+",1
"ZMYND11>TNFRSF14,+",1
"CDC42EP5>TNFRSF14,+",1
"OTUD6B-AS1>TNFRSF14,+",1
"PLCB4>TNFRSF14,-",1
"TNFRSF14>SERINC3,+",1
"RAP1A>GNAQ,+",1
"CDC42EP5>NFE2L1,+",1
"CLCN3>ACIN1,+",1
"MRPL36>ACIN1,+",1
"CFI>SEM1,+",1
"SPPL2A>KDM5A,+",1
"ZMYND11>KDM5A,+",1
"TNFRSF14>SEPT9,+",1
"FZD4>CALM3,+",1
"NMT1>RAI14,+",1
"HNRNPUL1>RTN3,+",1
"MYDGF>EPS15,+",1
"ARFGAP3>KRIT1,-",1
"ADAR>SENP6,+",1
"INPP1>SENP6,+",1
"BAZ2A>SENP6,+",1
"ABCC4>GBP2,+",1
"SETD2>VPS35,+",1
"POLR2I>ATF2,+",1
"VGLL4>VPS35,+",1
"INPP1>THOC2,+",1
"PNKD>ATP6AP2,+",1
"VGLL4>C9orf78,+",1
"ZNF292>COPA,+",1
"ADAR>COPA,+",1
"ITFG1>EPS15,+",1
"ADAR>ATF2,+",1
"GNAQ>ATL3,+",1
"XRN1>HDAC2,+",1
"TMEM259>NUDT14,+",1
"NUDT14>SMIM10,+",1
"HNRNPUL1>SMIM10,-",1
"GNAQ>VGLL4,+",1
"ADAR>GNAQ,+",1
"ABCC4>CALM3,+",1
"GNAQ>HDAC2,+",1
"COPA>DOC2B,+",1
"POLR2I>HDAC2,+",1
"ADAR>FBXO7,-",1
"CWC15>FBXO7,+",1
"POLR2I>FBXO7,+",1
"CORO1C>FBXO7,-",1
"PPP4R2>CFI,+",1
"MYDGF>PSMD11,+",1
"EIF3J>ANKRD17,+",1
"PPP2CB>CALM3,-",1
"GCC2>AR,-",1
"PNKD>ABCC4,+",1
"CWC15>ABCC4,+",1
"ITFG1>ABCC4,+",1
"GBP2>ABCC4,+",1
"SENP6>CWC15,+",1
"SENP6>AR,+",1
"RAP1A>STAU1,+",1
"ADAR>NAP1L4,+",1
"NFE2L1>STAU1,+",1
"ZMYND11>OTUD6B-AS1,+",1
"LAPTM4B>PPP2CB,+",1
"ZMYND11>HOXB7,+",1
"SEPT9>HOXB7,+",1
"TNFRSF14>CALM3,+",1
"POLR2I>NAP1L4,+",1
"BAZ2A>YTHDF3,+",1
"SENP6>ANKRD17,+",1
"ABCC4>ARFGAP3,+",1
"RAB14>ANKRD17,+",1
"EPS15>SUN2,-",1
"VGLL4>SUN2,+",1
"AR>BAZ2A,+",1
"SMARCA4>POLR2K,+",1
"CWC15>ARFGAP3,+",1
"SENP6>ARFGAP3,+",1
"CCT7>YTHDF3,+",1
"INPP1>SELE,-",1
"PSMD11>EIF2S1,-",1
"MYDGF>EIF2S1,+",1
"NUDT14>EIF2S1,+",1
"ABCC4>YTHDF3,+",1
"GCC2>YTHDF3,-",1
"GSK3A>CLTA,+",1
"AR>USP22,-",1
"BCAP29>HIPK3,+",1
"DENR>VGLL4,+",1
"LIX1L>AHNAK2,+",1
"PPP1CC>GNAI3,+",1
"GTF2I>GNAI3,+",1
"LYL1>SELE,+",1
"SPART>SELE,-",1
"FGD4>SELE,+",1
"RWDD4>OGT,+",1
"AR>MGLL,-",1
"IARS2>OGT,-",1
"RAP1A>OGT,+",1
"SPART>FGD4,-",1
"PKP4>S1PR1,-",1
"RAP1A>S1PR1,+",1
"BAG3>EIF2S1,-",1
"EIF6>LRRC8C,-",1
"GTF2I>MGLL,+",1
"PA2G4>GNAQ,-",1
"ASS1>SUN2,+",1
"OGT>MRPL32,+",1
"NUCB1>MRPL32,+",1
"HNRNPUL1>TIAL1,+",1
"RWDD4>TIAL1,+",1
"PLCB4>TIAL1,+",1
"PLCB4>PLA2G16,+",1
"RASSF9>EPS15,+",1
"PSMA2>MGLL,+",1
"MMP24OS>EPS15,+",1
"ASS1>LEPR,-",1
"ZEB1>NET1,+",1
"ASS1>NET1,-",1
"RAP1A>ASS1,+",1
"MAGEH1>MGLL,+",1
"RAP1A>NOB1,-",1
"CTBS>MMP24OS,+",1
"VGLL4>COX6B1,+",1
"PLCB4>AMD1,+",1
"CFI>DMAC1,+",1
"ATP5MF>DMAC1,+",1
"KLHDC2>DMAC1,-",1
"WASL>LAPTM4B,+",1
"ATL3>LAPTM4B,-",1
"SMARCE1>AMD1,+",1
"SUN2>AMD1,+",1
"FBXO3>PDCD7,+",1
"PLCB4>S1PR1,+",1
"UBE3A>ETS1,+",1
"S1PR1>TAF10,+",1
"KLHDC2>TAF10,+",1
"WASL>ZNF131,+",1
"SMC2>ZNF131,+",1
"YLPM1>PDCD7,+",1
"UBE3A>MPRIP,-",1
"PA2G4>ROBO1,-",1
"MRPL32>UBE3A,+",1
"PA2G4>AR,-",1
"PSMA2>AR,-",1
"MGLL>AR,-",1
"NEMF>SRM,+",1
"AMD1>SRM,+",1
"EIF2S3>IMP3,+",1
"SMARCE1>UBE3A,+",1
"CFI>MPRIP,+",1
"MMP24OS>HGSNAT,+",1
"SUN2>HGSNAT,-",1
"ATL3>POSTN,-",1
"COPA>TCEAL4,+",1
"CFI>TUBB6,+",1
"UBE3A>TUBB6,+",1
"LPAR6>MRPL32,+",1
"ASS1>SEPT9,+",1
"CFI>ITM2A,+",1
"TMEM259>GTF2I,+",1
"IARS2>ITFG1,+",1
"PCYOX1>SARS,+",1
"ROBO1>SARS,-",1
"ASS1>SARS,+",1
"PPP1CC>ZEB1,+",1
"RAP1A>ZEB1,+",1
"MGLL>GTF2I,+",1
"AHNAK2>TMEM43,+",1
"GNAI3>GTF2I,+",1
"PPP1R15B>ITGA5,+",1
"SPART>ITGA5,+",1
"AHNAK2>LIX1L,+",1
"MAGEH1>LIX1L,+",1
"EIF6>LIX1L,+",1
"ASS1>TMEM43,+",1
"MMP24OS>PGRMC2,+",1
"NOB1>LIX1L,-",1
"LIX1L>EP400,+",1
"MGLL>NTN4,+",1
"PPP1R15B>ABHD14B,-",1
"NUCB1>ABHD14B,+",1
"EIF6>PA2G4,+",1
"PCYOX1>SPART,+",1
"NUCB1>ZNFX1,+",1
"SPART>EP400,+",1
"CTBS>PGRMC2,+",1
"EIF6>FRG1,-",1
"MGLL>FRG1,+",1
"ROBO1>DPM3,+",1
"PPP1CC>DPM3,+",1
"RAP1A>DPM3,+",1
"OGT>DENR,+",1
"SPART>LIX1L,+",1
"AR>LIX1L,-",1
"MAGEH1>HEBP1,+",1
"EIF6>PSMA2,+",1
"ASS1>DIAPH1,+",1
"ROBO1>PCYOX1,+",1
"PKP4>CFI,+",1
"RAP1A>CFI,+",1
"RASSF9>SRRM2,+",1
"GNAI3>PPP1CC,+",1
"AHNAK2>PPIP5K2,-",1
"DENR>MVB12A,-",1
"LPAR6>NUCB1,+",1
"NOB1>LYL1,+",1
"EIF3M>LYL1,+",1
"AHNAK2>MAGEH1,-",1
"AR>MAGEH1,-",1
"IARS2>HNRNPUL1,-",1
"SPART>DIAPH1,+",1
"SPART>EZR,+",1
"NUCB1>LIX1L,+",1
"PKP4>BAG3,+",1
"HNRNPUL1>GLRX3,+",1
"MMP24OS>SNW1,+",1
"ARHGEF12>SNW1,+",1
"ASS1>RASSF9,+",1
"ARHGEF12>GLUL,+",1
"FGD4>PPP1R15B,-",1
"PPP1CC>PON2,-",1
"LYL1>EZR,-",1
"IARS2>PSMD11,-",1
"GNAI3>GSK3A,+",1
"EIF6>GSK3A,-",1
"AR>HLA-DMB,-",1
"ASS1>RAP1A,+",1
"OGT>RAP1A,+",1
"ROBO1>ITM2A,+",1
"UBE3A>RUNDC3B,+",1
"GSK3A>SETD2,+",1
"VCL>PHIP,+",1
"RSF1>DCP2,-",1
"SLK>RGL2,+",1
"SEC63>RGL2,+",1
"SEC63>PDCD7,+",1
"VCL>PDCD7,-",1
"ROBO1>PDCD7,+",1
"AR>PPP2CA,-",1
"GTF2F1>PKIG,+",1
"PFDN1>CCDC14,-",1
"VCL>CCDC14,+",1
"HIPK3>CCDC14,+",1
"SEC63>DHRS7,+",1
"AR>DRAP1,-",1
"HEBP1>NAA38,+",1
"PSMD11>ARF5,+",1
"BCAP29>FNBP1,+",1
"LAPTM4B>TRIOBP,+",1
"DCP2>PPT1,-",1
"SMC2>GNAQ,+",1
"KLHDC2>HLA-DQA1,+",1
"POLR2I>MMP24OS,+",1
"S1PR1>AR,-",1
"AR>PPT1,-",1
"ITGA6>PPT1,+",1
"MPRIP>IFI44L,+",1
"KANSL1>TSR3,+",1
"YTHDF3>TAF7,-",1
"PPP2R1A>TAF7,+",1
"AR>TAF7,-",1
"SETD2>TAF7,+",1
"VCL>POLK,-",1
"CDK2AP2>POLK,+",1
"LAPTM4B>HSPD1,+",1
"AR>HDGF,-",1
"ATL3>EIF2S3,+",1
"YTHDF3>GSK3A,+",1
"MPRIP>ECH1,+",1
"SETD2>ECH1,+",1
"YTHDF3>LAPTM4B,+",1
"NAP1L4>ABCC4,+",1
"REV1>ABCC4,+",1
"KANSL1>CTBS,+",1
"REV1>GSK3A,+",1
"GTF2F1>PSMD11,-",1
"MPRIP>GSK3A,+",1
"PFDN1>PPP2R1A,+",1
"HEBP1>PFDN1,+",1
"GTF2F1>PFDN1,+",1
"ITGA6>SHISA5,+",1
"AR>MAOA,-",1
"ROBO1>VCL,+",1
"GSK3A>AFAP1L1,+",1
"RSF1>SEC63,+",1
"SEC63>PPP4R2,-",1
"PFDN1>IARS2,+",1
"HLA-DQA2>IARS2,+",1
"VCL>MVB12A,+",1
"SETD2>EIF2S1,+",1
"MRPL32>TNFRSF14,+",1
"PFDN1>TNFRSF14,+",1
"GNAQ>PPP4R2,+",1
"ITM2A>SEPT9,+",1
"PPP2R1A>PPP4R2,+",1
"CLTA>HNRNPA1,+",1
"ITGA6>HNRNPA1,+",1
"SETD2>WWC2,+",1
"HEBP1>YTHDF3,+",1
"HNRNPA3>YTHDF3,+",1
"PLCB4>SELE,+",1
"NCOA4>POLR2I,+",1
"AHNAK2>RUNDC3B,+",1
"RHOU>WASL,+",1
"ATL3>YLPM1,+",1
"ROBO1>LRRC8C,+",1
"EIF2S1>LRRC8C,-",1
"EIF2S3>IPO7,+",1
"NCOA4>IPO7,+",1
"CFI>WASL,+",1
"ZNF131>MRPL43,+",1
"ROBO1>TFDP2,+",1
"ITM2A>CFI,+",1
"PLCB4>TMEM259,+",1
"UBE3A>TMEM259,+",1
"NCOA4>POLR2K,+",1
"FBXO3>POLR2K,+",1
"S1PR1>GNB2,+",1
"ATL3>CDKN1A,+",1
"NOB1>CCT2,+",1
"G3BP1>PLCB4,+",1
"EIF2S1>SETD2,+",1
"FBXO3>CALM3,+",1
"EIF2S3>CALM3,+",1
"ATP5MF>SETD2,+",1
"NAP1L4>SETD2,+",1
"UBE3A>SETD2,+",1
"FBXO3>SETD2,+",1
"NOB1>MRPL32,+",1
"CALM3>CCT2,-",1
"MMP24OS>MRPL32,-",1
"EIF2S1>MRPL32,+",1
"PLCB4>PLK2,+",1
"IPO7>PTPRG,+",1
"NCOA4>ATP5MF,+",1
"COPA>GSPT1,+",1
"KLHDC2>GNB2,+",1
"WASL>PRDX6,-",1
"IPO7>POLR2I,-",1
"CFI>SCARB2,+",1
"GNAQ>TIAL1,+",1
"COPA>TIAL1,+",1
"NOB1>GPAA1,+",1
"NCOA4>GPAA1,+",1
"MVB12A>GPAA1,+",1
"KLHDC2>SPPL2A,-",1
"CFI>KLHDC2,+",1
"YLPM1>ADAR,+",1
"GNB2>PLA2G16,+",1
"DMAC1>PPP4R2,+",1
"NUCB1>PPP4R2,+",1
"AHNAK2>NOB1,+",1
"FBXO3>ASS1,+",1
"ATP5MF>ASS1,+",1
"NCOA4>ABCB1,+",1
"NCOA4>ADAR,+",1
"NUCB1>PRDX6,+",1
"MMP24OS>SMC4,-",1
"FBXO3>PRDX6,+",1
"FBXO3>C8orf59,-",1
"EIF2S3>C8orf59,+",1
"UBE3A>FBXO3,+",1
"NEMF>FBXO3,+",1
"MVB12A>FBXO3,+",1
"CFI>RHOU,+",1
"EIF2S3>ADAR,+",1
"WASL>RHOU,+",1
"MPRIP>RHOU,-",1
"EIF2S3>RHOU,+",1
"COPA>PPP2R1A,+",1
"EIF2S3>PPP2R1A,+",1
"G3BP1>EPC1,+",1
"TMX1>WARS,+",1
"CCDC14>CTBS,+",1
"COMT>TMX2,+",1
"MRPL32>CX3CL1,+",1
"ERAP2>NAP1L4,+",1
"TPST2>RASSF9,+",1
"PPP4R2>SSH1,+",1
"FAM167B>SNRPD3,+",1
"PAK2>MLH3,+",1
"APH1A>RNF125,+",1
"ERAP2>RNF125,+",1
"NBR1>RNF125,+",1
"RAB14>RNF125,+",1
"COPB2>EIF3J,+",1
"PIK3C2A>ERAP2,+",1
"CLSTN1>MVB12A,+",1
"HLA-DQA1>MPRIP,+",1
"PPP4R2>IFI44L,+",1
"TIAL1>COPA,+",1
"COPB2>SCARB2,+",1
"RPS17>CLSTN1,-",1
"CTSB>EPS15,+",1
"ASPH>NIPBL,+",1
"CSRP2>SMC4,+",1
"SMAD1>SMC4,+",1
"COPB2>SMC4,-",1
"CFI>SMC4,-",1
"ASPH>ADAR,+",1
"IFI44L>APH1A,+",1
"RAB14>ITFG1,+",1
"ASPH>EPS15,+",1
"CTSB>ITFG1,+",1
"ASPH>ITFG1,+",1
"LAPTM4B>DICER1,-",1
"ERAP2>DICER1,+",1
"TAP1>DICER1,+",1
"GBP2>DICER1,+",1
"HLA-DQA1>SSRP1,+",1
"NAP1L4>SF3A3,+",1
"CFI>PLSCR1,+",1
"CXorf36>MIDN,+",1
"SHANK3>NSA2,+",1
"AR>NSA2,+",1
"FRG1>RASSF9,+",1
"TAP2>RASSF9,+",1
"IL1R1>AHNAK2,+",1
"SNRNP70>AHNAK2,+",1
"RAB2A>SMC4,+",1
"IL1R1>CTDNEP1,+",1
"HNRNPUL1>DOCK9,+",1
"SERP1>PNKD,+",1
"IL1R1>HLA-DPB1,+",1
"VGLL4>SORBS2,+",1
"NSRP1>SORBS2,+",1
"HNRNPUL1>SORBS2,+",1
"NSRP1>CTDNEP1,+",1
"ARFGAP3>CALM3,+",1
"LAPTM4B>GGT5,+",1
"USP7>REV1,+",1
"ASPH>GGT5,+",1
"CFI>GGT5,+",1
"RPS17>ITGB4,+",1
"PIK3C2A>ITGB4,+",1
"GGT5>TIAL1,+",1
"NDUFC2>SMAD1,+",1
"ITGB4>REV1,+",1
"SERP1>CALM3,+",1
"TPST2>ROBO1,+",1
"NDUFB7>EIF2S1,+",1
"NDUFB7>PPP4R2,+",1
"APH1A>PPP4R2,+",1
"PIK3C2A>PPP4R2,+",1
"ERAP2>AR,+",1
"LAPTM4B>GPM6A,+",1
"CSRP2>GPM6A,+",1
"USP7>ZNF524,+",1
"PPP2R1A>FRA10AC1,+",1
"CRYBG3>C8orf59,+",1
"TRIOBP>C8orf59,+",1
"NUCB1>TSPAN7,+",1
"ANKRD11>OTUD6B-AS1,+",1
"RAB14>REV1,+",1
"PLPP3>FRA10AC1,+",1
"C8orf59>CRYBG3,+",1
"RBMS1>MEIS2,+",1
"PPP2R1A>YTHDF3,+",1
"PRKCH>YTHDF3,+",1
"TGM2>YTHDF3,+",1
"ZEB1>PBRM1,+",1
"SCARF1>SELENOH,+",1
"CRYBG3>CALM3,+",1
"TNRC6B>LAPTM4B,+",1
"EIF4G3>PDCD7,+",1
"AKR1A1>TRIM13,+",1
"PPP2R1A>ATN1,+",1
"CRYBG3>KMT2C,+",1
"EIF4G3>NFE2L1,+",1
"PPP3CA>CFAP97,+",1
"PLSCR1>NMT1,+",1
"FRA10AC1>NMT1,+",1
"FGD4>PRKCH,+",1
"CALM3>MFSD10,+",1
"FGD4>NFIC,+",1
"PLPP3>FGD4,+",1
"PLSCR1>FOXC1,+",1
"ANKRD11>KDELR2,+",1
"C8orf59>NUCB1,+",1
"AR>POGZ,+",1
"CWC15>POGZ,-",1
"FRA10AC1>TRIM13,+",1
"AR>TRIM13,+",1
"RPS17>COX8A,+",1
"PPP4R2>HEBP1,+",1
"CSRP2>HADHA,+",1
"ATP6AP2>BAZ2B,+",1
"CLSTN1>BAZ2B,+",1
"IFI44L>MIR99AHG,+",1
"COPB2>PLA2G16,+",1
"GPM6A>AKAP13,+",1
"TRIM38>PAK2,+",1
"CTSB>PCYOX1,+",1
"CSRP2>MAP1LC3A,+",1
"USP7>CFH,+",1
"COPB2>SMARCE1,+",1
"GNAQ>RAB14,+",1
"CTSB>TOR1AIP1,+",1
"TPST2>TOR1AIP1,+",1
"CFI>PCYOX1,+",1
"ZNF524>PCYOX1,+",1
"EIF3J>TRIM13,-",1
"PRKCH>RBP5,+",1
"KDELR2>TRIM13,+",1
"C8orf59>TRIM13,+",1
"SEC31A>IFI44L,+",1
"AR>IFI44L,+",1
"PLPP3>PPP4R2,+",1
"SEC31A>RBP5,+",1
"TRIOBP>EPS15,+",1
"ASPH>DOCK4,+",1
"FOXC1>EPS15,+",1
"PRKCH>ADAR,+",1
"FGD4>ROBO1,+",1
"FGD4>ATP6AP2,+",1
"NDUFC2>DOCK4,+",1
"CSRP2>DOCK4,-",1
"SERP1>TM7SF3,+",1
"IL1R1>TM7SF3,+",1
"TAP2>TM7SF3,+",1
"MAP3K2>SORBS2,+",1
"NMRK1>GLRX,-",1
"POLR2K>PRKDC,+",1
"PODXL>PRKDC,+",1
"SRPK2>MRPS34,+",1
"CAVIN3>SORBS2,+",1
"PNKD>SORBS2,+",1
"RAB21>SORBS2,+",1
"NMRK1>AHNAK2,-",1
"WASL>SORBS2,+",1
"ADAR>CXorf36,+",1
"GHITM>RAB2A,+",1
"RPS7>RPL30,+",1
"PODXL>DOCK9,+",1
"NDUFB11>LAMP2,+",1
"GHITM>GLRX,+",1
"RAB21>SMARCE1,+",1
"GHITM>FYTTD1,+",1
"GHITM>PPP2R5C,+",1
"BEX4>DPM3,+",1
"PTPRG>FTX,+",1
"COPA>RBMS3,+",1
"RPS7>FAU,+",1
"FZD4>PPP2R5C,-",1
"GANAB>PPP2R5C,+",1
"CAVIN3>SPPL2A,+",1
"POLR2K>FRMD4B,+",1
"RPL17>RTRAF,+",1
"MRPS34>TFDP2,+",1
"CAVIN3>TFDP2,+",1
"PABPN1>NFE2L1,+",1
"LYL1>BEX4,+",1
"NMRK1>POLR2K,+",1
"NMRK1>REV1,+",1
"NFE2L1>PABPN1,+",1
"ADAR>ZNF292,+",1
"FYTTD1>ARFGAP3,+",1
"GHITM>NMRK1,+",1
"COPA>NMRK1,-",1
"PFDN1>NMRK1,+",1
"PON2>CFI,+",1
"SEPT9>MPRIP,+",1
"PODXL>LPAR6,+",1
"RAB21>ARF5,-",1
"SORBS2>PNKD,+",1
"NMRK1>COPA,-",1
"REV1>SEPT9,+",1
"GADD45GIP1>PPP3CA,+",1
"LAPTM4B>PPP3CA,+",1
"MIER1>RASSF9,+",1
"RAP1A>RASSF9,+",1
"AHNAK2>NMRK1,-",1
"RPL17>PNKD,+",1
"GLRX>PON2,+",1
"LYL1>RBP1,+",1
"POLR2K>SEC22B,+",1
"GANAB>HEBP1,+",1
"RAB21>OTUD6B-AS1,+",1
"RPL17>RAB21,+",1
"GLRX>RAB21,+",1
"PON2>RBP1,+",1
"GANAB>GLUL,+",1
"ROBO1>PPP4R2,+",1
"GANAB>TIAL1,+",1
"RAB21>NDUFB11,+",1
"POLR2K>OSBPL8,+",1
"RPS7>RPL35A,+",1
"SORBS2>MAP3K2,+",1
"FZD4>ATP6AP2,+",1
"LYL1>DPM3,+",1
"PON2>ZNF292,+",1
"NDUFB7>ALG13,+",1
"MRPL32>FRG1,+",1
"RAB2A>HLA-DQA1,+",1
"ANKRD17>HLA-DQA1,+",1
"NSA2>PTPRG,+",1
"RAB2A>ARFGAP3,+",1
"IL1R1>NDUFB7,+",1
"CSDE1>TJP1,+",1
"NAP1L4>FRG1,+",1
"ANKRD17>C8orf59,+",1
"RASSF9>FRG1,+",1
"GPM6A>COPA,+",1
"ARFGAP3>COPA,+",1
"IL1R1>HS3ST1,+",1
"MIER1>PHIP,+",1
"RAB2A>SHANK3,+",1
"NAP1L4>ATP6AP2,+",1
"ARPC5L>CTSS,+",1
"ARFGAP3>HNRNPUL1,+",1
"ARFGAP3>PPP2R1A,+",1
"SNRNP70>ALG13,+",1
"HNRNPUL1>ALG13,+",1
"IL1R1>FBXO7,+",1
"ARPC5L>MAP3K2,+",1
"RASSF9>NSRP1,+",1
"SORBS2>NSRP1,+",1
"PPP4R2>PPP2R1A,+",1
"RAB14>CTSS,+",1
"VGLL4>CCT7,+",1
"HNRNPUL1>CCT7,+",1
"VGLL4>SSR1,+",1
"PRSS23>SSR1,+",1
"TAP2>TPST2,+",1
"IL1R1>FAM84B,+",1
"HNRNPUL1>TAP2,+",1
"SORBS2>HNRNPUL1,+",1
"FZD4>RPL17,+",1
"LYL1>RNF167,+",1
"RASSF9>G3BP1,+",1
"SNRNP70>G3BP1,+",1
"IL1R1>PPP4R2,+",1
"ARFGAP3>PPP4R2,+",1
"ARFGAP3>RAB2A,+",1
"IL1R1>AR,+",1
"PTPRG>RNF167,+",1
"IL1R1>ARPC5L,+",1
"ATP6AP2>EPS15,+",1
"PON2>EPS15,+",1
"PON2>FZD4,+",1
"GLRX>FZD4,+",1
"POLR2K>ZSCAN18,+",1
"RAB21>ZSCAN18,+",1
"RAB2A>PEBP1,+",1
"PAK2>VGLL4,+",1
"SERP1>NAP1L4,+",1
"RAB2A>NET1,+",1
"EMCN>LIMA1,+",1
"CXorf36>FAM167B,+",1
"ARFGAP3>LCORL,-",1
"MIR99AHG>LCORL,+",1
"RASSF9>PDE4D,+",1
"TAP2>OGT,+",1
"FBXO7>NET1,+",1
"TAP2>ROBO1,+",1
"RAB2A>RHOU,+",1
"ARFGAP3>KIF1B,+",1
"HNRNPUL1>KIF1B,+",1
"SERP1>MIR99AHG,+",1
"VGLL4>CAPZB,+",1
"NAP1L4>CAPZB,+",1
"FGD4>KMT2C,+",1
"TNRC6B>ANKRD17,+",1
"CWC15>ANKRD17,+",1
"SEPT9>DHRS7,+",1
"RASSF9>MX1,+",1
"CRYBG3>MX1,+",1
"PLA2G16>MX1,+",1
"RAB14>KMT2C,+",1
"CWC15>KMT2C,+",1
"LRRC8C>KMT2C,+",1
"ALG13>DHRS7,+",1
"NAP1L4>SHISA5,+",1
"PLA2G16>HLA-DQB1,+",1
"ZNF37A>HLA-DQB1,+",1
"SENP6>HLA-DQB1,+",1
"REV1>ARFGAP3,+",1
"HEBP1>CRYBG3,+",1
"LRRC8C>PHIP,+",1
"IFI44L>MX1,+",1
"SMARCE1>PEBP1,+",1
"ADNP>PPIP5K2,+",1
"SMARCE1>SLC39A10,+",1
"SSRP1>LSM12,+",1
"HNRNPUL1>TBCB,+",1
"MLH3>HADHA,+",1
"SENP6>HADHA,+",1
"PDCD7>SLC39A10,+",1
"DOCK9>SLC39A10,+",1
"MX1>FTX,+",1
"GANAB>PEBP1,+",1
"RAB14>FTX,+",1
"MMP24OS>ADNP,-",1
"RAB14>ADNP,+",1
"RASSF9>ADNP,+",1
"GLRX3>ZNF37A,+",1
"YLPM1>PEBP1,+",1
"LRRC8C>PPIP5K2,+",1
"LARP7>HNRNPUL1,+",1
"EPRS>HLA-DMA,+",1
"NAP1L4>EIF3J,+",1
"SSRP1>PCYOX1,+",1
"LRRC8C>PCYOX1,+",1
"EPRS>PCYOX1,+",1
"GANAB>PCYOX1,+",1
"LSM5>EIF3J,+",1
"CALM3>EIF3J,+",1
"PLA2G16>EIF3J,+",1
"LARP7>HLA-DQA1,+",1
"ROBO1>ALG13,+",1
"RUNX1T1>ALG13,+",1
"LSM5>ALG13,-",1
"LYL1>RAB14,+",1
"LSM5>POLR2I,+",1
"REV1>POLR2I,+",1
"RUNDC3B>BAZ2A,+",1
"RAB14>IFI44L,+",1
"ATL3>HNRNPUL1,+",1
"LYL1>LRRC8C,-",1
"CCDC68>HNRNPUL1,+",1
"FTX>DOCK9,-",1
"PDCD7>CCDC68,+",1
"HNRNPUL1>CCDC68,+",1
"EPRS>CCDC68,+",1
"BIRC2>LRRC8C,+",1
"ATL3>PGRMC2,+",1
"MX1>IFI44L,+",1
"GANAB>PGRMC2,-",1
"GLRX3>SEPT9,+",1
"EPRS>SEPT9,+",1
"GLRX3>TRIOBP,+",1
"RAB14>SUGP2,+",1
"LARP7>SUGP2,+",1
"TNFRSF14>AR,+",1
"HNRNPUL1>SMIM14,+",1
"NUCB1>PLCB4,+",1
"SLC25A3>ZBTB38,+",1
"APH1A>ERCC6L2,+",1
"PON2>MYCT1,+",1
"FNBP1>MIR99AHG,-",1
"PPP2R1A>PDCD7,+",1
"HNRNPUL1>PDCD7,+",1
"COPA>PDCD7,+",1
"G3BP1>SHC1,+",1
"PRDX6>SELE,+",1
"PPP2R1A>SMC4,+",1
"ARF5>RPL17,+",1
"NAA38>RPL17,+",1
"ATP6AP2>HOXB7,-",1
"G3BP1>ADCY4,+",1
"SMARCA4>APH1A,+",1
"FNBP1>ERCC6L2,+",1
"SLC25A3>SEPT9,+",1
"MIR99AHG>FNBP1,-",1
"HOXB7>CWC15,+",1
"LGALS9>LYL1,+",1
"RAB2A>LGALS9,+",1
"NAA38>GGCT,+",1
"LRRC8C>GGCT,+",1
"NUCB1>STK25,+",1
"ZBTB38>STK25,+",1
"TMEM259>CWC15,+",1
"ARF5>SEPT9,+",1
"NAA38>FGD4,+",1
"ZBTB38>KNOP1,+",1
"ZBTB38>CCDC50,+",1
"G3BP1>THRAP3,+",1
"ZBTB38>GTF2F1,+",1
"POLR2I>GTF2F1,-",1
"TMEM259>APH1A,+",1
"APH1A>FNBP1,+",1
"BAZ2A>RUNX1T1,+",1
"G3BP1>TMEM259,+",1
"NAA38>MAP1LC3B,+",1
"ZBTB38>ANAPC13,+",1
"ZBTB38>SELENOH,+",1
"MIER1>TIAL1,-",1
"MAP1LC3B>TIAL1,+",1
"APH1A>ARF5,+",1
"COPA>PON2,+",1
"POLR2I>ROBO1,-",1
"ZBTB38>EIF2S1,-",1
"PLCB4>G3BP1,+",1
"TMEM259>G3BP1,+",1
"ARF5>ALG13,+",1
"TMEM259>ALG13,+",1
"G3BP1>ALG13,+",1
"CCT7>DENR,+",1
"DUSP6>RAB14,+",1
"POLR2I>FNBP1,-",1
"ARF5>RBP5,+",1
"APH1A>LRRC8C,+",1
"PAIP2>LRRC8C,+",1
"HADHA>NAA38,+",1
"LGALS9>SMC2,+",1
"GTF2F1>POLR2I,-",1
"APH1A>POLR2I,-",1
"ERCC6L2>PNKD,+",1
"COPA>MORF4L2,+",1
"AR>HLA-DQA1,+",1
"NAA38>FOXC1,+",1
"G3BP1>PPP4R2,+",1
"RAB2A>PSENEN,+",1
"GPM6A>MORF4L2,-",1
"ROBO1>MORF4L2,+",1
"ATL3>MRPL32,+",1
"C8orf59>TIAL1,+",1
"SEC31A>SNX6,+",1
"SPCS3>EPRS,+",1
"SPPL2A>ADAR,+",1
"ITFG1>C9orf78,-",1
"CAPZB>CSDE1,+",1
"CFI>COPA,+",1
"RAB14>RPS17,+",1
"PTPRG>NFE2L1,+",1
"RPS17>PHKB,+",1
"PPDPF>KLF13,+",1
"RSBN1>PHKB,+",1
"CCT7>PHKB,+",1
"EIF3J>PHKB,+",1
"AR>MFSD10,+",1
"PABPN1>MFSD10,+",1
"SNW1>MFSD10,+",1
"TIAM1>FBXO9,+",1
"NDUFB7>PABPN1,+",1
"HOXB7>FGD4,+",1
"PPP4R2>RAB2A,+",1
"EIF3J>CAPZB,+",1
"RSBN1>CLTA,+",1
"PABPN1>EPC1,+",1
"CCT7>EPC1,+",1
"PNKD>EPC1,-",1
"PABPN1>ITM2A,+",1
"NDUFB7>POLR2I,+",1
"PSMD11>PABPN1,-",1
"SNW1>POLR2I,+",1
"PTPRG>POLR2I,+",1
"PHKB>SPCS3,+",1
"HOXB7>AHNAK2,+",1
"LIMA1>ARL6IP5,+",1
"HOXB7>PFDN1,+",1
"SUN2>G3BP1,+",1
"SPCS3>SELE,+",1
"ADAR>SPPL2A,+",1
"PRKCH>FKBP9,+",1
"FGD4>SPCS3,+",1
"SCARF1>EIF3J,-",1
"PRKCH>EIF3J,+",1
"TRIOBP>EIF3J,+",1
"PRKCH>GRAMD1A,+",1
"RAB14>FKBP9,+",1
"AR>CTBS,+",1
"AKR1A1>GPATCH2L,-",1
"PPP4R2>EIF4G3,-",1
"C8orf59>SEC31A,+",1
"PPP2R1A>SEC31A,+",1
"TRIOBP>UBE2L6,+",1
"ATP6AP2>UBE2L6,+",1
"PPP3CA>CCDC68,+",1
"ARHGEF12>SPCS3,+",1
"PLPP3>GPATCH2L,+",1
"PABPN1>ROBO1,+",1
"CCT7>PLA2G16,+",1
"CCT7>ROBO1,+",1
"ITFG1>FBXO3,+",1
"ZNF292>FBXO3,+",1
"SNW1>CALM3,+",1
"CAPZB>EIF3J,+",1
"FGD4>TIAL1,+",1
"NFE2L1>CFI,+",1
"FGD4>MPRIP,+",1
"C8orf59>CCT7,+",1
"TRIOBP>ENTPD1,+",1
"C8orf59>PAK2,+",1
"TRIOBP>BAZ2A,+",1
"EIF4G3>MYC,+",1
"ATP6AP2>MYC,+",1
"FGD4>HOXB7,+",1
"FZD4>IL1R1,+",1
"SPPL2A>LSM5,+",1
"MX1>TMEM259,+",1
"CALM3>COPA,+",1
"LRRC8C>YLPM1,+",1
"YTHDF3>YLPM1,+",1
"GANAB>TMEM109,+",1
"EPRS>CWC15,+",1
"LRRC8C>TMEM259,+",1
"LARP7>TMEM259,+",1
"AR>CUTA,+",1
"RAB2A>CALM3,+",1
"GANAB>ROBO1,+",1
"LSM5>ROBO1,+",1
"RASSF9>ROBO1,-",1
"YTHDF3>PDCD7,+",1
"CALM3>PDCD7,+",1
"RAB14>COPA,+",1
"PLA2G16>CUTA,+",1
"BIRC2>EIF2S1,+",1
"FTX>POLK,+",1
"RUNDC3B>LSM5,+",1
"REV1>GANAB,+",1
"CRYBG3>BIRC2,+",1
"SMARCE1>EPRS,+",1
"YTHDF3>PNKD,+",1
"LRRC8C>NMT1,+",1
"YTHDF3>SELE,+",1
"YTHDF3>MDFIC,+",1
"LSM5>SKAP2,+",1
"ITFG1>SKAP2,+",1
"LSM5>SPPL2A,+",1
"CWC15>LCORL,+",1
"BAZ2A>MLH3,+",1
"SMARCE1>MLH3,-",1
"RAB14>EIF2S1,+",1
"HNRNPUL1>RPS17,+",1
"NDUFB7>HEBP1,+",1
"CALM3>PNKD,+",1
"SUN2>PTPRG,+",1
"FBXO3>TMEM259,+",1
"PABPN1>SMARCE1,+",1
"NDUFB7>POLR2K,+",1
"SF3A3>POLR2K,+",1
"RPS17>LCORL,+",1
"TBCB>PNKD,+",1
"FGD4>HS3ST1,+",1
"RAB14>SNCG,+",1
"SUN2>EPS15,-",1
"S1PR1>CAMLG,+",1
"HOXB7>CAMLG,+",1
"ZNF292>CAMLG,+",1
"ITFG1>RAB14,+",1
"CCT7>C8orf59,+",1
"PPDPF>HS3ST1,+",1
"C8orf59>RPS17,+",1
"C8orf59>S1PR1,+",1
"LRRC8C>MMP24OS,+",1
"YLPM1>AR,+",1
"HOXB7>GHITM,+",1
"RSBN1>PCYOX1,+",1
"SPCS3>GBP4,+",1
"NAP1L4>SNW1,+",1
"ITFG1>TBCB,-",1
"PPDPF>WASL,+",1
"PCYOX1>TBCB,+",1
"PNKD>TBCB,+",1
"RSBN1>PPHLN1,+",1
"GSPT1>PPHLN1,+",1
"CDKN1A>GSPT1,+",1
"TBCB>GSPT1,+",1
"G3BP1>RGL2,+",1
"DENR>NCOA3,+",1
"ATP6AP2>SMIM10,+",1
"RSF1>REV1,+",1
"KIDINS220>MLH3,-",1
"GANAB>RSF1,+",1
"MAP3K2>TMX2,+",1
"SMARCE1>TMX2,+",1
"SEC63>MAP3K2,+",1
"DPM3>HNRNPUL1,-",1
"CDK2AP2>BMP4,-",1
"NUDT14>LYL1,+",1
"MMP24OS>BMP4,+",1
"LEPR>BMP4,+",1
"FNDC3A>ATL3,+",1
"GHITM>DMAC1,+",1
"RPS17>DMAC1,+",1
"ROBO1>DMAC1,+",1
"PLK2>CDK2AP2,+",1
"ZMYND11>LYL1,+",1
"PLK2>SETD2,+",1
"DPM3>TNKS2,+",1
"PABPN1>ACAT1,+",1
"RSF1>GANAB,+",1
"RPS17>SF3A3,+",1
"NUDT14>SF3A3,+",1
"ROBO1>HOXD8,-",1
"LYL1>HOXD8,+",1
"PLK2>TNKS2,+",1
"MMP24OS>ACIN1,+",1
"KIDINS220>CALM3,-",1
"TIAL1>SPNS2,+",1
"NAP1L4>SPNS2,-",1
"SMC4>SPNS2,+",1
"NAP1L4>BAZ2A,+",1
"FNDC3A>BAZ2A,+",1
"ROBO1>RSRP1,+",1
"ATL3>INHBB,-",1
"NAP1L4>ACAT1,+",1
"ATL3>CTBS,+",1
"UGCG>SPCS3,+",1
"ROBO1>EPC1,-",1
"DPM3>EPC1,+",1
"KLF13>EPC1,-",1
"ROBO1>STMN1,-",1
"METTL26>CTBS,+",1
"ATL3>FBXO3,+",1
"RSF1>RPS17,-",1
"GHITM>METTL26,+",1
"KLF13>METTL26,+",1
"RPS17>METTL26,+",1
"PHKB>KCTD12,+",1
"LEPR>KCTD12,+",1
"KLF13>EPS15,+",1
"EPS15>SKP1,+",1
"NUDT14>TMEM127,+",1
"LAPTM4B>INHBB,+",1
"DPM3>ATP6AP2,+",1
"LAPTM4B>NCOA4,+",1
"GHITM>HEBP1,+",1
"LYL1>HEBP1,+",1
"PHKB>HEBP1,+",1
"DPM3>GHITM,+",1
"KRIT1>ATP6AP2,+",1
"TMEM127>PHKB,+",1
"GHITM>TMEM127,+",1
"SPNS2>LSM12,+",1
"GNAQ>PDE4D,+",1
"RPS17>CWC15,+",1
"NAP1L4>CWC15,+",1
"ZMYND11>CWC15,+",1
"LYL1>NUDT14,+",1
"LAPTM4B>ACAT1,+",1
"CDK2AP2>ACAT1,+",1
"GHITM>PABPN1,+",1
"NR1D2>RAB21,+",1
"CEBPG>NAP1L4,-",1
"OGT>CTBS,+",1
"DPM3>CWC15,+",1
"AHNAK2>KCNQ1OT1,+",1
"FAM167B>KCNQ1OT1,+",1
"PLCB1>KCNQ1OT1,+",1
"CEBPG>RAB21,+",1
"ECHS1>PEBP1,+",1
"DENR>PABPN1,+",1
"ADAR>PABPN1,+",1
"CREBRF>PABPN1,+",1
"BRD7>PABPN1,+",1
"KCNQ1OT1>PABPN1,+",1
"EIF2S1>PABPN1,-",1
"NR5A2>SPCS3,+",1
"CREBRF>IFI44L,+",1
"EPS15>THOC2,+",1
"ECHS1>TOR1AIP1,+",1
"ADAR>CREBRF,+",1
"CLIC2>CREBRF,+",1
"RBMS1>TMEM109,+",1
"ADAR>OGT,+",1
"BIRC2>PPM1F,+",1
"SMARCE1>KIDINS220,+",1
"FZD4>LGALS9,+",1
"SNRPD2>PRDX6,+",1
"NR5A2>LGALS9,+",1
"MPRIP>MMP24OS,+",1
"KCNQ1OT1>MMP24OS,-",1
"CLIC2>MMP24OS,+",1
"EPS15>PRKCH,+",1
"BRD7>ECHS1,+",1
"MPRIP>THOC2,+",1
"RBMS1>THOC2,+",1
"HNRNPUL1>TCEAL3,+",1
"GANAB>KIDINS220,+",1
"SMARCE1>MRPL32,+",1
"ECHS1>MRPL32,+",1
"BIRC2>NFE2L1,+",1
"LAPTM4B>NANS,+",1
"CWC15>NANS,+",1
"NUDT14>NANS,-",1
"ANP32B>GNAI3,+",1
"NR1D2>SMARCE1,-",1
"PABPN1>GNAI3,-",1
"FNDC3A>ANP32B,+",1
"CAV2>PLPP1,+",1
"EPS15>TCEAL3,-",1
"ROBO1>TCEAL3,+",1
"SEC63>TCEAL3,+",1
"PLCB1>MRPL32,+",1
"RBMS1>FZD4,+",1
"NR1D2>HNRNPUL1,+",1
"CLIC2>LYL1,+",1
"BIRC2>HNRNPUL1,+",1
"BIRC2>PSME1,+",1
"MRPL32>MIER1,+",1
"PLCB1>MIER1,+",1
"NR1D2>MIER1,+",1
"OGT>LTN1,+",1
"ADAR>FAM84B,+",1
"ECHS1>FZD4,+",1
"PLCB1>BIRC2,+",1
"ECHS1>BIRC2,+",1
"ADAR>HNRNPA3,+",1
"PLCB1>NET1,+",1
"EPS15>NET1,+",1
"ECHS1>TCP1,+",1
"LAPTM4B>PABPN1,+",1
"LAPTM4B>KRIT1,+",1
"TCP1>CREBRF,-",1
"COPA>FBXO7,+",1
"FRMD4B>MPRIP,+",1
"FBXO7>MPRIP,+",1
"SKAP2>MRPL32,-",1
"DNAJC8>MRPL32,+",1
"LUC7L>FBXO3,+",1
"REEP5>FBXO7,-",1
"SELENOH>APH1A,+",1
"PDE4D>HLA-DQA1,+",1
"NDUFB11>SELENOH,+",1
"CCDC14>CBX5,+",1
"ATP5MF>CBX5,+",1
"SELENOH>MTPN,-",1
"CARHSP1>EIF3J,+",1
"PTPRG>DOCK9,+",1
"THSD7A>GOSR1,+",1
"LAPTM4B>CALM3,+",1
"PLRG1>CRTAP,+",1
"DICER1>PDCD7,+",1
"PDE4D>NMT1,+",1
"FRMD4B>EIF3J,+",1
"NAA38>EIF3J,+",1
"JAG1>PPP2R5C,+",1
"G3BP1>PPP2R5C,+",1
"SPPL2A>PPP2R1A,+",1
"RBMS3>PPP4R2,+",1
"TMA7>EIF2S1,+",1
"DEK>ATP6AP2,+",1
"GSK3A>CSRNP1,+",1
"THSD7A>PDE4D,+",1
"HLA-DQA1>FBXO7,+",1
"FZD4>EGLN1,+",1
"MRPL32>EGLN1,+",1
"CFI>CRTAP,+",1
"CCDC14>CRTAP,+",1
"DUSP6>FGD4,+",1
"PLA2G16>TMX1,+",1
"RAB21>GLRX,+",1
"SELENOH>TXN2,+",1
"PPIC>TXN2,+",1
"DOCK9>DLL4,+",1
"ROBO1>SNW1,-",1
"CBX5>OGT,+",1
"ATP2B4>LYL1,-",1
"RAP1A>GLRX,+",1
"GNAQ>LYL1,+",1
"SRSF5>LYL1,+",1
"PRDX6>LYL1,+",1
"NDUFB11>LYL1,+",1
"PLRG1>GANAB,+",1
"SELENOH>GANAB,-",1
"FBXO3>GLRX,+",1
"GANAB>GLRX,+",1
"PPIC>PRDX6,+",1
"MYL12B>CREM,+",1
"SELENOH>COPB2,+",1
"WARS>RAB2A,+",1
"MRPL32>PPIC,-",1
"SEPT9>CCDC14,+",1
"APH1A>CCDC14,+",1
"SRSF5>TCEAL3,+",1
"AR>CREM,+",1
"COPA>ATP2B4,+",1
"TCEAL3>TFDP2,+",1
"PRDX6>TFDP2,-",1
"MRPL32>ATL3,+",1
"PPIC>ATL3,+",1
"CCDC14>ITFG1,+",1
"REEP5>ITFG1,+",1
"SLC25A3>KRIT1,+",1
"G3BP1>YLPM1,+",1
"REV1>S1PR1,+",1
"ANKRD17>ZC3H6,+",1
"ATL3>EIF3A,+",1
"DEK>EIF3A,+",1
"LAPTM4B>NF1,+",1
"PKM>NAP1L4,+",1
"GTF2I>DOCK9,+",1
"FRMD4B>ZC3H6,+",1
"SLC25A3>MAZ,+",1
"SLC25A3>HLA-DMA,+",1
"KNOP1>KLF4,+",1
"ATL3>PHIP,+",1
"SEPT9>PDE10A,+",1
"TMA7>PDE10A,+",1
"KNOP1>PDE10A,+",1
"YLPM1>BIRC2,+",1
"LAPTM4B>EIF3A,+",1
"NAA38>GSK3A,+",1
"G3BP1>FZD4,+",1
"STX12>GCC2,+",1
"KLF13>GNAQ,+",1
"SEC63>SMC4,+",1
"ANP32B>TIAL1,-",1
"PLK2>TIAL1,+",1
"GHITM>DPM3,+",1
"RSRP1>GCC2,+",1
"KRIT1>YTHDF3,+",1
"KNOP1>TMEM106B,+",1
"KRIT1>SELE,+",1
"NAP1L4>MMP24OS,+",1
"LAPTM4B>AR,+",1
"SLC25A3>CTSC,+",1
"DUSP6>TMEM106B,+",1
"ATL3>TMEM106B,+",1
"AR>BIRC2,+",1
"HYAL2>SEC61G,+",1
"PDE4D>YLPM1,+",1
"INPP1>ROCK1,+",1
"THSD7A>LUC7L,+",1
"DEK>LUC7L,+",1
"SENP6>SMARCE1,+",1
"FBXO7>PLK2,+",1
"SLC25A3>PTPRG,+",1
"PKM>THSD7A,+",1
"GTF2I>ALDH2,+",1
"DEK>RAB14,+",1
"FRMD4B>LCORL,+",1
"SMDT1>LCORL,+",1
"LUC7L>KNOP1,+",1
"YLPM1>KNOP1,+",1
"PDE4D>ANKRD17,+",1
"PPP4R2>YLPM1,+",1
"GTF2I>SPPL2A,+",1
"FBXO7>RAB14,+",1
"PKM>SEC61G,+",1
"YLPM1>KANK3,+",1
"SMARCE1>SENP6,+",1
"PKM>SENP6,+",1
"LAPTM4B>LSM8,+",1
"FRMD4B>LSM8,+",1
"RBMS3>SKAP2,+",1
"FRMD4B>LAPTM4B,+",1
"FBXO7>DICER1,+",1
"GSK3A>ZNF524,-",1
"NAA38>JAG1,+",1
"ATL3>JAG1,+",1
"SMDT1>INPP1,+",1
"NAA38>INPP1,+",1
"ZC3H6>INPP1,+",1
"GOSR1>ZNF524,-",1
"AHNAK2>CREBRF,+",1
"PRNP>PPP4R2,-",1
"G3BP1>SMIM10,+",1
"HNRNPUL1>ASXL1,+",1
"SUN2>DEPP1,+",1
"ANKRD17>DEPP1,+",1
"LRRC8C>GHITM,-",1
"ADD1>GHITM,+",1
"SUN2>LAMP1,+",1
"PEBP1>LAMP1,+",1
"ROBO1>TIAL1,+",1
"SARS>BAX,+",1
"SEPT9>TIAL1,+",1
"PABPN1>FNBP1L,+",1
"SMURF2>FNBP1L,+",1
"CCT7>SMURF2,-",1
"ANKRD17>SMURF2,+",1
"CAVIN3>SMURF2,+",1
"DENR>BAX,+",1
"HNRNPUL1>PIK3R3,-",1
"PLA2G16>SMURF2,+",1
"CAVIN3>MIR99AHG,-",1
"CDK2AP2>ROBO1,+",1
"NCOA3>DENR,+",1
"PON2>ARF5,+",1
"NDUFC2>NAP1L4,+",1
"NFE2L1>AR,+",1
"ROBO1>SHANK3,+",1
"NAP1L4>MIR99AHG,-",1
"BIRC2>ANKRD17,+",1
"PABPN1>SNX6,+",1
"BIRC2>SNX6,+",1
"RSF1>SNX6,+",1
"POLK>NDUFB10,+",1
"ASXL1>PON2,+",1
"LAMP1>FRMD4B,+",1
"FZD4>SMURF2,+",1
"PON2>PPIP5K2,+",1
"NFE2L1>ITFG1,-",1
"NAA38>FZD4,-",1
"PABPN1>SARS,+",1
"SEPT9>SARS,+",1
"PABPN1>SCARB2,+",1
"NAA38>SCARB2,+",1
"GHITM>CAPNS1,+",1
"DEPP1>CAPNS1,+",1
"SMURF2>FZD4,+",1
"LIMA1>ADD1,+",1
"DDX46>CSDE1,+",1
"PABPN1>PYURF,+",1
"HNRNPUL1>PYURF,-",1
"DDX46>POLK,+",1
"SARS>POLK,+",1
"CCT7>NMT1,+",1
"PABPN1>JAG1,+",1
"CSDE1>THRAP3,+",1
"SEPT9>PPIP5K2,-",1
"ADAR>BIRC2,+",1
"NAP1L4>PPIP5K2,+",1
"PPIP5K2>CCDC68,+",1
"ASXL1>CCDC68,+",1
"ADD1>CCDC68,+",1
"PON2>CCDC68,+",1
"SUN2>MLH3,+",1
"PHKB>BIRC2,+",1
"NAP1L4>THRAP3,+",1
"PTPRG>OGT,+",1
"GHITM>OGT,+",1
"SMURF2>OGT,+",1
"SUN2>MAP3K2,+",1
"ASXL1>MAP3K2,+",1
"PDCD7>CLIC4,+",1
"GCC2>ITFG1,-",1
"RASSF9>PPP4R2,+",1
"PON2>SUN2,+",1
"CDK2AP2>CUTA,-",1
"PNKD>VGLL4,-",1
"SPCS3>ATP5MF,-",1
"ELK4>PON2,-",1
"NFE2L1>TNFRSF14,+",1
"PSENEN>TNFRSF14,-",1
"DENR>THRAP3,+",1
"ATP5MF>SEM1,+",1
"VGLL4>PARP9,-",1
"NFE2L1>CCDC68,+",1
"NCOA3>CCDC68,+",1
"GADD45GIP1>KDELR2,+",1
"SPCS3>KDELR2,+",1
"PARP9>CCT2,-",1
"GCC2>CCT2,-",1
"REV1>VGLL4,+",1
"SLC44A1>TFDP2,+",1
"GADD45GIP1>RBMS3,+",1
"NCOA3>SLC44A1,+",1
"RASSF9>C8orf59,+",1
"SLC44A1>S1PR1,+",1
"PDCD7>AKR1A1,+",1
"DENR>PCYOX1,+",1
"CREBRF>SORBS2,-",1
"ATP6AP2>NDUFC2,+",1
"NOB1>PSENEN,+",1
"ITM2A>TFDP2,+",1
"PSENEN>ELK4,+",1
"SMIM10>BRD7,+",1
"LAPTM4B>BRD7,+",1
"PPP4R2>BRD7,+",1
"REV1>WASL,+",1
"CDK2AP2>SELE,-",1
"ADAR>HNRNPUL1,+",1
"ITM2A>RPL17,+",1
"GBP4>NFE2L1,+",1
"PSENEN>ECHS1,+",1
"LIMA1>KCTD12,+",1
"RASSF9>KCTD12,+",1
"NF1>APH1A,+",1
"ADAR>PNKD,+",1
"NCOA3>EPS15,+",1
"HNRNPUL1>ECHS1,+",1
"CDK2AP2>ADAR,+",1
"TFDP2>COPA,-",1
"SORBS2>FBXO7,+",1
"NF1>PDCD7,+",1
"PROCR>NUCB1,+",1
"SUN2>NOB1,+",1
"PSENEN>NOB1,+",1
"SPCS3>NFE2L1,+",1
"GCC2>COPA,+",1
"PSENEN>COPA,+",1
"REV1>UVRAG,-",1
"GADD45GIP1>CDK2AP2,+",1
"DENR>UVRAG,+",1
"CDK2AP2>RAP1A,+",1
"GADD45GIP1>RAP1A,+",1
"AR>RAP1A,+",1
"RASSF9>RAP1A,+",1
"DENR>RWDD4,+",1
"NCOA3>CDK2AP2,-",1
"GADD45GIP1>GNAI3,+",1
"SMIM10>G3BP1,+",1
"ELK4>MIER1,+",1
"ATP5MF>MIER1,+",1
"MIR99AHG>CAPZB,+",1
"PDCD7>GSK3A,+",1
"PSENEN>GSK3A,+",1
"MAP3K2>SUN2,+",1
"RSF1>KNOP1,+",1
"SMARCE1>NBR1,+",1
"FNDC3A>MPRIP,+",1
"TMEM50B>PCYOX1,+",1
"DPM3>LSM12,+",1
"THOC2>C9orf78,+",1
"HEBP1>TCP1,+",1
"ATN1>MPRIP,+",1
"NFAT5>MPRIP,+",1
"RPL17>NET1,+",1
"FRA10AC1>PCYOX1,+",1
"DPM3>OSBPL8,+",1
"PSMA1>OSBPL8,+",1
"TMEM230>PABPN1,+",1
"PSMA1>PABPN1,+",1
"SYPL1>CCT7,+",1
"CLK1>ATP6AP2,+",1
"PDE4D>PCYOX1,+",1
"NDUFS6>COPB2,+",1
"NFAT5>NAP1L4,+",1
"ATN1>PUM1,+",1
"CCT7>PSMA1,+",1
"PCYOX1>PSMA1,+",1
"PSMA1>CXorf36,+",1
"MRPL32>TMEM50B,+",1
"HNRNPUL1>SEPT9,+",1
"TRIOBP>PUM1,+",1
"ROBO1>PUM1,+",1
"ATL3>COPB2,+",1
"NFAT5>RPS17,+",1
"CCT7>RPS17,+",1
"PCYOX1>RPS17,+",1
"PRKCH>RAI14,+",1
"EIF2S1>SUN2,+",1
"DENR>SUN2,+",1
"MRPL32>EIF2S1,+",1
"PSMA1>NAP1L4,-",1
"TCP1>PDE4D,-",1
"EIF2S1>ATL3,+",1
"KIDINS220>SMC4,+",1
"TCP1>DPM3,-",1
"ADAR>DPM3,+",1
"OGT>DPM3,+",1
"CREBRF>DPM3,+",1
"RAP1A>JAG1,+",1
"OGT>RPS17,+",1
"EPS15>PRNP,+",1
"EPS15>LSM12,-",1
"PLCB1>NR1D2,+",1
"ECHS1>SNRPD2,+",1
"KCNQ1OT1>MRPL36,+",1
"EPS15>MRPL36,+",1
"OGT>NBR1,+",1
"AR>PRNP,-",1
"ECHS1>NRDC,+",1
"PRDX6>NAP1L4,+",1
"KIDINS220>CTSB,+",1
"NFAT5>HNRNPUL1,+",1
"RAPGEF5>PROCR,+",1
"PCYOX1>PROCR,+",1
"CCT7>AR,+",1
"ROBO1>AR,+",1
"KCNQ1OT1>TMEM106B,+",1
"FAM84B>SLC20A1,+",1
"OGT>NRDC,+",1
"PPP4R2>CEBPG,+",1
"EPS15>CEBPG,+",1
"NET1>HSPD1,+",1
"NR1D2>MAP1LC3B,+",1
"ECHS1>HBP1,+",1
"PSME1>NRDC,-",1
"NFAT5>NFE2L1,+",1
"OSBPL8>PDE4D,+",1
"PON2>DENR,+",1
"PSMA1>SNHG8,+",1
"RSF1>GNAQ,+",1
"CCT7>EIF2S1,+",1
"PON2>EIF2S1,+",1
"CCT7>SEPT9,+",1
"SUN2>CCT7,+",1
"SLCO2A1>HEG1,+",1
"OCIAD2>NDUFB7,+",1
"PABPN1>PDCD7,+",1
"PBRM1>SMAD1,+",1
"SPCS3>CSDE1,+",1
"SPCS3>NUCB1,+",1
"SPCS3>TAF15,+",1
"MRPL32>PRKCH,+",1
"LYL1>EPS15,+",1
"SMURF2>PLA2G16,+",1
"ROBO1>DDX46,+",1
"NFAT5>SSH1,+",1
"ASXL1>CAVIN3,-",1
"CRYBG3>FBXO7,+",1
"CCT2>FBXO7,+",1
"SEPT9>CDK2AP2,+",1
"ASXL1>ATP6AP2,-",1
"PABPN1>ATP6AP2,+",1
"PABPN1>LRRC8C,+",1
"SNX6>CAVIN3,+",1
"NAA38>NDUFB7,+",1
"ADD1>CRYBG3,+",1
"NAA38>PHKB,+",1
"BIRC2>PHKB,+",1
"GHITM>NAP1L4,+",1
"BIRC2>CCT2,+",1
"SARS>CCT2,+",1
"SNRPE>EPS15,-",1
"TMEM230>SSH1,+",1
"OSBPL8>DPM3,+",1
"RPL17>NDUFS6,+",1
"TCP1>ATN1,+",1
"CCT7>PBRM1,+",1
"HNRNPUL1>CWC15,-",1
"ATN1>NDUFS6,+",1
"DPM3>NDUFS6,-",1
"THOC2>NDUFS6,+",1
"ARFGAP3>MRPL32,+",1
"PSMA1>ATL3,+",1
"PRKCH>TOR1AIP1,+",1
"TRIOBP>SNRPE,+",1
"SLCO2A1>SNRPE,+",1
"NFAT5>SNRPE,+",1
"MRPL32>KIDINS220,+",1
"TCP1>CDKN1A,+",1
"DDX21>ATL3,+",1
"SYPL1>ATL3,+",1
"ROBO1>SSH1,+",1
"TMEM50B>TNFRSF14,+",1
"MRPL32>TROVE2,+",1
"OCIAD2>RPL17,+",1
"PDE4D>TRIB2,+",1
"MRPL32>TRIB2,+",1
"CDKN1A>TNFRSF14,+",1
"PDE4D>TNFRSF14,-",1
"ARFGAP3>LYL1,+",1
"PSMA1>NANS,+",1
"ROBO1>LYL1,+",1
"SYPL1>FRA10AC1,+",1
"SUN2>PARP9,+",1
"PRKCH>PARP9,+",1
"PROCR>GSPT1,+",1
"PROCR>AASDHPPT,+",1
"VPS53>GOSR1,+",1
