,PTEN
"KDM2A>SMC4,+",9
"KDM2A>SP110,+",7
"ARID1A>STX12,+",6
"TAOK3>H2AFJ,+",6
"H2AFJ>ELMO1,+",5
"PTEN>RAB4A,+",5
"SAT2>LAMA5,+",5
"KNOP1>WDR1,+",5
"KDM2A>STAT5B,+",5
"CYTH1>KDM2A,+",5
"CCDC88A>STAT5B,+",5
"TXNDC12>TCN2,+",5
"KDM2A>TAOK3,+",4
"TAOK3>SMARCE1,+",4
"KDM2A>HIGD2A,+",4
"RILPL2>TTC1,+",4
"PSMB3>PRKCSH,+",4
"GABARAPL1>KDM2A,+",4
"HNRNPUL1>WDR1,+",4
"TMEM273>S100A4,+",4
"SP110>STX12,+",4
"RTF1>TAOK3,+",4
"SHOC2>SP110,+",4
"DMAC1>TXNDC12,-",4
"H2AFJ>ABCC4,+",4
"LAMA5>SAT2,+",4
"PPP4R3A>C1orf123,+",4
"C1orf115>DMAC1,+",4
"TMEM273>SAP30BP,+",4
"NME4>TMEM256,+",4
"CCDC88A>PRDM2,+",4
"WDR1>PBXIP1,+",4
"SAP30BP>PEPD,+",4
"TCN2>TXNDC12,+",4
"NME4>EMC2,+",4
"PPP4R3A>UPF2,+",4
"RILPL2>TAOK3,+",3
"KDM2A>SAP30BP,-",3
"EIF3D>SAT2,+",3
"GOLGA2>LAMA5,+",3
"SLIRP>GABARAPL1,+",3
"SAP30BP>PTEN,+",3
"GOLGA2>EMC2,+",3
"PRDM2>CCDC88A,+",3
"TMEM273>SHOC2,+",3
"IFNAR2>S100A4,+",3
"TAOK3>RNF10,+",3
"WDR1>UBE2Q2,+",3
"COPS2>MBTPS1,+",3
"TXNDC12>KPNB1,+",3
"CCDC88A>PSMB3,+",3
"TXNDC12>CCT5,+",3
"CBX3>CSDE1,+",3
"SLC39A1>GOLGA2,+",3
"SHISA5>TTC1,+",3
"CNOT4>HIPK2,+",3
"KPNB1>TXNDC12,+",3
"TMEM273>LAMA5,+",3
"PBXIP1>STAT5B,+",3
"H2AFJ>TAOK3,+",3
"TCN2>RNF10,+",3
"ZNF207>CYTH1,+",3
"ELMO1>VPS37B,+",3
"PTEN>SHISA5,+",3
"TMEM131>C1orf123,+",3
"TMEM273>RAB5C,+",3
"HNRNPUL1>TMEM50B,+",3
"PTEN>WDR1,+",3
"CCDC88A>S100A4,+",3
"STX12>PEPD,+",3
"SLTM>UPF2,+",3
"EMC2>ZKSCAN1,+",3
"SLIRP>TXNDC12,+",3
"STAT5B>PBXIP1,+",3
"PPP4R3A>TAOK3,-",3
"KDM2A>STX12,+",3
"STAT5B>CCDC88A,+",3
"NUDCD1>EMC2,+",3
"PSMB3>CALCOCO2,+",3
"SP110>SHOC2,+",3
"TXNDC12>HIPK2,+",3
"TTC1>WDR1,+",3
"KDM2A>CYTH1,+",3
"NR4A2>S100A4,+",3
"RILPL2>PHF20L1,+",3
"SAP30BP>ARID1A,-",3
"SAP30BP>GOLGA2,+",3
"S100A4>MBTPS1,+",3
"C5orf24>SAP30BP,+",3
"RNF10>POLK,+",3
"CYTH1>POLK,+",3
"ZNHIT1>DMAC1,+",3
"EMC2>LIPA,+",3
"ZNF207>ZKSCAN1,+",3
"PTEN>NME4,+",2
"KPNB1>PHF20L1,+",2
"VAT1>AGFG1,+",2
"HNRNPUL1>SHOC2,+",2
"SLIRP>H2AFJ,+",2
"PSMF1>C1orf115,+",2
"CREBBP>KDM2A,+",2
"SLC39A1>USP14,+",2
"CBX3>PTEN,+",2
"SMARCE1>TAOK3,+",2
"TTC1>NUDT4,+",2
"RNF10>TAOK3,+",2
"POLK>CNOT4,+",2
"FAM107B>LAMA5,-",2
"NME4>PTEN,+",2
"KDM2A>GABARAPL1,+",2
"CCT5>FAM107B,+",2
"NMI>PSMF1,+",2
"FAM107B>PBXIP1,+",2
"TXNDC12>SOS2,+",2
"SLTM>NDUFS1,-",2
"LAMA5>S100A4,+",2
"FDPS>AES,+",2
"TRA2A>RTF1,+",2
"NUDT4>RILPL2,+",2
"PTEN>KNOP1,+",2
"TCN2>PBXIP1,+",2
"LAMA5>ZADH2,+",2
"KDM2A>RILPL2,+",2
"TXNDC12>ZADH2,+",2
"TMEM273>ZNF428,+",2
"H2AFJ>CCDC88A,+",2
"PTEN>KPNB1,+",2
"PRKCSH>PTEN,+",2
"RAB5C>HIST1H4C,+",2
"TMEM131>GOLGA2,+",2
"PSMB5>SAP30BP,+",2
"H2AFJ>ARID1A,+",2
"SLC39A1>SP110,+",2
"DMAC1>C1orf115,+",2
"C1orf123>ARID1A,+",2
"NME4>SAT2,+",2
"SLC39A1>EMC2,+",2
"TXNDC12>CBX3,+",2
"LAMA5>SMARCE1,+",2
"SAP30BP>TXNDC12,+",2
"S100A4>IFNAR2,+",2
"CNOT4>DMAC1,+",2
"SAP30BP>DMAC1,+",2
"ELMO1>H2AFJ,+",2
"CREBBP>C1orf123,+",2
"PBXIP1>PSMF1,+",2
"PBXIP1>WDR1,+",2
"RILPL2>WDR1,+",2
"EMC2>GOLGA2,+",2
"ZNF207>KPNB1,+",2
"SP110>RAB4A,+",2
"IFNAR2>DMAC1,+",2
"ARID1A>NMI,+",2
"UBE2Q2>PURA,+",2
"PPP3CA>SYF2,+",2
"NMI>LIPA,+",2
"H2AFJ>EMC2,-",2
"UBE2I>SLIRP,+",2
"RTF1>CYTH1,+",2
"DMAC1>WDR1,+",2
"TCN2>C1orf115,+",2
"NME4>SMIM37,+",2
"S100A4>ERC1,+",2
"SOS1>PPP4R3A,+",2
"PTEN>ISLR,+",2
"GOLGA2>PAXBP1,+",2
"CCT5>TSR3,+",2
"H2AFJ>PBXIP1,+",2
"RTF1>KDM2A,+",2
"VPS37B>ARID1A,+",2
"TTC1>UBE2Q2,+",2
"HIGD2A>KDM2A,+",2
"RTF1>TCN2,+",2
"TXNDC12>MUC20-OT1,+",2
"SAP30BP>TMEM273,+",2
"TTC1>RAB5C,+",2
"HNRNPAB>SLIRP,+",2
"EMC2>RIF1,+",2
"CCT5>UBE2Q2,+",2
"AGO2>UBR5,+",2
"SHISA5>MCTP1,+",2
"PTEN>C1orf123,+",2
"AP2M1>FBN1,+",2
"STX12>ARID1A,+",2
"TINAGL1>STAT5B,+",2
"RTF1>CX3CL1,+",2
"CCDC88A>ELMO1,+",2
"ARID1A>TNFRSF14,+",2
"CCDC88A>H2AFJ,+",2
"ZNF428>ELMO1,+",2
"RIF1>ARID1A,+",2
"SAP30BP>EMC2,+",2
"CBX3>GLG1,+",2
"LAMA5>SP110,+",2
"GOLGA2>UBE2Q2,+",2
"KDM2A>GOLGA2,+",2
"PTEN>LIPA,+",2
"POLK>RNF10,+",2
"CSDE1>RTF1,+",2
"TMEM50B>HNRNPUL1,+",2
"CCDC88A>TLK1,+",2
"MAGT1>PRKCSH,+",2
"LIPA>ANP32E,+",2
"SUCLG1>TXNDC12,+",2
"SAP30BP>PIN4,+",2
"ABCC4>USP53,+",2
"SMC4>KDM2A,+",2
"RAP1B>LIPA,+",2
"PSMB3>LIPA,+",2
"CCDC88A>TMEM256,+",2
"ZNHIT1>CREBRF,+",2
"RAB5C>PSMB3,+",2
"KDM2A>CNOT4,+",2
"LAMA5>DMAC1,+",2
"C5orf24>ZKSCAN1,+",2
"KDM2A>NUDCD1,+",2
"TTC1>HIGD2A,+",2
"TMEM273>VAT1,+",2
"RTN3>SMC4,+",2
"DMAC1>TCN2,+",2
"WDR1>HBP1,+",2
"CCDC88A>SHISA5,+",2
"SHOC2>ZNF207,+",2
"SYF2>C19orf24,+",2
"POLR2G>COPS2,+",2
"ELMO1>PRKD3,+",2
"GABARAPL1>SUPT6H,-",2
"RILPL2>NUDT4,+",2
"TAOK3>NME4,+",2
"KNOP1>HNRNPUL1,+",2
"CCDC88A>RECQL,+",2
"RNF10>TTC1,-",2
"VPS37B>S100A4,+",2
"CHSY1>TSR3,+",2
"SLIRP>HNRNPUL1,+",2
"NME4>TAOK3,+",2
"NUDT4>HNRNPUL1,+",2
"PRKCSH>KNOP1,-",2
"LAMA5>STAT5B,+",2
"HNRNPUL1>KDM2A,+",2
"SWAP70>STX12,+",2
"MRPS34>DMAC1,+",2
"SLTM>EMC2,+",2
"CNOT4>WDR1,+",2
"ELMO1>TSPAN18,+",2
"KDM2A>PTEN,+",2
"CALCOCO2>CNOT4,+",2
"PRKCSH>SHISA5,+",2
"HNRNPUL1>KNOP1,+",2
"ITSN2>ARID1A,+",2
"SLC12A2>CCDC88A,+",2
"TMEM273>UQCR10,+",2
"SAP30BP>SLC30A7,+",2
"GABARAPL1>H2AFJ,+",2
"H2AFJ>S100A4,+",2
"H2AFJ>POLK,+",2
"STX12>SP110,+",2
"CBX3>SLTM,+",2
"KDM2A>CLTC,+",2
"RAP1B>GABARAPL1,+",2
"HIPK2>CNOT4,+",2
"MBTPS1>NME4,+",2
"SHOC2>GABARAPL1,+",2
"CHSY1>PSMC4,-",2
"KDELR2>CHSY1,+",2
"S100A4>CCDC88A,+",2
"HLA-C>HLA-A,+",2
"STX12>NMI,+",2
"KDM2A>SMIM37,+",2
"PTEN>ALG5,+",2
"TCN2>FDPS,+",2
"LAMA5>GOLGA2,+",2
"C1orf123>PSMB3,+",2
"SAP30BP>RAB4A,-",2
"ELMO1>PRKCSH,+",2
"SLIRP>ABCC4,+",2
"COPS2>ABCC4,+",2
"KDM2A>UPF2,+",2
"GABARAPL1>ZNHIT1,+",2
"TMEM273>SH3BGRL2,+",2
"CCDC88A>EIF3D,+",2
"H2AFJ>FCHO2,+",2
"PRKAA1>TAOK3,+",2
"LAMA5>ZNF207,+",2
"C1GALT1C1>RAB4A,+",2
"RAB4A>C1orf123,+",2
"PPP4R3A>GOLGA2,+",2
"RAB4A>SAP30BP,-",2
"ELMO1>WDR1,+",2
"UBE2I>WDR1,+",2
"MCAM>UPF2,+",2
"TXNDC12>C1orf115,+",2
"PSMC4>RNF10,+",2
"ZNHIT1>SMC4,+",2
"PTEN>PBXIP1,+",2
"PTEN>GABARAPL1,+",2
"GABARAPL1>ERGIC2,+",2
"TMEM273>PSMF1,+",2
"PSMB3>RTF1,+",2
"SLC25A11>MAGT1,+",2
"CCDC88A>PHF20L1,+",2
"STAT5B>KDM2A,+",2
"VAT1>PPP4R3A,+",2
"ELMO1>UBE2I,-",2
"ZNF207>CREBRF,+",2
"TCN2>ANP32E,-",2
"RAB5C>FCHO2,+",2
"RILPL2>PTEN,+",2
"RNF10>ITSN2,+",2
"UBE2Q2>ACTR1A,+",2
"EMC2>SYF2,+",2
"ZKSCAN1>EMC2,+",2
"SHOC2>CHSY1,+",2
"UBE2Q2>WDR1,+",2
"TXNDC12>ERGIC2,+",2
"TXNDC12>VPS37B,+",2
"PTEN>SAP30BP,+",2
"C3orf58>RNF10,+",2
"TXNDC12>PRKCSH,+",2
"PSMB3>DAZAP2,+",2
"RTF1>FDPS,+",2
"TMEM273>TXNDC12,+",2
"WDR1>LGALS1,+",2
"TXNDC12>SPAG9,+",2
"TXNDC12>TMEM273,+",2
"GABARAPL1>MBTPS1,+",2
"TAOK3>PRKAR2A,+",2
"CALCOCO2>EMC2,+",2
"UBE2Q2>LGALS1,+",2
"NME4>SHOC2,+",2
"KDM2A>SHOC2,+",2
"DMAC1>ANP32E,+",2
"TCN2>KPNB1,+",2
"TMEM273>SAT2,+",2
"TXNDC12>S100A4,-",2
"STX12>FBN1,+",2
"TXNDC12>NUDCD1,+",2
"SAP30BP>KDM2A,-",2
"ATP5F1C>CCT5,+",2
"TCN2>MCAM,+",2
"TXNDC12>FGD5-AS1,+",2
"PKM>SYF2,+",2
"SHOC2>RAB4A,-",2
"PSMA1>SYF2,+",2
"KDM2A>CALCOCO2,+",2
"H2AFJ>RNF10,+",2
"SAP30BP>C1orf115,+",2
"PSMB3>HIGD2A,+",2
"NMI>STX12,+",2
"SEC61G>BLOC1S1,+",2
"TXNDC12>CYTH1,+",2
"ANKRD28>TRA2A,+",2
"CNOT4>EIF3D,+",2
"AES>SOS1,+",2
"C3orf58>PTEN,+",2
"CYTH1>UPF2,+",2
"CCDC88A>ATP2A2,+",2
"RAP1B>GOLGA2,+",2
"TAOK3>VAT1,+",2
"ZNF207>S100A4,+",2
"KNOP1>TMEM273,+",2
"COPS2>SMC4,+",2
"HIGD2A>GABARAPL1,+",2
"IFNAR2>TAOK3,+",2
"RILPL2>PPP3CA,+",2
"IFNAR2>ZNF428,+",2
"TXNDC12>HIGD2A,+",2
"SMARCE1>UPF2,+",2
"TMEM273>KNOP1,+",2
"CLTC>KPNB1,+",2
"WDR1>TCN2,+",2
"ATP5F1C>LIPA,-",2
"TXNDC12>EMC2,+",2
"FGD5-AS1>CCT5,+",2
"ZNHIT1>LIPA,+",2
"FDPS>H2AFJ,+",2
"UPF2>PPP4R3A,+",2
"STX12>SYF2,+",2
"KPNB1>C3orf58,+",2
"KNOP1>VAT1,+",2
"SEC63>ITSN2,+",1
"ACBD3>PBXIP1,+",1
"KDM2A>SLC30A7,+",1
"RBMX>MCAM,+",1
"SAP30BP>MCAM,+",1
"TMEM50B>TCN2,-",1
"APLP2>DAZAP2,+",1
"CYTH1>HIGD2A,+",1
"KDM2A>GLG1,+",1
"BEND7>CYTH1,+",1
"ACBD3>EIF3D,+",1
"CSDE1>ITSN2,+",1
"RNF10>S100A4,+",1
"BEND7>S100A4,-",1
"SMARCE1>LAMA5,+",1
"ZC3H14>TET2,+",1
"SAP30BP>PSMB3,+",1
"PRKD3>USP9X,+",1
"EIF3D>VPS37B,+",1
"APC>MRPL32,+",1
"SMAD9>H2AFJ,+",1
"CCDC88A>VPS37B,+",1
"APC>TLK1,+",1
"VAT1>PBXIP1,+",1
"PTTG1IP>LIPA,+",1
"PBXIP1>VPS37B,+",1
"OPTN>RILPL2,+",1
"PTTG1IP>COPA,+",1
"SEM1>COPA,+",1
"STAT5B>CYTH1,+",1
"PRKAR2A>ZNHIT1,+",1
"EIF3D>TTC19,+",1
"SAP30BP>TTC19,+",1
"NR4A2>USP14,+",1
"C1orf115>USP14,+",1
"STAT5B>USP14,+",1
"CCDC88A>TTC19,+",1
"MTPN>ZC3H14,+",1
"PSIP1>H2AFJ,+",1
"CX3CL1>NME4,+",1
"EMC2>SLC30A7,+",1
"PPP4R3A>TTC19,+",1
"DAZAP2>STX12,+",1
"HDAC1>RNF10,+",1
"EMC2>CALCOCO2,+",1
"ZC3H14>STX12,+",1
"CX3CL1>SWAP70,+",1
"ITSN2>PRKD3,+",1
"S100A4>TMEM273,+",1
"DMAC1>LSM7,+",1
"SLIRP>LSM7,+",1
"KDM2A>NMI,+",1
"NME4>SUZ12,+",1
"BEND7>LSM7,+",1
"AK3>PRKD3,+",1
"PRKCSH>PRKD3,+",1
"CCDC88A>TAX1BP1,+",1
"ACBD3>ITPRIP,-",1
"RNF10>C1GALT1C1,+",1
"CHSY1>C1GALT1C1,+",1
"DMAC1>NMI,-",1
"POLK>COX5B,+",1
"MTPN>CX3CL1,+",1
"HDAC1>EMC2,+",1
"PBXIP1>EMC2,+",1
"NDUFS1>CX3CL1,+",1
"BEND7>LPGAT1,+",1
"TXNDC12>FCHO2,+",1
"ZNF207>SUGT1,+",1
"PSIP1>SWAP70,+",1
"ATOX1>CHMP2A,+",1
"SERPINH1>KIAA0355,+",1
"DAZAP2>RILPL2,+",1
"TMEM273>PLK3,+",1
"HIST1H4C>CALCOCO2,+",1
"CX3CL1>PLK3,+",1
"PA2G4>EIF2S2,+",1
"SYF2>HIGD2A,+",1
"SMC4>PLK3,+",1
"TMEM50B>RNF10,-",1
"SMC4>CSDE1,+",1
"APLP2>RNF10,+",1
"RTF1>DMAC1,+",1
"CX3CL1>RILPL2,+",1
"TMEM273>TSC22D3,+",1
"ZC3H14>TMEM50B,+",1
"SAP30BP>ATOX1,+",1
"CCDC88A>ATOX1,+",1
"MTPN>TMEM50B,+",1
"SMC4>UBE2Q2,-",1
"DMAC1>CCT5,+",1
"DOCK9>AKAP9,+",1
"LIPA>RAB14,+",1
"TMEM273>SYF2,+",1
"S100A4>TSC22D3,+",1
"HECTD1>GOLGA2,+",1
"ANP32E>SMIM37,+",1
"PTEN>STMP1,+",1
"TCN2>GLUD1,+",1
"CMPK1>C1orf115,+",1
"ITSN2>PSMF1,+",1
"ARID1A>NUDT4,+",1
"USP9X>RIF1,+",1
"EMC2>PSMF1,-",1
"TCN2>FGD5-AS1,+",1
"PTTG1IP>FGD5-AS1,+",1
"USP9X>FGD5-AS1,+",1
"COX6B1>FGD5-AS1,+",1
"EIF3D>GNA11,+",1
"PRKCSH>GNA11,+",1
"ACBD3>UBE2Q2,+",1
"PRKAR2A>EFR3A,+",1
"RIF1>PRKCSH,+",1
"PBXIP1>ELMO1,+",1
"UPF2>RECQL,+",1
"PA2G4>PRKCSH,+",1
"USP9X>C1GALT1C1,+",1
"PA2G4>C1GALT1C1,-",1
"PRKD3>C1GALT1C1,+",1
"KIF1B>ARID1A,+",1
"PTEN>KDM2A,+",1
"KDM2A>PTPRM,+",1
"CSDE1>MAGT1,+",1
"CYTH1>OPTN,+",1
"HNRNPUL1>APOL3,+",1
"PHF20L1>TRIP11,+",1
"CSDE1>ROCK2,+",1
"TTC1>PHF20L1,+",1
"APC>PHF20L1,+",1
"PBXIP1>HIST1H4C,+",1
"SMC4>BAG1,+",1
"HNRNPUL1>SMIM30,+",1
"TCN2>SHISA5,+",1
"KDM6B>SHISA5,+",1
"USP9X>SAP30BP,+",1
"KDM2A>TSR3,+",1
"HECTD1>TSR3,+",1
"GNA11>SYNE1,-",1
"PBXIP1>PRKAR2A,+",1
"H2AFJ>PRKAR2A,+",1
"ARID1A>SAP30BP,-",1
"STAT5B>TAOK3,+",1
"PTTG1IP>CSDE1,+",1
"EFR3A>PRKAR2A,+",1
"AK3>NR4A2,+",1
"KDM6B>SNHG7,+",1
"APC>CREBRF,+",1
"FDPS>TTC1,+",1
"NUDT4>TTC1,+",1
"PTEN>GLUD1,+",1
"ARID1A>PPP4R3A,+",1
"NFIL3>RECQL,+",1
"ITSN2>ACTR1A,+",1
"PHF20L1>RAP1B,+",1
"EFR3A>SMIM30,+",1
"CCDC88A>TDG,+",1
"PA2G4>KIF1B,+",1
"LAP3>DDX24,+",1
"ARID1A>KIF1B,+",1
"TTC1>ELMO1,+",1
"DMAC1>ELMO1,-",1
"NFIL3>GOLGA2,+",1
"EMC2>MYLK,+",1
"HNRNPUL1>PBXIP1,+",1
"GABARAPL1>KDM6B,+",1
"PSMB3>PRKD3,+",1
"USP9X>PRKD3,+",1
"PRKD3>ERGIC2,+",1
"APC>ERGIC2,+",1
"PBXIP1>ERGIC2,+",1
"KIF1B>C19orf24,+",1
"RTF1>SUGT1,+",1
"DMAC1>C19orf24,+",1
"RTF1>GABARAPL1,+",1
"NR4A2>APOL3,+",1
"DMAC1>APOL3,+",1
"KDM6B>NR4A2,+",1
"PKM>LAP3,+",1
"PTTG1IP>SYF2,+",1
"RAP1B>SMG1,+",1
"ZNHIT1>SLIRP,+",1
"AK3>ACTR1A,-",1
"NFAT5>PKM,+",1
"ARID1A>TXNDC12,+",1
"ANP32E>C1orf43,+",1
"ZNHIT1>SNX3,+",1
"PRKD3>KDELR2,+",1
"STX12>USP1,+",1
"APC>CMPK1,+",1
"ARID1A>CMPK1,+",1
"TTC1>RILPL2,+",1
"DMAC1>ARID5A,+",1
"PA2G4>MAP4,+",1
"ARID5A>MAP4,+",1
"NUDT4>SHOC2,+",1
"EIF3D>TAF15,+",1
"PRKCSH>SEC63,+",1
"ITSN2>SEC63,+",1
"NFIL3>RILPL2,+",1
"NR4A2>ARID5A,+",1
"SAP30BP>NDUFA2,+",1
"ATP5F1A>ARID5A,+",1
"EIF3D>SMC4,+",1
"SUCLG1>POLK,+",1
"ITSN2>SMC4,+",1
"SYNGR2>LIPA,+",1
"PSMC4>SAT2,-",1
"C1orf115>STAT5B,+",1
"PSMA1>STAT5B,+",1
"ACBD3>RFC1,+",1
"AK3>PRKCSH,+",1
"EIF3D>PTEN,+",1
"CCDC88A>C1GALT1C1,+",1
"C1orf43>COTL1,-",1
"PEPD>C1GALT1C1,+",1
"RTF1>COTL1,+",1
"ELMSAN1>C1GALT1C1,+",1
"PAXBP1>LIPA,+",1
"PEPD>TOMM22,+",1
"MRPS34>MYADM,+",1
"HIGD2A>ANAPC16,+",1
"C1orf115>TXNDC12,+",1
"SYNGR2>IFNAR2,+",1
"CYTH1>PPP1R3B,+",1
"TMEM173>PPIG,+",1
"ELMSAN1>CNOT4,+",1
"TMEM131>CNOT4,+",1
"FDPS>PPIG,+",1
"ACBD3>PAXBP1,-",1
"KIAA0355>CNOT4,+",1
"H2AFJ>PRKCSH,+",1
"TOMM22>ATP2A2,+",1
"NDUFS1>SUGT1,+",1
"SYNGR2>CHMP2A,+",1
"PSMB1>TMEM173,+",1
"TCN2>STAT5B,+",1
"TMEM273>RTF1,-",1
"TMEM173>PEPD,+",1
"NFIL3>PEPD,+",1
"PHF20L1>EIF3D,-",1
"MRPS34>EMC2,+",1
"SYF2>EMC2,+",1
"PRKCSH>UPF2,+",1
"YWHAH>HIGD2A,+",1
"CCDC88A>HIGD2A,+",1
"RTF1>UPF2,+",1
"CYTH1>ANKRD28,+",1
"TCN2>MRPS34,+",1
"FAM107B>SUMF2,+",1
"S100A4>HSPA12B,+",1
"PSMA1>PLCB1,+",1
"PIK3C2A>PLCB1,+",1
"PRKAR2A>H2AFJ,+",1
"ELMSAN1>PLCB1,+",1
"SUMF2>PLCB1,+",1
"PPP1R3B>HECTD1,-",1
"RTF1>LAMA5,+",1
"TINAGL1>PEPD,+",1
"DMAC1>PSMC4,+",1
"ZNHIT1>PPIG,+",1
"CNOT4>ELMSAN1,+",1
"FDPS>TCN2,+",1
"PLK3>PDAP1,+",1
"RTF1>FCHO2,+",1
"VAT1>LIPA,+",1
"SAP30BP>AES,+",1
"CYTH1>PSMF1,-",1
"SAP30BP>PSMC4,+",1
"PSMB1>PNN,+",1
"PSMB1>RFC1,+",1
"ACBD3>PNN,+",1
"MAPRE1>PSMC4,-",1
"ANP32E>TCN2,-",1
"VAT1>TCN2,+",1
"ZNHIT1>RAB5C,+",1
"ERBIN>SAP30BP,+",1
"PSMB1>SYF2,+",1
"KDM2A>FCHO2,+",1
"TMEM173>SAP30BP,+",1
"ZNHIT1>FCHO2,+",1
"MAPRE1>ASAP1,+",1
"PSMC4>MAPRE1,-",1
"VAT1>ASAP1,+",1
"SYF2>TMEM256,+",1
"ANP32E>TMEM256,-",1
"MOB4>SYF2,+",1
"RTF1>CCT5,+",1
"PLK3>SIGIRR,+",1
"ITPRIP>NME4,+",1
"PSMA1>PSIP1,+",1
"PSMA1>TLK1,+",1
"PSMC4>NMI,+",1
"SUGT1>GOLGA2,+",1
"NME4>AGFG1,+",1
"STAT5B>GOLGA2,+",1
"RAB14>MORF4L2,+",1
"SUMF2>PAXBP1,+",1
"RNF10>PLEKHG1,-",1
"USP9X>GABARAPL1,+",1
"CYTH1>SIGIRR,-",1
"FAM107B>A4GALT,+",1
"GOLGA2>SIGIRR,+",1
"PTEN>PPP4R3A,+",1
"GOLGA2>RPS17,+",1
"PSMA1>SLTM,+",1
"CYTH1>RPS17,+",1
"PEPD>RICTOR,+",1
"PSMA1>RICTOR,+",1
"RAB14>PPM1G,+",1
"SUMF2>SYNGR2,+",1
"LAP3>SYNGR2,+",1
"PSMB5>CALCOCO2,+",1
"PSMB1>PDAP1,+",1
"GOLGA2>ERBIN,+",1
"CBX3>SHOC2,+",1
"EIF3D>UPF2,+",1
"TXNDC12>TAOK3,+",1
"SUCLG1>VPS37B,+",1
"TMEM50B>VPS37B,-",1
"ITSN2>GOLGA2,+",1
"AES>VPS37B,+",1
"KNOP1>ZBTB7A,+",1
"NDUFS1>ZBTB7A,-",1
"TMEM50B>SUCLG1,+",1
"CYTH1>EIF3D,+",1
"ZC3H14>SUCLG1,+",1
"CX3CL1>SUCLG1,+",1
"FDPS>ELMO1,+",1
"BEND7>SUCLG1,+",1
"ARID1A>ERGIC2,+",1
"EIF3D>DMAC1,+",1
"KDM2A>TMEM50B,+",1
"MAPRE1>KDM2A,+",1
"PBXIP1>CNOT4,+",1
"TXNDC12>SUCLG1,+",1
"KDM2A>C1orf115,+",1
"PSIP1>FDPS,+",1
"TMEM273>PBXIP1,+",1
"GNA11>C1orf115,+",1
"SMC4>C1orf115,+",1
"SAP30BP>SEC63,-",1
"FDPS>NFIL3,+",1
"VAT1>ARPC5,+",1
"FGD5-AS1>ACBD3,+",1
"CX3CL1>NUDCD1,+",1
"CCDC88A>DRAP1,+",1
"KDM2A>FGD5-AS1,+",1
"NME4>EIF3D,-",1
"TINAGL1>DRAP1,+",1
"ACTR1A>S100A4,+",1
"DMAC1>POLK,+",1
"OPTN>ITPRIP,+",1
"SAP30BP>SMARCE1,+",1
"TMEM273>SMARCE1,+",1
"CCDC88A>PBXIP1,+",1
"CSDE1>PPP1R7,+",1
"SAP30BP>NDUFS1,+",1
"TMEM273>NDUFS1,+",1
"EIF3D>PPP1R7,+",1
"LSM7>NDUFS1,+",1
"PSIP1>ARID1A,+",1
"RTF1>ACBD3,+",1
"SUCLG1>BEND7,+",1
"SAP30BP>DOCK9,+",1
"MCAM>WDR1,+",1
"PSIP1>SEC61B,+",1
"CCDC88A>GOLGA2,+",1
"SERPINH1>NUDCD1,-",1
"PSIP1>RBMX,+",1
"NFAT5>SLC39A1,+",1
"DMAC1>S100A4,+",1
"NME4>RND3,-",1
"FAM107B>LAP3,+",1
"VAT1>RND3,+",1
"ANKRD12>NUDT4,+",1
"SUMF2>NUDT4,+",1
"TPM1>HBP1,-",1
"ITSN2>IFNAR2,+",1
"EMC2>TCN2,+",1
"AK3>TCN2,+",1
"PEPD>SAP30BP,+",1
"PHF20L1>STX12,+",1
"PLK3>RND3,+",1
"CNOT4>TAOK3,+",1
"SMARCE1>COX7A2,+",1
"ITSN2>STX12,+",1
"SUMF2>PBXIP1,+",1
"PHF20L1>KDM2A,+",1
"ATP5F1A>DBI,+",1
"TXNDC12>STX12,+",1
"UBE2Q2>SPAG9,+",1
"LIPA>ERBIN,+",1
"NME4>STAT5B,+",1
"PTPRM>KDM2A,+",1
"C1orf115>PEPD,+",1
"CCDC88A>TXNDC12,+",1
"SUMF2>TMEM131,+",1
"MRPS34>TSR3,+",1
"SYNGR2>TSR3,-",1
"C1orf115>TCN2,+",1
"ZNF207>CDKN1B,+",1
"ITSN2>SLC39A1,+",1
"RAB5C>PSMB5,+",1
"CCDC88A>WDR1,+",1
"C1orf115>PTEN,+",1
"PEPD>C1orf115,+",1
"SUMF2>TTC1,+",1
"PPP4R3A>TTC1,+",1
"HIGD2A>TTC1,+",1
"HYAL2>YWHAH,+",1
"SMC4>CBX3,+",1
"CCDC88A>AES,+",1
"SAP30BP>PPP4R3A,+",1
"CCDC88A>FDPS,+",1
"SUGT1>PPP4R3A,+",1
"CBX3>GABARAPL1,-",1
"SLC39A1>SAT2,+",1
"LAP3>ATP5F1A,+",1
"PSMC4>PSMB3,+",1
"CCT5>TMEM50B,-",1
"PSMA1>PSMB3,+",1
"TOMM22>TSC22D3,-",1
"SUMF2>FAM107B,+",1
"IFNAR2>SHOC2,+",1
"TXNDC12>PTEN,+",1
"KDM6B>STX12,+",1
"SP110>ERBIN,+",1
"VAT1>SMG1,+",1
"RPL36AL>PSMB3,+",1
"MAGT1>GOLGA2,+",1
"PSMB1>SP110,+",1
"HNRNPUL1>TSPAN4,+",1
"SAP30BP>TNFAIP1,+",1
"PPP3CA>ERBIN,+",1
"LAMA5>PSMA1,+",1
"RAB4A>ERBIN,-",1
"CALCOCO2>SEC61G,+",1
"PSMB3>RILPL2,+",1
"TCN2>RILPL2,+",1
"PPDPF>PRKD3,+",1
"PSMB1>PRKD3,+",1
"SMG1>PDLIM5,+",1
"ASAP1>PPP3CA,+",1
"TCN2>PRKD3,+",1
"SMC4>SMIM30,+",1
"WDR1>HNRNPUL1,+",1
"AGTRAP>GOLGB1,+",1
"RAB4A>GOLGB1,+",1
"SLC30A7>ELAVL1,+",1
"HNRNPUL1>NUTM2B-AS1,-",1
"ZNHIT1>NUTM2B-AS1,+",1
"GOLGA2>USP14,+",1
"CALCOCO2>PPP3CA,+",1
"ZNHIT1>USP14,+",1
"KDM2A>SMAD9,+",1
"ZFHX3>SMAD9,+",1
"TCN2>SMARCE1,+",1
"PTEN>SMARCE1,+",1
"PPP3CA>ASAP1,+",1
"PPP3CA>PRKD3,+",1
"PPP3CA>COPS2,+",1
"C9orf16>ANP32E,+",1
"SIGIRR>TMEM50B,+",1
"PPDPF>ARHGAP5,-",1
"ZNHIT1>ARHGAP5,+",1
"SLC25A11>RTF1,-",1
"RAB4A>H2AFJ,-",1
"H2AFJ>EIF2AK2,+",1
"LAMA5>TMEM50B,+",1
"SLC30A7>TMEM50B,+",1
"RPL36AL>SHOC2,+",1
"TSPAN4>SMIM37,+",1
"SLC25A11>PDAP1,+",1
"PPDPF>TMEM256,+",1
"PPDPF>WDR1,+",1
"KDM2A>POLK,+",1
"PPDPF>CCT5,+",1
"SLC30A7>SHOC2,+",1
"CCT5>UQCR10,+",1
"PSMB1>ANP32E,+",1
"TCN2>GSK3B,+",1
"SLC30A7>ANP32E,+",1
"ZNF207>ANP32E,+",1
"ZNHIT1>PPDPF,+",1
"TCN2>MYLK,+",1
"PDAP1>MYLK,+",1
"PSMB3>TMEM273,+",1
"EIF2AK2>ZFHX3,+",1
"CALCOCO2>UQCR10,+",1
"PPDPF>ZNF207,+",1
"ZFHX3>ZNF207,+",1
"SAP30BP>RPL36AL,+",1
"SUCLG1>MAGT1,+",1
"C5orf24>MAGT1,+",1
"ASAP1>MAGT1,+",1
"MAGT1>PRKAR2A,+",1
"SMC4>SLC25A11,-",1
"PDAP1>SLC25A11,+",1
"CBX3>PCBP1,+",1
"TAOK3>KDM6B,+",1
"TXNDC12>SDCCAG8,+",1
"LAP3>PDLIM1,+",1
"C9orf16>RPS17,+",1
"SAP30BP>CCT5,+",1
"CCT5>PCBP1,+",1
"CHMP2A>TMEM131,+",1
"TRA2A>KDM6B,+",1
"LIPA>RTN3,+",1
"LUZP1>RTN3,+",1
"RND3>BRWD1,+",1
"UBE2Q2>BRWD1,+",1
"ARID1A>SCFD1,+",1
"COX6B1>SCFD1,+",1
"TAX1BP1>KDM6B,+",1
"ATOX1>C3orf58,-",1
"MAGT1>SLC25A11,+",1
"PDLIM1>GLUD1,+",1
"TRA2A>GOLGA2,+",1
"LAP3>RAB5C,+",1
"EMC2>ZNF207,+",1
"KDM6B>ZNF207,+",1
"TRA2A>ASAP1,+",1
"CHMP2A>ASAP1,+",1
"LUZP1>GLUD1,+",1
"CNOT4>CALCOCO2,+",1
"ATOX1>GLUD1,+",1
"ENO1>GLUD1,+",1
"SCFD1>ERGIC2,+",1
"C9orf16>BLOC1S1,+",1
"KDM6B>TAX1BP1,+",1
"SCFD1>ARID1A,+",1
"LUZP1>ERC1,+",1
"C5orf24>ERC1,+",1
"TRA2A>CNOT4,+",1
"MGST2>LIPA,+",1
"SHOC2>HNRNPUL1,+",1
"ATOX1>EMC2,+",1
"TAOK3>EMC2,-",1
"PTEN>S100A4,+",1
"WDR1>S100A4,+",1
"SEM1>NME4,+",1
"ARID1A>UBE2Q2,+",1
"LAP3>FCHO2,+",1
"PTEN>UBE2Q2,+",1
"CNOT4>ZC3H14,+",1
"SHOC2>ZC3H14,+",1
"PDLIM1>SAP30BP,+",1
"TCN2>RTCB,-",1
"RPL36AL>RTCB,+",1
"PDLIM1>HNRNPUL1,+",1
"SHOC2>LAP3,+",1
"ATOX1>RILPL2,+",1
"SHOC2>RILPL2,+",1
"MTPN>TMEM273,+",1
"ARID1A>TMEM273,+",1
"HNRNPUL1>PSMC4,+",1
"WDR1>PSMC4,-",1
"LIPA>LGALS1,+",1
"CBX3>BRK1,+",1
"KDM6B>PSMC5,+",1
"COX6B1>SHOC2,+",1
"S100A4>SHOC2,+",1
"ATOX1>RNH1,+",1
"PDLIM1>RNH1,+",1
"DDX24>DMAC1,+",1
"BRWD1>RND3,+",1
"UQCR10>CCT5,+",1
"TCN2>SAP30BP,+",1
"RPL36AL>SAP30BP,+",1
"ARL6IP5>NME4,+",1
"PHF20L1>PBXIP1,+",1
"C3orf58>KNOP1,+",1
"SUPT6H>SH3BGRL2,+",1
"SMC4>SLIRP,+",1
"ETV6>SAP30BP,+",1
"PPP1R13B>ZC3H14,+",1
"TGFB1>TMEM245,+",1
"ARL6IP5>RILPL2,+",1
"DDX52>TMEM245,+",1
"CREBRF>DMAC1,+",1
"ELAVL1>DMAC1,+",1
"ABCC4>ACBD3,-",1
"TERF2IP>MAP2K2,+",1
"CCT5>FGD5-AS1,+",1
"TCN2>DDX24,+",1
"SMC4>RILPL2,+",1
"SAP30BP>ZMIZ1,+",1
"TCN2>PHF20L1,+",1
"POLK>CYTH1,+",1
"SYF2>CYTH1,+",1
"MED13>CYTH1,+",1
"MVB12A>PSMC4,+",1
"ETV6>RAB4A,+",1
"ADAM17>RAB4A,+",1
"PBXIP1>PHF20L1,+",1
"MVB12A>DMAC1,+",1
"C1GALT1C1>PHF20L1,+",1
"NUDT4>CSDE1,+",1
"TMEM273>PPP1R13B,+",1
"ETV6>PPP1R13B,+",1
"NME4>TDG,+",1
"S100A4>TDG,+",1
"TGFB1>NDUFB1,+",1
"ACBD3>NDUFB1,+",1
"MAP2K2>NDUFB1,+",1
"CPT1A>PRKAR1A,+",1
"TTF1>NELFE,+",1
"POLR2E>MYL9,+",1
"VPS37B>HIPK2,-",1
"PNN>HIPK2,+",1
"ABCC4>ZBTB38,+",1
"SHISA5>PRKAR1A,+",1
"TMEM273>SLC44A1,+",1
"C11orf58>MRPL20,+",1
"ELMO1>SLC44A1,-",1
"DDX52>MCAM,+",1
"C11orf58>CPT1A,+",1
"PNN>CPT1A,+",1
"ELAVL1>CCDC88A,-",1
"PNN>CCDC88A,+",1
"NOL7>NELFE,+",1
"NOL7>NDUFB11,+",1
"CLTC>NOL7,+",1
"ABCC4>NOL7,+",1
"ELAVL1>NOL7,-",1
"NELFE>NOL7,+",1
"PPM1G>CALCOCO2,+",1
"C11orf58>CALCOCO2,+",1
"ELMO1>FDPS,+",1
"PRR13>TMEM9B,-",1
"BEX4>SEC63,-",1
"NELFE>RBMS3,+",1
"GLG1>DNAJC21,-",1
"ACBD3>SPAG9,+",1
"SHISA5>SPAG9,+",1
"GLG1>NMI,+",1
"GLG1>MRPL20,+",1
"NME4>PGRMC2,+",1
"SLIRP>ZMIZ1,+",1
"PTEN>AGTRAP,+",1
"NUDT4>MED13,+",1
"CNOT4>VPS13D,+",1
"TMEM273>VPS13D,+",1
"POLK>VPS13D,+",1
"SLIRP>USP1,+",1
"PBXIP1>MED13,+",1
"CYTH1>MED13,+",1
"SLIRP>PSMA1,+",1
"TMEM273>ETV6,+",1
"SYF2>PSMA1,+",1
"PBXIP1>PSMA1,+",1
"PPP1R7>VAT1,+",1
"SMC4>TAF15,+",1
"MCAM>TAF15,+",1
"UBE2I>KDM6B,+",1
"TAF15>ETV6,-",1
"RILPL2>ADAM17,+",1
"TMED7>TCN2,+",1
"TCN2>NDUFS1,+",1
"C5orf24>AGTRAP,+",1
"SLC25A11>AGTRAP,-",1
"NFATC3>HSD17B4,+",1
"SUCLG1>HSD17B4,+",1
"TCN2>THRAP3,+",1
"H2AFJ>SLTM,+",1
"PPP1R7>NDUFS1,+",1
"NME4>GABARAPL1,+",1
"C1GALT1C1>NDUFS1,+",1
"SP110>CCT5,+",1
"SUPT6H>CCT5,+",1
"TES>WASHC3,+",1
"NME4>WASHC3,+",1
"H2AFJ>GABARAPL1,+",1
"SERINC3>RTF1,+",1
"MVB12A>USP9X,+",1
"ETV6>TMEM256,+",1
"ZMIZ1>MVB12A,+",1
"TCN2>SP110,+",1
"NUDT4>SP110,+",1
"SUPT6H>MIEN1,+",1
"PROCR>MIEN1,+",1
"MED13>ZNF207,+",1
"SUPT6H>MVB12A,-",1
"POLK>SHOC2,+",1
"TCN2>TMEM256,+",1
"MED13>SHOC2,+",1
"NME4>STMP1,+",1
"NME4>SLC30A7,+",1
"TES>TCN2,+",1
"MCAM>TCN2,+",1
"NUDT4>TCN2,+",1
"NME4>TMEM273,+",1
"PPP1R13B>TMEM273,+",1
"LAMA5>TMEM273,+",1
"TAF15>LAMA5,+",1
"TAOK3>ARHGAP5,+",1
"TMEM273>RICTOR,+",1
"C1GALT1C1>LUZP1,+",1
"TAF15>LUZP1,+",1
"UBE2I>UPF2,+",1
"MED13>MYLK,+",1
"MED13>PPP1R7,+",1
"TMEM273>PPP1R7,+",1
"SLIRP>FAM107B,+",1
"VAT1>SMC4,+",1
"SLIRP>SMC4,+",1
"TCN2>TES,+",1
"MCAM>TES,+",1
"RND3>GOLGA2,+",1
"CHMP2A>TRA2A,+",1
"PSMB3>NME4,+",1
"PSMB5>NELFE,+",1
"RAB14>TOPORS,+",1
"HIGD2A>STAT5B,+",1
"DMAC1>PSMA3-AS1,-",1
"CCDC88A>PSMA3-AS1,+",1
"PPP4R3A>SOS1,+",1
"SLC30A7>SCARF1,+",1
"POLK>NELFE,+",1
"MCAM>CBX3,+",1
"LAMA5>NELFE,+",1
"HNRNPUL1>CYTH1,+",1
"UBE2H>CTNNA1,+",1
"LAMA5>PRKCSH,+",1
"SIGIRR>SUGT1,+",1
"RAB14>SUGT1,+",1
"STMN1>CREBBP,+",1
"GLG1>LIPA,+",1
"HNRNPUL1>SUGT1,+",1
"NME4>NDUFA3,+",1
"PPP3CA>KNOP1,+",1
"TMEM50B>KNOP1,+",1
"SDCCAG8>PPP4R3A,+",1
"C3orf58>PPP4R3A,+",1
"NME4>PPP4R3A,+",1
"DDX24>LAP3,+",1
"TXNDC12>SAT2,+",1
"NR4A2>LIPA,+",1
"LRMDA>SHOC2,+",1
"NR4A2>SHOC2,+",1
"TFAM>PTEN,+",1
"PPP3CA>SHOC2,+",1
"SLIRP>SHOC2,+",1
"DDX24>TRA2A,+",1
"MVB12A>SUGT1,+",1
"RAB14>VAT1,+",1
"SUGT1>TRA2A,+",1
"ATP5F1A>MVB12A,+",1
"DMAC1>RND3,+",1
"CREBRF>RND3,+",1
"SAP30BP>WDR1,+",1
"RAB14>PPIG,+",1
"SIGIRR>SERPINB1,+",1
"DMAC1>SERPINB1,+",1
"C3orf58>MVB12A,-",1
"MVB12A>KNOP1,+",1
"DMAC1>SHISA5,-",1
"SERPINB1>SHISA5,+",1
"PSMB5>SHISA5,+",1
"POLK>SHISA5,-",1
"MCTP1>TSC22D3,+",1
"RAB14>KPNB1,+",1
"SAP30BP>KNOP1,+",1
"RAB14>TAOK3,+",1
"PSMB5>PPP3CA,+",1
"PSMB5>TMEM256,+",1
"POLK>LIPA,+",1
"SERPINB1>HIST1H4C,+",1
"CCDC88A>PAXBP1,+",1
"POLK>PTPN14,-",1
"ABCC4>PTPN14,+",1
"RAB14>MAGT1,+",1
"SIGIRR>CREBRF,+",1
"RAB14>SHOC2,+",1
"RAB14>CREBRF,+",1
"STK38L>CREBRF,+",1
"PSMB5>NUDT4,+",1
"MCTP1>LPGAT1,+",1
"PSMA3-AS1>LPGAT1,+",1
"STK38L>LPGAT1,+",1
"KPNB1>PURA,+",1
"HLA-C>PURA,+",1
"DDX24>KPNB1,+",1
"TXNDC12>SERPINB1,+",1
"SAT2>EIF3D,+",1
"PPP3CA>FBN1,+",1
"MALAT1>FBN1,+",1
"RNF10>ZNF428,+",1
"ISCU>ZNF428,+",1
"KPNB1>ELMO1,+",1
"RNF10>CSRNP1,-",1
"TXNDC12>EIF3D,+",1
"NR4A2>CSRNP1,+",1
"TXNDC12>TMEM50B,+",1
"NPC2>TMEM50B,+",1
"SHOC2>NR3C1,+",1
"NDUFA3>NR3C1,+",1
"CSDE1>NR3C1,+",1
"ISCU>EIF3D,+",1
"TRA2A>NUDCD1,+",1
"GLG1>SWAP70,+",1
"TTC1>HNRNPUL1,+",1
"TTC1>VPS37B,+",1
"UPF2>SLTM,+",1
"ZNHIT1>RAB4A,+",1
"CCDC88A>RAB4A,+",1
"UBE2Q2>RAB4A,+",1
"PSMB3>C1orf123,+",1
"APC>SEC61B,+",1
"SLIRP>PSIP1,+",1
"PTTG1IP>SEC61B,+",1
"KIF1B>C5orf24,+",1
"LAP3>LRMDA,+",1
"PPP3CA>LRMDA,+",1
"PPP3CA>PSIP1,+",1
"MALAT1>PSIP1,+",1
"CCT5>ARID1A,+",1
"DDX24>PPP3CA,+",1
"SERPINB1>PPP3CA,-",1
"NR4A2>SUGT1,+",1
"NME4>RNF10,-",1
"RAP1B>RNF10,+",1
"CCT5>ABCC4,+",1
"RNF10>SUGT1,+",1
"CSDE1>SUGT1,+",1
"TMEM50B>SUGT1,+",1
"LRMDA>GABARAPL1,+",1
"NDFIP1>NBR1,+",1
"CSDE1>GABARAPL1,+",1
"SERPINB1>GABARAPL1,+",1
"NDFIP1>GABARAPL1,+",1
"LRMDA>SLIRP,+",1
"SUGT1>PNRC2,+",1
"NDFIP1>GLG1,+",1
"GLG1>SDCCAG8,+",1
"EGLN1>SDCCAG8,+",1
"ISCU>WDR1,+",1
"PPP3CA>USP14,+",1
"CBX3>ISCU,+",1
"RNF10>UBE2Q2,+",1
"PSIP1>COX6B1,+",1
"RAB13>CCT5,+",1
"LAP3>CCT5,+",1
"ZNHIT1>CCT5,+",1
"SDCCAG8>TLK1,-",1
"DDX24>MCAM,+",1
"RNF10>VAT1,-",1
"PBXIP1>UBR5,+",1
"BEND7>NUDT4,+",1
"ARPC1B>PPA1,+",1
"GLG1>SIGIRR,+",1
"CCDC88A>KPNB1,+",1
"ZNF428>KPNB1,+",1
"DMAC1>MCTP1,+",1
"TINAGL1>CREBBP,-",1
"PSMB1>RAB4A,+",1
"KDM6B>MBTPS1,+",1
"CREBBP>MBTPS1,+",1
"PPP4R3A>PTGES3,-",1
"ATOX1>RND3,+",1
"FAM107B>RND3,+",1
"PPP4R3A>RAPGEF1,+",1
"CYTH1>C1GALT1C1,+",1
"LAMA5>RAPGEF1,+",1
"UFSP2>SHISA5,-",1
"NME4>PSMB1,+",1
"CYTH1>UFSP2,+",1
"PRKCSH>UFSP2,-",1
"PLEKHA3>UFSP2,+",1
"PSMB1>FAM107B,+",1
"PRKCSH>C1GALT1C1,+",1
"NME4>TLK1,+",1
"SLTM>KDM6B,+",1
"NME4>ITSN2,+",1
"ERBIN>ADAM17,+",1
"SLC39A1>TCN2,+",1
"AES>TCN2,+",1
"RND3>ZNF428,+",1
"PPP4R3A>KDM6B,-",1
"RAP1B>SOS1,+",1
"PPP4R3A>BUB3,+",1
"ADAM17>STK4,+",1
"KDM6B>STK4,+",1
"PRKCSH>UBE2A,-",1
"PSMB3>UBE2A,+",1
"PBXIP1>KNOP1,+",1
"ARID1A>KNOP1,+",1
"PPP4R3A>SUMO1,+",1
"CCDC88A>WARS,+",1
"LIPA>WARS,+",1
"PPP3CA>SH3BGRL2,+",1
"PSMB1>KDM2A,+",1
"PPP4R3A>CALCOCO2,+",1
"ARID1A>ABCC4,-",1
"WDR1>STX12,+",1
"MBTPS1>H2AFJ,-",1
"PTEN>H2AFJ,+",1
"TLK1>GABARAPL1,+",1
"ARID1A>WARS,+",1
"PSMB1>SHOC2,+",1
"PSMB1>EIF1AX,+",1
"GABARAPL1>AES,+",1
"CYTH1>PTEN,+",1
"LUZP1>SLTM,+",1
"HYAL2>SLTM,+",1
"FAM107B>KDM2A,+",1
"RND3>KDM2A,+",1
"SHOC2>GOLGA2,+",1
"PPP3CA>GOLGA2,+",1
"KDM6B>SLTM,+",1
"RAP1B>TINAGL1,+",1
"NME4>LGALS1,+",1
"ARID1A>EFR3A,+",1
"TLK1>WDR1,+",1
"ZFHX3>CYTH1,+",1
"ARID1A>CYTH1,+",1
"PPP3CA>CLTC,+",1
"NME4>ARID1A,+",1
"ZFHX3>ARID1A,+",1
"SHOC2>ARID1A,+",1
"ARID1A>PLEKHA3,+",1
"PSMB1>WARS,+",1
"NME4>ZNHIT1,-",1
"PRKCSH>CTNNAL1,+",1
"ELMO1>MCTP1,+",1
"ERGIC2>TSR3,+",1
"SAP30BP>GADD45A,+",1
"DMAC1>GADD45A,+",1
"DMAC1>HIGD2A,+",1
"CTSL>HIGD2A,+",1
"POLK>MPZL1,+",1
"CCDC88A>MPZL1,+",1
"MAGT1>TSR3,+",1
"UBE2H>SYF2,+",1
"DMAC1>STMN1,+",1
"ABCC4>STMN1,+",1
"CCDC88A>STMN1,+",1
"SAP30BP>STMN1,+",1
"DMAC1>PSMF1,+",1
"ABCC4>H2AFJ,+",1
"ATP5F1A>SLC30A7,+",1
"H2AFJ>TMED2,+",1
"ERBIN>CTNNAL1,+",1
"MAGT1>C3orf58,+",1
"RUFY3>MCTP1,+",1
"RAB14>ZNF428,+",1
"USP53>ZNF428,+",1
"HNRNPUL1>PLEKHG1,+",1
"UBE2H>PLEKHG1,+",1
"POLK>C3orf58,+",1
"RAB14>CYTOR,+",1
"ERGIC2>STK38L,+",1
"STMN1>CYTOR,+",1
"CREBRF>CYTOR,+",1
"RILPL2>PSMB5,+",1
"KDM2A>AKAP9,+",1
"ZNF428>CYB5B,-",1
"LPGAT1>STK38L,+",1
"MCTP1>PPP4R3A,+",1
"ERGIC2>PPP4R3A,+",1
"MPZL1>TXNDC12,+",1
"PRKCSH>DECR1,-",1
"ADAM17>ERBIN,+",1
"WARS>PRKCSH,+",1
"UFSP2>PRKCSH,-",1
"CLTC>ZFHX3,+",1
"TLK1>ZFHX3,-",1
"PSMB1>DECR1,+",1
"ERBIN>SYF2,+",1
"RAB14>SAP30BP,+",1
"FAM107B>ELMO1,+",1
"GOLGA2>UPF2,+",1
"PBXIP1>LAMA5,+",1
"ARID1A>UBE2R2,-",1
"PPP4R3A>UBE2R2,+",1
"LIPA>TNFAIP1,+",1
"MVB12A>PTEN,+",1
"MPZL1>CCDC88A,+",1
"STK38L>MTPN,+",1
"CREBRF>LAMA5,+",1
"MAGT1>LAMA5,+",1
"DMAC1>LAMA5,+",1
"RAB14>LAMA5,+",1
"STK38L>PBXIP1,+",1
"STK38L>RILPL2,+",1
"PSMB5>RILPL2,+",1
"LIPA>RILPL2,+",1
"DMAC1>RILPL2,+",1
"USP53>ABCC4,+",1
"C3orf58>CBX3,+",1
"CTSL>CALCOCO2,+",1
"ZNF428>S100A4,+",1
"CTSL>ZNHIT1,+",1
"HBP1>PTEN,+",1
"RTF1>NFAT5,+",1
"ANP32E>SAT2,+",1
"POLK>AGPAT5,+",1
"CDC42EP3>PLK3,+",1
"DNAJB14>ZBTB7A,+",1
"EFR3A>PRDM2,+",1
"LAP3>SLC3A2,+",1
"DNAJB14>PSMC4,+",1
"CLTB>PSMC4,-",1
"ZBTB7A>SLC30A7,+",1
"ERGIC2>CDC42EP3,+",1
"DNAJB14>ATP5MPL,+",1
"ZNF207>CYB5B,+",1
"AES>CYB5B,+",1
"PKM>CYB5B,+",1
"PSMF1>MAGT1,+",1
"ZBTB7A>VASP,-",1
"TXNDC12>GNB2,+",1
"HSPA12B>PLK3,+",1
"POLK>SLIRP,+",1
"ZBTB7A>SIGIRR,+",1
"CDC42EP3>LUC7L2,+",1
"DNMT1>USP1,+",1
"HNRNPAB>USP1,+",1
"ABCC4>TMEM50B,+",1
"COPS2>RRAS,+",1
"CCT5>CARHSP1,+",1
"PKM>CARHSP1,+",1
"TCN2>ATP5MF,+",1
"IMP3>SIGIRR,+",1
"ABI3>CDKN1B,+",1
"DNAJB14>CDKN1B,+",1
"VAT1>CDKN1B,+",1
"SRP9>MORF4L2,+",1
"VASP>SIGIRR,+",1
"CREBRF>SIGIRR,+",1
"POLK>TOR1AIP2,+",1
"CREBRF>IMP3,-",1
"CCT5>IMP3,+",1
"ERGIC2>HSPA12B,+",1
"COPS2>S100A4,+",1
"HNRNPUL1>COX6B1,+",1
"TCN2>PPP3CA,+",1
"ZNF207>ACTR1A,+",1
"PKM>TMEM256,+",1
"PSMF1>HSPA12B,+",1
"VASP>SRP9,+",1
"SRP9>TMEM14C,+",1
"LBR>HNRNPAB,+",1
"HSPA12B>PSMF1,+",1
"CYB5B>COPS2,+",1
"POLK>COPS2,+",1
"CREBRF>NDUFA3,+",1
"SUCLG1>SH2D3C,-",1
"SEC61B>UBL5,+",1
"CLTB>ARPC5L,+",1
"ERGIC2>IMP3,+",1
"ABCC4>SUCLG1,+",1
"SEC61B>IMP3,+",1
"VAT1>HNRNPUL1,+",1
"CHSY1>HNRNPUL1,+",1
"SLC30A7>HNRNPUL1,+",1
"DNAJB14>DNAJC3,+",1
"POLK>SUCLG1,+",1
"DNAJB14>AKAP9,+",1
"VASP>DNMT1,+",1
"HNRNPUL1>LBR,+",1
"IMP3>LBR,+",1
"EFR3A>LBR,+",1
"ERGIC2>LBR,+",1
"SRP9>RTF1,+",1
"HNRNPUL1>PGRMC2,+",1
"HNRNPUL1>AGPAT5,+",1
"DNAJB14>AGPAT5,+",1
"SHISA5>BEND7,+",1
"TXNDC12>AGPAT5,-",1
"MESD>NUCB2,+",1
"PRKAA1>SDCCAG8,+",1
"NME4>SP110,+",1
"PPP4R3A>NR4A2,-",1
"SLTM>TMEM273,+",1
"TMEM273>ANP32E,+",1
"TSPAN4>ANP32E,+",1
"TTC1>PPP4R3A,+",1
"CREBBP>PPP4R3A,+",1
"RTF2>PPP4R3A,+",1
"TMEM256>USP53,+",1
"SLTM>PSIP1,+",1
"ELAVL1>CCDC124,+",1
"SAP30BP>CCDC124,-",1
"GOLGA2>C5orf24,+",1
"SLIRP>NUCB2,+",1
"NUCKS1>SAT2,+",1
"RAB11B>PIN4,-",1
"PPP4R3A>CCND2,+",1
"RTF2>BEND7,-",1
"PPP4R3A>BEND7,+",1
"TMEM273>MBNL2,+",1
"PHF20L1>ARHGAP5,+",1
"UBE2Q2>CREBBP,+",1
"LRMDA>CCND2,+",1
"RAB11B>CLTC,+",1
"NME4>TOMM22,+",1
"STMP1>UPF2,-",1
"TSPAN4>S100A4,-",1
"RTF1>ELAVL1,+",1
"HIPK2>ERGIC2,+",1
"KDM2A>ERGIC2,+",1
"SHOC2>SLTM,+",1
"MESD>C5orf24,+",1
"NME4>SAP30BP,+",1
"EMC2>PSMC5,+",1
"SEC61B>COX20,+",1
"CCDC88A>C1orf115,-",1
"MAF1>TTC1,+",1
"WDR1>TTC1,+",1
"HIPK2>ZKSCAN1,+",1
"PHF20L1>WDR1,+",1
"KDM2A>HNRNPUL1,+",1
"CREBRF>COX20,+",1
"CREBBP>LIPA,+",1
"HNRNPUL1>RND3,+",1
"SMARCE1>SNW1,-",1
"CDC42EP3>SNW1,+",1
"ABI3>ABI2,+",1
"CCT5>ABI2,-",1
"ABI3>AGPAT5,-",1
"ARHGAP5>SNX5,+",1
"PURA>GOLGA2,+",1
"PSIP1>NUCKS1,+",1
"TSPAN4>TCN2,+",1
"NR4A2>ARID1A,+",1
"LAMA5>RAB11B,+",1
"TSPAN4>PAXBP1,+",1
"ARID1A>H2AFJ,+",1
"GOLGA2>H2AFJ,+",1
"C5orf24>PSMF1,+",1
"SAP30BP>TRA2A,+",1
"ATP2A2>GOLGA2,+",1
"HIGD2A>PBXIP1,+",1
"C5orf24>RILPL2,+",1
"UBE2Q2>RILPL2,+",1
"PPP4R3A>SLIRP,+",1
"RGS16>SLIRP,+",1
"TMEM273>GOLGA2,+",1
"PRDM2>SH2D3C,+",1
"PTEN>PPM1D,+",1
"ATP5MF>GPBP1,+",1
"PSMF1>ERGIC2,+",1
"EMC2>RAB22A,+",1
"LAP3>RAB22A,+",1
"SEC63>PRKCSH,+",1
"PNN>TCN2,+",1
"H2AFJ>KAT6A,+",1
"PPP3CA>KAT6A,+",1
"C5orf24>KAT6A,+",1
"PTEN>SH3BGRL2,+",1
"CHSY1>ZC3H14,+",1
"KAT6A>KPNB1,+",1
"C5orf24>STX12,-",1
"RAP1B>PITPNB,-",1
"ATP5F1C>PITPNB,+",1
"C5orf24>PITPNB,+",1
"PPP4R3A>PITPNB,+",1
"AKAP9>RAB22A,+",1
"PNN>ZNHIT1,+",1
"KAT6A>LIPA,+",1
"EMC2>TMEM273,+",1
"CALCOCO2>UGP2,+",1
"PCGF2>PBXIP1,+",1
"PCGF2>KIAA0355,+",1
"GOLGA2>TMEM273,+",1
"H2AFJ>TMEM273,+",1
"C5orf24>TMEM273,+",1
"LAP3>TMEM273,+",1
"H2AFJ>LIPA,+",1
"PPP3CA>PSMB3,+",1
"CBX3>SMIM37,+",1
"RAB22A>PRDM2,+",1
"SEC63>PRDM2,+",1
"RAB22A>AKAP9,+",1
"PREX2>RNF10,+",1
"TMEM9B>TTC1,+",1
"NFAT5>SLC38A2,+",1
"MCAM>PREX2,+",1
"GOLGA2>UBR5,+",1
"COPS2>MOB4,+",1
"SERINC3>MTPN,+",1
"IFNAR2>MTPN,+",1
"STX12>MTPN,+",1
"MBTPS1>AP2M1,+",1
"TAOK3>UBR5,+",1
"ATP5F1C>CHMP2A,+",1
"SLC25A11>MOB4,+",1
"FZD4>MBTPS1,+",1
"C1orf115>MCTP1,+",1
"SLC25A11>VAT1,+",1
"SERINC3>VAT1,+",1
"SERINC3>LAMA5,+",1
"TINAGL1>UQCR10,+",1
"KDM2A>MOB4,+",1
"KDM2A>TMEM9B,+",1
"RAP1B>SIGIRR,+",1
"GOLGA2>KNOP1,-",1
"NFAT5>SIGIRR,+",1
"PNN>SIGIRR,+",1
"TAOK3>C19orf24,+",1
"MCAM>C19orf24,+",1
"NFAT5>CD55,+",1
"TTC1>KNOP1,+",1
"KDM2A>ABI2,+",1
"TXNDC12>TMEM9B,+",1
"TAOK3>ATP5F1C,+",1
"TAOK3>PHF20L1,+",1
"FZD4>PHF20L1,+",1
"SERINC3>PHF20L1,+",1
"NFAT5>PHF20L1,+",1
"C5orf24>SPAG9,+",1
"DAZAP2>UGP2,-",1
"SMIM37>UGP2,+",1
"TRA2A>UGP2,+",1
"PTEN>GOLGA2,+",1
"TRA2A>NR4A2,+",1
"CHSY1>NR4A2,+",1
"SEC63>NR4A2,+",1
"PPP3CA>ZBTB7A,+",1
"TES>PTPN12,+",1
"H2AFJ>GOLGA2,+",1
"RAB22A>RILPL2,+",1
"S100A4>CYB5B,+",1
"EMC2>SAP30BP,+",1
"S100A4>SAP30BP,+",1
"EMC2>PPP4R3A,+",1
"CLTC>PPP4R3A,+",1
"NME4>MOB4,+",1
"ZC3H14>MOB4,+",1
"PCGF2>HYAL2,+",1
"GOLGA2>RAB5C,+",1
"ELMO1>TSR3,+",1
"NMI>ATP5F1C,-",1
"SLC30A7>VPS13D,+",1
"CCT5>VPS13D,+",1
"LBR>VPS13D,+",1
"VASP>SEC63,+",1
"SEC61B>SEC63,+",1
"HNRNPUL1>PTEN,+",1
"NMI>USP1,+",1
"NR4A2>SEC63,+",1
"PRKCSH>USP1,-",1
"NR4A2>UBTF,+",1
"RAB22A>UBTF,+",1
"UBE2H>SEC63,+",1
"CALCOCO2>SEC63,+",1
"PPP3CA>SEC63,+",1
"PPP3CA>TSR3,+",1
"SEC63>TRA2A,-",1
"ENO1>CBX3,+",1
"CALCOCO2>KNOP1,+",1
"CHSY1>EGLN1,-",1
"SEC63>SLC30A7,-",1
"GNB1>ANKRD12,+",1
"C5orf24>EMC2,+",1
"ELMO1>RIF1,+",1
"NMI>KNOP1,+",1
"ENO1>C5orf24,+",1
"PCGF2>SLIRP,+",1
"S100A4>SHISA5,+",1
"NME4>ZNF207,+",1
"EMC2>S100A4,+",1
"EMC2>DDX24,+",1
"DAZAP2>CALCOCO2,+",1
"NME4>CALCOCO2,+",1
"PPP3CA>EGLN1,+",1
"EMC2>C3orf58,+",1
"C5orf24>RNF168,+",1
"HECTD1>DDX23,+",1
"PRKCSH>RNF168,+",1
"GOLGA2>HECTD1,+",1
"C5orf24>HECTD1,+",1
"KAT6A>PPP3CA,+",1
"CBX3>PPP3CA,+",1
"NMI>PPP3CA,+",1
"LIPA>DDX23,+",1
"CBX3>C3orf58,+",1
"ZC3H14>DDX23,-",1
"GNB1>DDX23,+",1
"RTF1>TTC1,+",1
"PPP3CA>DMAC1,+",1
"SH3BGRL2>DMAC1,+",1
"H2AFJ>DMAC1,+",1
"PSMC5>BEND7,+",1
"UBE2Q2>ZNHIT1,+",1
"TXNDC12>ABCC4,-",1
"CCDC88A>ENSA,+",1
"ABCC4>TNFAIP1,+",1
"KDM2A>C8orf33,+",1
"SUGT1>C8orf33,+",1
"CLTA>PNRC2,+",1
"RAB14>PNRC2,+",1
"NME4>RECQL,+",1
"FAM171A1>RECQL,+",1
"LAMA5>RECQL,+",1
"RAB7A>SLC3A2,+",1
"SLIRP>SLC3A2,+",1
"SUGT1>CNOT4,+",1
"FBN1>AHSA1,+",1
"CYB5B>XPO1,+",1
"ZNHIT1>XPO1,+",1
"FBN1>XPO1,+",1
"PPDPF>TLK1,+",1
"LAMA5>CYB5B,+",1
"KDM2A>CYB5B,+",1
"SAT2>CLTA,+",1
"XPO1>FAM107B,+",1
"CNOT4>ZNF131,+",1
"CLTA>ZNF131,+",1
"MKNK2>DOCK9,+",1
"AES>DOCK9,+",1
"SAT2>DOCK9,+",1
"CX3CL1>NOSIP,+",1
"RTCB>TAX1BP1,+",1
"FCHO2>ECE1,+",1
"RAB7A>RUNX1T1,+",1
"GABARAPL1>HNRNPUL1,-",1
"C3orf58>HNRNPUL1,+",1
"FAM107B>HNRNPUL1,+",1
"SAT2>MKNK2,+",1
"CNOT4>KDM2A,+",1
"ABCC4>KDM2A,+",1
"RAP1B>BTG2,+",1
"KDM2A>CYSLTR1,+",1
"CNOT4>CBX5,+",1
"CNOT4>PSMC4,+",1
"FBN1>PSMC4,+",1
"FBN1>WBP11,+",1
"LAMA5>WBP11,+",1
"CCDC88A>NFAT5,+",1
"CNOT4>CYSLTR1,+",1
"WBP11>CX3CL1,+",1
"ENSA>CYSLTR1,+",1
"CNOT4>PSMA1,+",1
"ABCC4>EHD2,+",1
"SAT2>NR4A2,+",1
"PPP3CA>HIPK2,+",1
"KDM2A>HIPK2,+",1
"DLG1>CX3CL1,+",1
"CCDC88A>CX3CL1,+",1
"SUGT1>BTG2,+",1
"FAM171A1>RTCB,+",1
"SUGT1>SLC39A1,+",1
"ABCC4>SMC4,+",1
"TNFAIP1>RND3,+",1
"ABCC4>RND3,+",1
"XPO1>RTCB,+",1
"C3orf58>RTCB,+",1
"LAMA5>RTCB,+",1
"TAX1BP1>MBTPS1,+",1
"KDM2A>ZNHIT1,+",1
"CX3CL1>DLG1,+",1
"RAP1B>DMAC1,+",1
"CLTA>SUGT1,+",1
"PPP3CA>MBTPS1,+",1
"ENSA>MBTPS1,+",1
"NME4>FAM107B,+",1
"S100A4>NONO,+",1
"RGS16>ZNHIT1,+",1
"FCHO2>UGCG,+",1
"FCHO2>KPNB1,+",1
"VPS29>PEPD,+",1
"LAP3>SEC61B,+",1
"NR4A2>TAOK3,+",1
"FCHO2>TAOK3,+",1
"C1GALT1C1>AGFG1,+",1
"NUDT4>XRN2,+",1
"XRN2>TMEM30A,+",1
"DDX24>TMEM30A,+",1
"UBE2Q2>FBN1,+",1
"CPNE3>FBN1,+",1
"ZNF207>VPS29,+",1
"YWHAB>VPS29,+",1
"NFAT5>VAT1,+",1
"UBE2Q2>VAT1,+",1
"FCHO2>ZNHIT1,+",1
"C3orf58>NR4A2,+",1
"SUGT1>RND3,+",1
"UBE2Q2>TMEM256,+",1
"RND3>GIPC2,+",1
"SP110>GIPC2,-",1
"VAT1>FCHO2,+",1
"NR4A2>COPS2,-",1
"NFAT5>ERC1,+",1
"FCHO2>ERC1,+",1
"FBN1>TMEM256,+",1
"SLC25A11>FKBP9,+",1
"LAP3>TMEM256,+",1
"MORF4L1>MBTPS1,+",1
"XRN2>CYTH1,+",1
"STX12>CYTH1,+",1
"PSMF1>ITSN2,+",1
"TTF1>ARHGAP31,+",1
"WDR1>VAT1,+",1
"SUGT1>C1GALT1C1,+",1
"ZNF207>USP14,+",1
"SLC25A11>NME4,+",1
"RND3>SUGT1,+",1
"KDELR2>STX12,+",1
"NR4A2>WDR1,+",1
"XRN2>CBX3,+",1
"SUGT1>UPF2,+",1
"XRN2>TTF1,+",1
"MBTPS1>CCDC68,-",1
"SLC25A11>PSMF1,+",1
"FAM171A1>CCDC68,+",1
"PTEN>CCDC68,+",1
"GABARAPL1>RTF1,+",1
"PNRC2>RTF1,+",1
"CCDC88A>RTF1,+",1
"CYB5B>RPS17,+",1
"ANKRD12>SH3BGRL2,+",1
"UBE2Q2>SHOC2,+",1
"SP110>PPP3CA,+",1
"KDELR2>KDM2A,+",1
"LAP3>AKR1C3,+",1
"ZNF207>TRA2B,+",1
"BTG2>TRA2B,+",1
"YWHAB>TRA2B,+",1
"KCTD12>BTG2,+",1
"BTG2>EMC2,+",1
"SLC25A11>BUB3,+",1
"CPNE3>CSDE1,+",1
"KCTD12>BUB3,-",1
"NFAT5>RICTOR,+",1
"XRN2>RICTOR,+",1
"FCHO2>RICTOR,-",1
"ANKRD12>RAB4A,+",1
"FBN1>ZKSCAN1,+",1
"C3orf58>HIPK2,+",1
"TACC1>GABARAPL1,+",1
"SAT2>NDUFA10,+",1
"SLIRP>NDUFA10,+",1
"HBEGF>HBP1,-",1
"USP14>PRKCSH,-",1
"TOMM22>PRKCSH,+",1
"SLC30A7>PRKCSH,+",1
"ERC1>TCN2,+",1
"TCN2>ARL5B,+",1
"TOMM22>ARL5B,+",1
"FDPS>USP48,+",1
"UBE2R2>USP48,+",1
"ARL5B>USP48,+",1
"ERGIC2>USP48,+",1
"RAB5C>KLHL5,+",1
"ARL5B>KLHL5,-",1
"CBX3>PSMF1,+",1
"FAM107A>PSMF1,+",1
"CDC42EP3>HBP1,+",1
"MRPS18B>HBP1,+",1
"VAT1>HBP1,-",1
"NME4>RAB5A,-",1
"PKM>MRPS18B,+",1
"TES>USP14,+",1
"FAM107A>ERC1,-",1
"VPS37B>ERC1,+",1
"COX20>NR4A2,+",1
"HBP1>SAP30BP,+",1
"TINAGL1>RAB5A,+",1
"VAT1>CDC42EP3,+",1
"TOMM22>SYPL1,+",1
"PPP1R7>SYPL1,-",1
"HBP1>DMAC1,+",1
"S100A4>SMC4,-",1
"PPP4R3A>SMC4,+",1
"CDC42EP3>SMC4,+",1
"FDPS>GOLGA2,+",1
"UBE2R2>KDM2A,+",1
"VPS37B>KDM2A,+",1
"SLIRP>RGS16,+",1
"EMC2>NDUFA10,-",1
"C5orf24>TOP1,+",1
"ARID1A>CNOT4,+",1
"PPP4R3A>PHF5A,+",1
"ANP32E>POLK,+",1
"SLTM>RGS16,+",1
"CCDC88A>RGS16,+",1
"TDG>PTEN,+",1
"TMEM273>PCGF2,+",1
"HIGD2A>PCGF2,+",1
"TSPAN4>TMEM256,+",1
"SLTM>MCTP1,+",1
"CREBBP>PRKAA1,+",1
"PPP4R3A>TAX1BP1,+",1
"MAF1>NDUFA10,+",1
"TINAGL1>PTEN,+",1
"USP14>VCAM1,-",1
"SAP30BP>NME4,+",1
"UBE2R2>VCAM1,-",1
"SUCLG1>TMEM273,+",1
"VPS37B>ZNHIT1,+",1
"PPP1R7>ZBTB7A,+",1
"ERC1>VPS37B,+",1
"ERC1>ABI2,+",1
"TMEM273>NME4,+",1
"GABARAPL1>TDG,+",1
"SUCLG1>NME4,+",1
"DMAC1>SHISA5,+",1
"SHISA5>SLIRP,+",1
"TINAGL1>SLIRP,+",1
"TMEM273>RAB4A,+",1
"CDC42EP3>RAB4A,+",1
"APOPT1>MRPS18B,+",1
"PPP4R3A>COX20,-",1
"WBP11>COX20,+",1
"HBP1>NPEPPS,+",1
"FAM107A>GHITM,+",1
"ERC1>HBEGF,+",1
"CALCOCO2>ARMCX3,+",1
"TINAGL1>SLC39A1,+",1
"TCN2>TOMM22,+",1
"ERGIC2>TOMM22,+",1
"ERC1>NPEPPS,+",1
"SLIRP>PTEN,+",1
"PSMF1>SHROOM4,-",1
"RAB4A>SHROOM4,+",1
"IFNAR2>SP110,+",1
"TCN2>CYB5B,+",1
"GABARAPL1>CYB5B,+",1
"PSMC1>TES,+",1
"VAT1>GHITM,+",1
"RAP1B>SAT2,+",1
"UBE2R2>TES,+",1
"MKNK2>LAMA5,+",1
"RAB7A>C3orf58,+",1
"CNOT4>C3orf58,+",1
"SLIRP>C3orf58,-",1
"XPO1>PSMF1,+",1
"C3orf58>ANP32E,+",1
"SLIRP>ANP32E,+",1
"TNFAIP1>LAMA5,+",1
"SMC4>SAT2,+",1
"LAMA5>SAP30BP,+",1
"TNFAIP1>PPP3CA,+",1
"CLTA>PPP3CA,+",1
"RAB14>FCHO2,+",1
"ZNHIT1>CCDC88A,+",1
"CYB5B>SLIRP,+",1
"USP14>TES,+",1
"TDG>TES,+",1
"PPP4R3A>UBE2I,+",1
"APOPT1>TSPAN4,+",1
"LYPLA1>PSMC1,+",1
"HIST1H4C>SERPINB1,+",1
"TCN2>SERPINB1,+",1
"SMC4>SERPINB1,+",1
"FAM107A>SELENOK,+",1
"ZNHIT1>TSPAN4,+",1
"SLC39A1>TSPAN4,+",1
"COX20>CISD1,+",1
"TINAGL1>TSPAN4,+",1
"TOMM22>TSPAN4,+",1
"COX20>TSPAN4,+",1
"DMAC1>UBE2I,+",1
"PKM>UBE2I,+",1
"UBE2R2>UBE2I,-",1
"CALCOCO2>CISD1,+",1
"COX20>EML4,+",1
"SLC39A1>TMEM147,+",1
"SMC4>SMARCE1,+",1
"TINAGL1>TMEM147,+",1
"HBP1>TMEM147,+",1
"UBE2R2>ECE1,+",1
"TINAGL1>SLC30A7,+",1
"USP14>SMARCE1,+",1
"RAB4A>SMARCE1,+",1
"TMEM273>SUCLG1,+",1
"COX20>WBP11,+",1
"VAT1>LYPLA1,+",1
"S100A4>FAM107A,+",1
"TINAGL1>FAM107A,+",1
"NME4>RAB5C,+",1
"WBP11>RAB5C,+",1
"TCN2>RAB5C,+",1
"PRKCSH>UQCR10,+",1
"MBTPS1>LIMCH1,+",1
"CCT5>CAMLG,+",1
"ABCC4>POLR2G,+",1
"PRDM2>WDR1,-",1
"SLC12A2>ITSN2,+",1
"PSMD13>ITSN2,+",1
"PTPN12>ITSN2,+",1
"PTGES3>ABCC4,+",1
"DMAC1>ABCC4,+",1
"TSC22D3>ABCC4,+",1
"PTGES3>FCHO2,+",1
"ARID5A>SAP30BP,+",1
"ELMO1>SH3BGRL2,+",1
"TCN2>KDELR2,+",1
"PTPN12>KDELR2,+",1
"TRIP10>KDM2A,-",1
"PLLP>S100A4,+",1
"ABCC4>PTEN,+",1
"ARID5A>WDR1,+",1
"TMEM256>NME4,+",1
"CNOT4>NME4,+",1
"AGO2>SLC12A2,+",1
"TRIP10>POLR2G,+",1
"PCBP1>ZNHIT1,+",1
"RIF1>EIF2AK2,+",1
"LIMA1>AES,+",1
"RAB4A>SLC12A2,+",1
"SOS1>SLC12A2,+",1
"SLC39A1>SLC12A2,+",1
"NDFIP1>NME4,+",1
"PLLP>SLC12A2,+",1
"TCN2>STX12,+",1
"PLLP>STX12,+",1
"NME4>LAMA5,+",1
"SOS1>DDX3Y,+",1
"PSMD13>DDX3Y,+",1
"ZFHX3>WARS,+",1
"CASP8AP2>PPP1R13B,+",1
"CLEC1A>PPP1R13B,+",1
"PCGF2>ITGB4,+",1
"RILPL2>TOPORS,+",1
"CALCOCO2>DNAJB14,+",1
"STAT5B>DNAJB14,+",1
"RILPL2>DNAJB14,+",1
"PNISR>NIPBL,+",1
"LAMA5>C11orf58,+",1
"TMEM273>ITGB4,+",1
"ZNHIT1>SHOC2,+",1
"KDM2A>TMEM273,+",1
"FLYWCH2>TMEM273,+",1
"ZNF428>TMEM273,+",1
"LAMA5>ZFHX3,+",1
"TMEM273>PRDM2,+",1
"LAMA5>CALCOCO2,+",1
"TCN2>TOPORS,+",1
"ZNF207>SHOC2,+",1
"CASP8AP2>CLEC1A,-",1
"CBX3>EFR3A,+",1
"PPP1R13B>CLEC1A,+",1
"NMI>CLEC1A,+",1
"TSTA3>KNOP1,+",1
"C1orf123>KNOP1,-",1
"TOPORS>KNOP1,+",1
"ZNHIT1>MYCBP2,+",1
"ZNHIT1>EFR3A,+",1
"NMI>TTC1,+",1
"ZNF428>EFR3A,+",1
"LAMA5>GALNT1,+",1
"ITSN2>GALNT1,+",1
"EFR3A>ZNF428,+",1
"STAT5B>BAZ1B,+",1
"PRDM2>PLCB1,+",1
"TAOK3>POLR2G,+",1
"NDFIP1>SHISA5,+",1
"COPS2>RECQL,+",1
"SOS1>SHISA5,+",1
"FCHO2>UBR5,+",1
"SLC12A2>ZNF217,+",1
"ABCC4>TMEM273,+",1
"SLC39A1>AGFG1,+",1
"SOS1>AGFG1,+",1
"ELMO1>AGFG1,+",1
"S100A4>PLLP,+",1
"PTGES3>TCN2,+",1
"LIMA1>RTF2,+",1
"PTGES3>HNRNPUL1,+",1
"CBX3>GFOD2,+",1
"HNRNPUL1>TSPAN18,+",1
"CNOT4>TSPAN18,+",1
"NDFIP1>SOS1,+",1
"PLLP>SOS1,+",1
"FCHO2>NDFIP1,+",1
"PTGES3>NDFIP1,+",1
"GABARAPL1>SLC44A1,+",1
"PSMD13>ZMYND11,+",1
"CNOT4>SYF2,+",1
"SAP30BP>CBX3,+",1
"UBR5>TMEM256,+",1
"AGO2>TMEM256,+",1
"PTGES3>ZMYND11,+",1
"PLLP>ZMYND11,+",1
"DMAC1>TSTA3,+",1
"KDM2A>RAB5C,+",1
"ABCC4>HCFC1R1,+",1
"GABARAPL1>HCFC1R1,+",1
"RAB4A>CDC42EP3,+",1
"AGO2>CDC42EP3,+",1
"HNRNPUL1>VAT1,+",1
"CNOT4>RAB5C,+",1
"CNOT4>PGRMC2,+",1
"SOS1>SP110,+",1
"PTGES3>EMC2,+",1
"UBR5>ERC1,+",1
"PLLP>USP14,+",1
"SLC39A1>UBE2Q2,+",1
"CNOT4>PSMD13,+",1
"PTGES3>ARID5A,+",1
"PTEN>ARID5A,+",1
"WDR1>ARID5A,+",1
"ABCC4>ERC1,+",1
"AGO2>TRIP10,+",1
"DMAC1>CNOT4,+",1
"SH3BGRL2>ELMO1,+",1
"TSPAN18>ELMO1,+",1
"PLLP>PRDM2,+",1
"KDM2A>ATP5F1A,+",1
"TCN2>CALCOCO2,+",1
"ARID5A>RICTOR,+",1
"KDM2A>TRIP10,-",1
"KDM2A>PEPD,+",1
"NDFIP1>AGO2,+",1
"TMEM256>PEPD,+",1
"LIMA1>PEPD,+",1
"SH3BGRL2>USP53,+",1
"DMAC1>USP53,+",1
"PTEN>USP53,+",1
"PSMD13>SMARCE1,+",1
"PTGES3>SMURF2,+",1
"GABARAPL1>TRIP10,+",1
"USP14>SLC39A1,+",1
"TCN2>DMAC1,+",1
"SOS1>DMAC1,+",1
"ARID5A>DMAC1,+",1
"S100A4>MOB4,-",1
"PTEN>MOB4,+",1
"PSMC5>CALCOCO2,+",1
"NMI>WDR1,+",1
"SHOC2>HLA-F,+",1
"LAMA5>C1GALT1C1,+",1
"TXNDC12>MYADM,+",1
"TFAM>MVB12A,+",1
"TXNDC12>DPYSL3,+",1
"ABCC4>DPYSL3,+",1
"S100A4>DPYSL3,+",1
"ABCC4>TXNDC12,-",1
"SLC30A7>TXNDC12,+",1
"OLFM1>PSMF1,+",1
"TCN2>PSMF1,-",1
"MAZ>ARID5A,+",1
"ANP32E>ARID5A,+",1
"AES>TMEM273,+",1
"COPS2>VDAC3,+",1
"SARAF>VDAC3,+",1
"SLC30A7>VDAC3,+",1
"SIGIRR>COPS2,+",1
"SAP30BP>COPS2,+",1
"EIF3G>COX8A,+",1
"SARAF>CREBRF,+",1
"SLC30A7>MBTPS1,+",1
"TFAM>GOLGA2,+",1
"MVB12A>GOLGA2,-",1
"SUSD6>GOLGA2,+",1
"SP110>GOLGA2,+",1
"TFAM>CREBRF,+",1
"COPS2>ZNHIT1,+",1
"COPS2>COX8A,+",1
"SP110>ZNHIT1,+",1
"PSMB3>STMP1,+",1
"IFNAR2>STMP1,-",1
"VDAC3>SLC30A7,+",1
"KDM2A>ZNF292,+",1
"ANP32E>ZNF292,-",1
"COPS2>MAZ,-",1
"POLR2G>MAZ,+",1
"CREB1>KDM2A,+",1
"SIGIRR>LIPA,+",1
"HBP1>SMC4,+",1
"LIPA>SMC4,+",1
"PSMB3>RPS17,+",1
"MYLK>PEPD,+",1
"SP110>TES,+",1
"MVB12A>LIPA,+",1
"COPS2>LIPA,+",1
"HBP1>S100A4,+",1
"ANP32E>SLIRP,+",1
"ANP32E>PPP1R13B,+",1
"HBP1>PPP1R13B,+",1
"POLR2G>SUSD6,+",1
"TXNDC12>NME4,+",1
"GABARAPL1>NME4,+",1
"TCN2>SMC4,+",1
"ABCC4>S100A4,+",1
"COPS2>POLR2G,+",1
"EIF3G>ACTR2,+",1
"MAZ>POLR2G,+",1
"SARAF>POLR2G,+",1
"LIPA>CDKN1B,+",1
"PPP1R13B>CASP8AP2,+",1
"EIF3G>HIST1H4C,+",1
"POLR2G>ACTR2,+",1
"POLR2G>STX12,+",1
"ABCC4>TMEM147,+",1
"TFAM>STX12,+",1
"CBX3>RND3,+",1
"ZCCHC17>RND3,+",1
"POLR2G>RND3,+",1
"PLEKHG1>SHOC2,+",1
"DPYSL3>TMEM50B,+",1
"RAP1B>OLFM1,+",1
"TCN2>OLFM1,+",1
"TCN2>CREB1,-",1
"CHSY1>ITSN2,+",1
"TRA2A>LIPA,+",1
"TOPORS>PCGF2,+",1
"TOPORS>C1orf123,+",1
"STX12>FLYWCH2,+",1
"KLF13>FLYWCH2,+",1
"CASP8AP2>FLYWCH2,+",1
"LAMA5>TCN2,+",1
"TCN2>H2AFJ,+",1
"SHOC2>TAX1BP1,+",1
"NMI>PSMB3,+",1
"CLEC1A>STX12,+",1
"NMI>LAMA5,+",1
"TSTA3>LAMA5,+",1
"CALCOCO2>ZNF207,+",1
"MBTPS1>CLTC,+",1
"EIF2S2>H2AFJ,+",1
"CNOT4>MBTPS1,+",1
"MBTPS1>UPF2,+",1
"MBTPS1>KLF13,+",1
"CLEC1A>CASP8AP2,-",1
"DDX21>PHF20L1,+",1
"LAMA5>FAM120A,+",1
"C1orf123>FAM120A,+",1
"FLYWCH2>UPF2,-",1
"TOPORS>DMAC1,+",1
"TAX1BP1>SORBS3,+",1
"NME4>CNOT4,+",1
"PPP1R13B>CNOT4,+",1
"TRA2A>EMC2,+",1
"KLF13>EMC2,-",1
"SORBS3>TAOK3,+",1
"EIF2S2>RILPL2,+",1
"EFR3A>ELMO1,+",1
"NMI>KDM2A,+",1
"COPS2>CREB1,+",1
"PLEKHG1>CHMP2B,+",1
"CBX3>MIDN,+",1
"SP110>LAMA5,+",1
"MYLK>TFAM,+",1
"TXNDC12>TFAM,+",1
"CREB1>ASAP1,+",1
"SHOC2>FBN1,+",1
"SP110>CHMP2B,+",1
"UBE2Q2>PBXIP1,+",1
"S100A4>HBP1,+",1
"SP110>HBP1,+",1
"SARAF>ABI2,+",1
"TCN2>ABI2,+",1
"ABCC4>PLEKHG1,+",1
"LAMA5>CREB1,+",1
"SP110>NFAT5,+",1
"SAP30BP>RAB11B,+",1
"MBTPS1>PTEN,+",1
"TFAM>EIF3G,+",1
"CREB1>IFNAR2,+",1
"TFAM>IFNAR2,+",1
"SAP30BP>IFNAR2,-",1
"COPS2>IFNAR2,+",1
"POLR2G>IFNAR2,-",1
"COPS2>KNOP1,+",1
"TMEM273>SEC61G,+",1
"PLEKHG1>RAB11B,+",1
"TXNDC12>UPF2,+",1
"HBP1>RILPL2,+",1
"RAP1B>RILPL2,+",1
"FBN1>ZNF428,+",1
"TMEM273>SIGIRR,+",1
"IFNAR2>PSMB3,+",1
"ARID5A>SYF2,+",1
"SOS1>SYF2,+",1
"TAOK3>BPTF,+",1
"HDAC1>DDX3Y,+",1
"CNOT4>SHOC2,+",1
"GOLGA2>SHOC2,+",1
"USP1>TSR3,+",1
"C1orf123>TCN2,+",1
"SEC63>TCN2,+",1
"NMI>IFNAR2,-",1
"PSMC4>SEPT10,+",1
"ECE1>SEPT10,+",1
"UBR5>KNOP1,+",1
"FDPS>SLC44A1,+",1
"C1orf123>PPP4R3A,+",1
"SMAD9>SP110,+",1
"GABARAPL1>SP110,+",1
"RILPL2>PBXIP1,+",1
"HLA-DQA2>PBXIP1,+",1
"GABARAPL1>NRARP,+",1
"MYL9>NRARP,+",1
"PIK3C2A>C1GALT1C1,+",1
"COX6B1>VAT1,+",1
"TAOK3>DPYSL3,-",1
"SNRPB>DPYSL3,+",1
"SMAD9>SERPINB1,+",1
"SEC61G>MYL9,+",1
"TMEM273>MYL9,+",1
"HLA-DQA2>MYL9,+",1
"HIPK2>TRA2A,+",1
"SEC61G>C1GALT1C1,+",1
"ZNHIT1>SNRPB,+",1
"SEM1>GABARAPL1,+",1
"TRA2A>GABARAPL1,+",1
"BEND7>GABARAPL1,+",1
"ECE1>GABARAPL1,+",1
"SNRPB>C5orf24,+",1
"ZNHIT1>C1orf123,+",1
"NMI>C1orf123,+",1
"BEND7>PSMF1,+",1
"C3orf58>ITSN2,+",1
"PPDPF>SNRPB,+",1
"ROCK2>DNAJB14,+",1
"SLTM>FDPS,+",1
"SLC25A11>FDPS,+",1
"SLC25A11>PURA,+",1
"POLK>ITSN2,+",1
"CHSY1>HDAC1,+",1
"TXNDC12>SNRPB,+",1
"S100A4>HDAC1,+",1
"TMEM273>MAGT1,+",1
"DNAJB14>MAGT1,+",1
"RAB14>BPTF,+",1
"WDR1>PTPRM,+",1
"HDAC1>PKM,+",1
"TMEM273>SNRPB,+",1
"TMEM273>CCT5,+",1
"KPNB1>RILPL2,+",1
"RND3>POLK,+",1
"SMAD9>TAOK3,+",1
"TAOK3>PTEN,+",1
"CYB5B>PTEN,+",1
"HDAC1>ABI2,+",1
"DNAJB14>ABI2,+",1
"TXNDC12>POLK,+",1
"CHSY1>TMEM256,+",1
"TSC22D3>CCT5,+",1
"HDAC1>TMEM256,+",1
"SLC25A11>TMEM256,+",1
"RILPL2>PLK3,-",1
"CTSB>CYTH1,+",1
"HDAC1>FAM107B,-",1
"DNAJB14>FAM107B,+",1
"SMAD9>DPYSL3,+",1
"ZNF292>TSC22D3,+",1
"TMEM131>SMAD9,+",1
"TMEM9B>ELMO1,+",1
"MBTPS1>COPS2,+",1
"LGALS1>COPS2,+",1
"MBTPS1>SYPL1,+",1
"ABI2>STX12,-",1
"MCTP1>STX12,+",1
"BPTF>SAP30BP,+",1
"RAP1B>MCAM,+",1
"NFAT5>HIGD2A,+",1
"MBTPS1>MCAM,+",1
"SERINC3>TCN2,+",1
"PPP4R3A>SP110,+",1
"SLC25A11>TXNDC12,+",1
"COPS2>RAB4A,+",1
"PRKCSH>PPP4R3A,+",1
"BPTF>HIGD2A,+",1
"IFNAR2>LIPA,+",1
"ATP5F1C>KPNB1,+",1
"KDM2A>FZD4,+",1
"TINAGL1>GOLGA2,+",1
"ARID1A>GOLGA2,-",1
"PSIP1>PSMB3,+",1
"SERINC3>PSMB3,+",1
"COPS2>PSMB3,+",1
"ATP5F1C>PSMB3,+",1
"RTF1>SMC4,+",1
"SMC4>LIPA,+",1
"GOLGA2>SMC4,+",1
"RAP1B>TSC22D3,+",1
"PRKCSH>GNG11,+",1
"MBTPS1>IFNAR2,+",1
"TMEM9B>SHISA5,+",1
"MBTPS1>C1orf115,+",1
"TMEM9B>KDM2A,+",1
"C1orf123>LYPLA1,+",1
"RILPL2>CREBRF,+",1
"MYL9>CPT1A,+",1
"UBR5>AGO2,+",1
"SMAD9>TMEM131,+",1
"CYB5B>TMEM131,+",1
"SEM1>SEC63,+",1
"TMEM273>RIT1,+",1
"TAOK3>CPT1A,+",1
"TAOK3>TTC1,+",1
"UBR5>ANKRD28,+",1
"VAT1>TTC1,-",1
"BEND7>GFOD2,+",1
"VAT1>TMEM273,+",1
"TMEM273>USP9X,+",1
"PKM>RFC1,+",1
"TRA2A>CREBRF,+",1
"NUDT4>AGO2,+",1
"PKM>HLA-DQA2,+",1
"PBXIP1>LYPLA1,+",1
"TCN2>MYO6,-",1
"GABARAPL1>LYPLA1,+",1
"SMAD9>ASAP1,+",1
"VAT1>PSMC4,+",1
"VAT1>ERGIC2,-",1
"PKM>SOS1,+",1
"ECE1>ARID1A,+",1
"ARID1A>MYO6,+",1
"EIF2S3>USP1,+",1
"PTEN>MYO6,-",1
"TRA2A>VPS26A,-",1
"C1orf123>ERC1,-",1
"KNOP1>USP53,+",1
"KPNB1>ZNF292,+",1
"RIT1>EIF2S3,+",1
"BPTF>DDX3Y,+",1
"WDR1>DDX3Y,-",1
"AGO2>COX6B1,+",1
"LAMP1>MGST3,+",1
"GOLGA2>EIF4EBP2,-",1
"RILPL2>FAM43A,+",1
"USP48>PHF20L1,-",1
"RAB4A>NOL7,+",1
"C8orf33>NOL7,+",1
"ERC1>A4GALT,+",1
"CBX3>PNN,+",1
"SLC38A2>PNN,+",1
"TCN2>PLEC,+",1
"KDM2A>VPS37B,+",1
"HNRNPUL1>SP110,+",1
"SLC38A2>TMEM256,+",1
"EMC2>TMEM256,+",1
"SLC3A2>UBE2H,+",1
"PLK3>UBE2H,+",1
"SLC38A2>EIF4EBP2,+",1
"USP48>EIF4EBP2,+",1
"SLC39A1>EIF4EBP2,+",1
"HNRNPUL1>UBE2Q2,+",1
"AK3>TRIP10,+",1
"SHOC2>SHISA5,-",1
"AK3>SHISA5,+",1
"FGD5-AS1>SHISA5,+",1
"SLC3A2>VAT1,+",1
"SIGIRR>VAT1,+",1
"MYADM>FBN1,-",1
"HNRNPUL1>EIF4EBP2,+",1
"SLC39A1>ZNF428,+",1
"EIF2S2>AK3,+",1
"ARID1A>ERC1,+",1
"CHSY1>SLC39A1,+",1
"HNRNPUL1>PSMF1,+",1
"KDM2A>EIF4EBP2,+",1
"NOL7>COX8A,+",1
"SHOC2>RECQL,+",1
"ARID1A>RECQL,+",1
"ARID1A>SAP30BP,+",1
"CHSY1>RNF10,+",1
"FBN1>TMEM273,+",1
"KDM2A>TMEM273,-",1
"NOL7>TRA2A,+",1
"USP48>KPNB1,+",1
"COX8A>TCN2,+",1
"PHF20L1>DYNLL2,-",1
"ARID1A>ELMO1,+",1
"PLK3>TAOK3,+",1
"HNRNPUL1>TAOK3,+",1
"EIF2S2>UPF2,+",1
"NOL7>WDR1,+",1
"USP48>SHOC2,+",1
"ANP32E>C3orf58,+",1
"AK3>RNF10,+",1
"FAM43A>RAB5C,+",1
"AK3>H2AFJ,+",1
"TCN2>ARID1A,+",1
"NR4A2>FAM107B,+",1
"CHSY1>FAM107B,-",1
"PRDM2>FAM107B,+",1
"FAM43A>RILPL2,+",1
"KDM2A>USP48,+",1
"NOL7>CDKN1A,+",1
"ERC1>ARID1A,+",1
"ERC1>CHSY1,+",1
"NOSIP>C1GALT1C1,+",1
"PTEN>HNRNPUL1,+",1
"TAOK1>CNOT4,+",1
"ARID1A>CNOT4,-",1
"NR4A2>MYADM,+",1
"CSDE1>CHSY1,+",1
"USP48>PRDM2,+",1
"HNRNPUL1>PRDM2,+",1
"EIF2S2>MCAM,+",1
"ROCK2>UPF2,+",1
"C3orf58>MCAM,+",1
"CHSY1>WDR1,+",1
"HDAC1>WDR1,+",1
"DDX24>WDR1,+",1
"CHSY1>ABCC4,+",1
"RAB14>ABCC4,+",1
"HDAC1>C3orf58,+",1
"SH3BGRL3>SLTM,+",1
"S100A4>C3orf58,+",1
"CHSY1>C3orf58,+",1
"SLC25A11>TSC22D3,+",1
"TXNDC12>SHISA5,+",1
"RAB14>KIAA0355,+",1
"LAMP1>KIAA0355,+",1
"CSDE1>RAB5C,+",1
"HDAC1>SLTM,+",1
"TXNDC12>A4GALT,+",1
"SMARCE1>C5orf24,+",1
"CHSY1>SHOC2,+",1
"PURA>TTC1,+",1
"TXNDC12>VCAM1,+",1
"RAB14>ZNF207,+",1
"RAB14>RILPL2,+",1
"PEPD>C5orf24,+",1
"TMEM273>PEPD,+",1
"UPF2>CNOT4,+",1
"DDX3Y>STX12,+",1
"RAB14>STX12,+",1
"DNAJB14>STX12,-",1
"RAB14>CNOT4,+",1
"TMEM273>CNOT4,+",1
"MCAM>CNOT4,+",1
"UPF2>KIAA0355,+",1
"CHSY1>PPP1CB,+",1
"FBN1>MCAM,+",1
"SLC3A2>NR4A2,+",1
"USP48>GLG1,+",1
"SLC39A1>USHBP1,+",1
"HNRNPUL1>C8orf33,+",1
"RAB4A>C8orf33,+",1
"AK3>C8orf33,+",1
"RAB4A>ILF2,+",1
"WDR1>TMEM50B,+",1
"CHSY1>NME4,+",1
"FAM43A>XRN2,+",1
"SLC3A2>XRN2,-",1
"PTEN>P4HA1,+",1
"TRIR>ATP5F1A,+",1
"AK3>MCAM,-",1
"SLC39A1>MCAM,+",1
"SMARCE1>PTEN,+",1
"SH3BGRL3>TXNDC12,+",1
"KIAA0355>PPP1CB,+",1
"CHSY1>PSMA3-AS1,+",1
"UPF2>AES,+",1
"S100A4>RNF10,+",1
"RAB14>RNF10,+",1
"EIF1B>KDM2A,+",1
"TMEM273>KDM2A,-",1
"SH3BGRL3>PSMB3,+",1
"CTSB>PPDPF,+",1
"C3orf58>SAP30BP,+",1
"PPDPF>RAP1B,+",1
"RAB14>TMEM273,+",1
"TXNDC12>GABARAPL1,+",1
"C3orf58>VAT1,+",1
"SH3BGRL3>S100A4,+",1
"DDX3Y>SAP30BP,+",1
"HIPK2>SHISA5,+",1
"NFAT5>ACTR2,+",1
"TMEM273>POLR2E,+",1
"HLA-F>GHITM,+",1
"C3orf58>NDUFS1,+",1
"S100A4>LIPA,+",1
"PSMA3-AS1>FAM120A,+",1
"RNF7>POLK,+",1
"SHISA5>LYPLA1,+",1
"S100A4>RNF7,+",1
"PSMA3-AS1>C3orf58,+",1
"SLC30A7>UBE2Q2,-",1
"BEND7>C3orf58,+",1
"WDR1>C3orf58,-",1
"HLA-F>DAZAP2,+",1
"DNAJC21>TLK1,+",1
"PHACTR4>TSC22D3,+",1
"RTF1>SLTM,+",1
"SLC30A7>WDR1,-",1
"PSMB3>PSMB5,+",1
"SEPT10>SLC39A1,+",1
"THAP5>PLCB1,+",1
"THAP5>MESD,+",1
"CTSB>HLA-F,+",1
"DNAJC21>PLEKHG1,+",1
"TMEM273>PLEKHG1,+",1
"USF2>USP1,+",1
"ABCB1>USP1,+",1
"TRA2A>ANKRD28,+",1
"TET2>ANKRD28,+",1
"C3orf58>ANKRD28,+",1
"ZC3H14>ANKRD28,-",1
"ZC3H14>TMED7,+",1
"CBX3>TMED7,-",1
"ZC3H14>SEPT10,+",1
"PGRMC2>SLTM,+",1
"PHACTR4>SLC30A7,+",1
"RAP1B>CHSY1,+",1
"RAP1B>TET2,+",1
"PSMA3-AS1>GABARAPL1,-",1
"RAP1B>ATP5F1C,+",1
"RAP1B>EMC2,+",1
"C1orf115>EMC2,+",1
"BEND7>EMC2,+",1
"DNAJC21>TMEM273,+",1
"S100A4>TET2,+",1
"ZC3H14>CCDC124,+",1
"SAT2>TRA2A,-",1
"RAP1B>ZNF207,+",1
"C1orf115>FGD5-AS1,+",1
"CBX3>ELMO1,+",1
"THAP5>SMARCE1,+",1
"RTF1>CHSY1,+",1
"RNF7>GTF2A2,+",1
"DNAJC21>CYB5B,+",1
"USF2>CYB5B,-",1
"RTF1>CYB5B,+",1
"BEND7>SLC25A11,+",1
"SLC30A7>SLC25A11,+",1
"TSC22D3>SYF2,+",1
"ZC3H14>BEND7,+",1
"LYPLA1>BEND7,+",1
"EMC2>BEND7,+",1
"SMARCE1>THAP5,+",1
"PGRMC2>CCDC88A,+",1
"C3orf58>CCDC88A,+",1
"HLA-F>SLIRP,+",1
"C3orf58>PSMA3-AS1,+",1
"RAP1B>PSMA3-AS1,+",1
"ITSN2>PSMA3-AS1,+",1
"ZC3H14>H2AFJ,+",1
"RAP1B>WDFY1,+",1
"PSMA3-AS1>WDFY1,+",1
"H2AFJ>RIMKLB,+",1
"RILPL2>PRKCSH,+",1
"SHISA5>PRKCSH,+",1
"MRPS34>LYPLA1,+",1
"KDELR2>LYPLA1,+",1
"RIMKLB>VPS13D,+",1
"RFC1>H2AFJ,+",1
"TXNDC12>RIMKLB,+",1
"USF2>ABCB1,+",1
"PSMB3>NMI,+",1
"RASIP1>WDR1,+",1
"CSDE1>WDR1,+",1
"PSMB5>PSMB3,+",1
"CCDC88A>RNF10,+",1
"PSMD13>TMEM131,+",1
"EMC2>PRKCSH,+",1
"RILPL2>HNRNPUL1,+",1
"PRKCSH>HNRNPUL1,+",1
"PSMD13>RILPL2,+",1
"PRKCSH>ASAP1,+",1
"MORF4L1>ASAP1,+",1
"MRPS34>SPCS1,+",1
"KDM2A>COPS2,+",1
"PTPRA>COPS2,+",1
"VPS13D>COPS2,+",1
"H2AFJ>ERBIN,+",1
"KDM2A>ERBIN,+",1
"PRKCSH>ERBIN,-",1
"H2AFJ>DYNLL2,+",1
"PLCB1>DYNLL2,-",1
"PSMD13>MRPS34,+",1
"DMAC1>MRPS34,+",1
"NDUFA1>C19orf24,+",1
"VPS13D>C19orf24,+",1
"DMAC1>ZCCHC17,+",1
"RSBN1>PSMD13,+",1
"TSC22D3>PHACTR4,+",1
"ZC3H14>PHACTR4,+",1
"C3orf58>PHACTR4,+",1
"SEPT10>PPIG,-",1
"IFI44L>KDM2A,+",1
"COPRS>S100A4,+",1
"TLK1>CCDC88A,+",1
"PTPRA>CCDC88A,+",1
"MORF4L1>KPNB1,+",1
"PLCB1>AES,+",1
"SHISA5>CREBRF,-",1
"IFI44L>CREBRF,+",1
"VPS13D>CNOT4,+",1
"MRPS34>PSMD13,+",1
"PTPRA>PSMD13,+",1
"KDELR2>ZCCHC17,+",1
"IFITM1>POLK,+",1
"PSMB5>POLK,+",1
"RIMKLB>TXNDC12,+",1
"IFITM1>PGRMC2,+",1
"RAP1B>PGRMC2,+",1
"RIMKLB>TCN2,+",1
"KDELR2>TCN2,+",1
"PTPRA>TCN2,+",1
"MRPS34>TCN2,+",1
"SYF2>VPS37B,+",1
"VPS13D>VPS37B,+",1
"LYPLA1>PBXIP1,+",1
"SWAP70>PBXIP1,-",1
"KDM2A>ZCCHC17,+",1
"TAOK3>RTF1,+",1
"TET2>KDM2A,+",1
"CBX3>SAT2,+",1
"PPP4R3A>NMI,+",1
"RTF1>PHF20L1,+",1
"MAP2K2>A4GALT,+",1
"KNOP1>A4GALT,+",1
"CHSY1>MRPS15,+",1
"RILPL2>MRPS15,+",1
"SLIRP>NMI,+",1
"SMC4>RNF10,+",1
"RAB5C>CNOT4,+",1
"KDM2A>RNF10,+",1
"ACTR1A>DMAC1,+",1
"PPP4R3A>DMAC1,+",1
"SMC4>POLK,+",1
"PSMB5>TMEM50B,+",1
"HIPK2>TMEM50B,+",1
"BCL10>RAB5A,+",1
"SLIRP>RAB5A,+",1
"GNB1>RAB5A,+",1
"BCL10>COPA,+",1
"SMC4>COPA,+",1
"SLC30A7>ITSN2,-",1
"PAWR>ITSN2,+",1
"S100A4>PRKAR2A,-",1
"NMI>AK3,+",1
"GOLGA2>AK3,+",1
"SHISA5>AK3,+",1
"VAT1>RICTOR,+",1
"EMC2>NME4,+",1
"PPP1CB>NME4,+",1
"CCDC88A>TCN2,+",1
"CCDC88A>KDM2A,+",1
"SWAP70>RNF10,+",1
"GOLGA2>BCL10,+",1
"YWHAH>CCDC88A,+",1
"HIPK2>PAWR,+",1
"RNF10>CCT5,+",1
"SLC30A7>SHISA5,-",1
"CREB3L2>ACTR1A,+",1
"RTF1>ACTR1A,+",1
"CLTC>ACTR1A,+",1
"HLA-A>TCN2,+",1
"PPP4R3A>TCN2,-",1
"SHISA5>TCN2,+",1
"STX12>MCTP1,+",1
"RILPL2>MCTP1,+",1
"PAWR>HNRNPUL1,+",1
"PLCB1>PRKD3,+",1
"HIPK2>PRKD3,+",1
"YWHAH>FBLIM1,+",1
"RILPL2>CCT5,+",1
"HIPK2>WDR1,+",1
"SHISA5>PAWR,-",1
"SMC4>WDR1,+",1
"RNF10>SMC4,+",1
"HIPK2>SMC4,-",1
"ACTR1A>MBTPS1,+",1
"CLTC>S100A4,+",1
"STX12>S100A4,+",1
"HIPK2>CCAR1,+",1
"PLCB1>SEC61G,+",1
"KNOP1>SEC61G,+",1
"HLA-A>SLC39A1,+",1
"BRK1>SNX5,+",1
"SLIRP>SNX5,+",1
"HLA-A>HLA-C,+",1
"GOLGA2>PPP4R3A,+",1
"ARID1A>RNF10,+",1
"BCL10>CNOT4,+",1
"FCHO2>SAT2,+",1
"STAT5B>DDX23,+",1
"NDUFA2>DDX23,-",1
"PSMF1>DDX23,+",1
"PPP1CB>DDX23,+",1
"XPO1>DDX23,+",1
"HBP1>DDX23,+",1
"NME4>DDX23,-",1
"RIF1>KIF2A,+",1
"TINAGL1>LAMA5,+",1
"RTN3>KIF2A,+",1
"EMC2>CCDC50,+",1
"HBP1>CCDC50,+",1
"SWAP70>EIF3D,+",1
"RTN3>EIF3D,+",1
"SLC39A1>BCL10,+",1
"SWAP70>NUDT4,+",1
"CBX3>DAD1,+",1
"SLIRP>DAD1,+",1
"SWAP70>MALL,+",1
"PSMF1>SIGIRR,+",1
"ZADH2>ATRAID,+",1
"CREBRF>ATRAID,+",1
"SWAP70>MTPN,+",1
"PTEN>SURF6,+",1
"DDX23>PPP1CB,+",1
"H2AFJ>C1orf115,-",1
"SWAP70>SFT2D2,+",1
"DDX23>SFT2D2,+",1
"KDM2A>TMED7,+",1
"DNAJC21>PTEN,+",1
"SAT2>ZC3H14,+",1
"PSMB5>SAT2,+",1
"RAB5C>PSMA1,+",1
"CALCOCO2>PSMA1,+",1
"DDX23>ITSN2,+",1
"LAMA5>TINAGL1,+",1
"PTEN>MBTPS1,+",1
"EMC2>ANKRD28,+",1
"PPP1CB>ANKRD28,+",1
"EMC2>SLC39A1,+",1
"C1orf115>STX12,+",1
"ZADH2>STAT5B,+",1
"RTN3>AES,+",1
"NDUFA2>TMEM273,+",1
"DDX23>TMEM273,-",1
"CBX3>CHSY1,+",1
"KIF2A>FDPS,+",1
"SLIRP>A4GALT,+",1
"PSMF1>A4GALT,+",1
"RAB5C>A4GALT,+",1
"C1orf115>CREBRF,+",1
"SWAP70>CLTC,+",1
"CALCOCO2>CREBRF,+",1
"EMC2>CREBRF,+",1
"HBP1>TMEM50B,+",1
"ZADH2>TMEM50B,-",1
"XRN2>HBP1,+",1
"RAB5C>HBP1,+",1
"SLIRP>ARID1A,+",1
"C1orf115>HNRNPUL1,+",1
"EMC2>HNRNPUL1,-",1
"SMARCE1>PREX2,+",1
"HBP1>NDUFA2,+",1
"EIF3D>NDUFA2,+",1
"SLIRP>LAP3,+",1
"SLC39A1>CBX3,+",1
"MRPS34>PPA1,+",1
"PGRMC2>RICTOR,+",1
"HIPK2>TDG,+",1
"TMEM273>SLTM,+",1
"DMAC1>SUSD6,+",1
"ZKSCAN1>SUSD6,+",1
"FDPS>DMAC1,+",1
"KIF1B>CCT2,+",1
"ATP2A2>CCT2,+",1
"RTN3>VAT1,+",1
"CREBRF>H2AFJ,+",1
"TXNDC12>CCDC88A,+",1
"DDX21>ZKSCAN1,-",1
"RTN3>KNOP1,+",1
"EDF1>KDM6B,-",1
"ZNF207>KDM6B,+",1
"HDAC7>KDM6B,+",1
"ZC3H14>LIPA,+",1
"SAT2>PRDM2,+",1
"SLC3A2>PRDM2,-",1
"TINAGL1>KIF1B,+",1
"TMEM273>WDR1,+",1
"FDPS>WDR1,+",1
"TMEM273>TINAGL1,+",1
"SLC3A2>TINAGL1,+",1
"SLC3A2>SYF2,+",1
"SLC3A2>SLC30A7,+",1
"CREBRF>SLC30A7,+",1
"ZNF207>SLC30A7,+",1
"NMI>SELENOK,+",1
"CREBRF>C3orf58,+",1
"RTN3>KDM2A,+",1
"WDR1>SIGIRR,+",1
"VCAM1>SIGIRR,+",1
"CREBRF>ZNHIT1,+",1
"ATP2A2>NMI,+",1
"ARHGAP5>CCDC88A,+",1
"EMC2>NUDCD1,+",1
"SLIRP>CBX3,+",1
"CCT5>KAT6A,+",1
"TCN2>KAT6A,-",1
"ZNHIT1>PSMB1,+",1
"SHISA5>RICTOR,+",1
"STAT5B>RICTOR,+",1
"UBXN1>KPNB1,-",1
"SHISA5>PHF3,+",1
"SPAG9>SH3BGRL2,+",1
"SH3BGRL2>LAP3,+",1
"UBE2H>LAP3,+",1
"RAB5C>CCDC88A,+",1
"STAT5B>GABARAPL1,+",1
"UBE2H>TLN1,+",1
"ANP32E>LIPA,+",1
"STAT5B>ATP5F1A,+",1
"TCN2>UBXN1,+",1
"CNOT4>NPEPPS,+",1
"PPP1R13B>NPEPPS,-",1
"SAT2>SF3B5,+",1
"TAX1BP1>NFAT5,+",1
"FAM107B>AAK1,+",1
"COX5B>KDELR2,+",1
"CBX3>SAP30BP,+",1
"MYADM>SAP30BP,+",1
"VCAM1>IFNAR2,+",1
"PRDM2>SAT2,+",1
"CREBRF>SHOC2,+",1
"SAP30BP>ZC3H14,+",1
"CBX3>TCN2,+",1
"TMEM273>KPNB1,+",1
"S100A4>SH3BGRL2,-",1
"ZNHIT1>PBXIP1,+",1
"CCDC88A>SPAG9,+",1
"SLC3A2>SPAG9,+",1
"ZNHIT1>CBX5,+",1
"PTEN>TXNDC12,+",1
"C8orf33>SAP30BP,+",1
"WDR1>SAP30BP,+",1
"PSMF1>C1orf123,+",1
"RAB4A>STX12,+",1
"KPNB1>PTEN,+",1
"SLTM>CBX5,+",1
"CREBRF>SPAG9,+",1
"SLC30A7>CBX5,+",1
"PRDM2>CBX5,+",1
"SAP30BP>SP3,+",1
"HDAC7>SP3,+",1
"ZNF207>AKR7A2,+",1
"SLC3A2>PSMA1,+",1
"SEC61G>SAT2,+",1
"CAMTA1>C1orf115,+",1
"RTF1>C1orf115,+",1
"IFNAR2>WDR1,-",1
"SAP30BP>UPF2,+",1
"RAB4A>UPF2,+",1
"C8orf33>UBE2Q2,+",1
"WDR1>SHOC2,+",1
"C8orf33>SHOC2,+",1
"IFNAR2>RAP1B,+",1
"EIF3D>ZNF428,+",1
"GABARAPL1>ZNF428,+",1
"RAB4A>ZNF428,-",1
"TSR3>TCN2,+",1
"TSR3>NUDCD1,+",1
"GABARAPL1>NUDCD1,+",1
"C8orf33>NUDCD1,+",1
"PDE10A>RTN3,-",1
"SAP30BP>UGP2,-",1
"VCAM1>UGP2,+",1
"FDPS>ACTR2,+",1
"PDE10A>CREBRF,+",1
"TPM4>HLA-DPB1,+",1
"VCAM1>ERC1,+",1
"SPAG9>ERC1,+",1
"FBLIM1>ATP2A2,+",1
"SLC3A2>ATP2A2,+",1
"VCAM1>FDPS,+",1
"AKR7A2>USP1,+",1
"MCAM>USP1,+",1
"VCAM1>USP1,+",1
"SAT2>PDE10A,+",1
"YIPF3>PDE10A,+",1
"CREBRF>PDE10A,+",1
"FBLIM1>EMC2,+",1
"ARID1A>HDAC7,+",1
"ATP2A2>MAGT1,+",1
"CBX3>HDAC7,+",1
"SLC30A7>SLC44A2,+",1
"KNOP1>SLC44A2,+",1
"PPA1>POLK,+",1
"FDPS>POLK,+",1
"SAT2>POLK,+",1
"CREBRF>POLK,+",1
"ZNF207>VCAM1,+",1
"TCN2>VCAM1,+",1
"SLC30A7>CALCOCO2,+",1
"S100A4>PLEKHG1,+",1
"ARID1A>SERPINB1,+",1
"ATP2A2>FBLIM1,+",1
"TMEM273>PSMC4,+",1
"ANP32E>TRA2A,-",1
"UBE2H>TES,+",1
"TAX1BP1>XRN2,+",1
"SMIM37>SMC4,-",1
"RAP1B>TRA2A,+",1
"PSMD13>ERC1,+",1
"MRPS34>GHITM,+",1
"SWAP70>GHITM,+",1
"H2AFJ>SMC4,+",1
"SYF2>SMC4,+",1
"VPS13D>RBPJ,+",1
"CCT5>PBXIP1,+",1
"DMAC1>TLK1,+",1
"IFI44L>PEPD,-",1
"POLK>PSMB5,+",1
"PTPRA>MED13,+",1
"NUDCD1>MED13,+",1
"CX3CL1>LIPA,+",1
"KDELR2>MRPS18B,+",1
"CCT5>TXNDC12,+",1
"TSR3>NME4,+",1
"LAMA5>NME4,+",1
"TES>ABCC4,+",1
"UBE2H>ABCC4,+",1
"ERGIC2>TCN2,+",1
"TAOK3>SP110,+",1
"TSR3>SP110,+",1
"CHSY1>TRIM56,+",1
"SAT2>TRIM56,+",1
"H2AFJ>TRIM56,+",1
"CHSY1>SAT2,+",1
"FAM107B>RAB5C,+",1
"NPEPPS>ANP32E,+",1
"PPP1R13B>ANP32E,+",1
"TMEM160>SHOC2,+",1
"KDM2A>LIPA,+",1
"KDELR2>SLIRP,+",1
"DMAC1>GABARAPL1,+",1
"TLK1>PSMC5,+",1
"SHISA5>TMEM50B,+",1
"SMIM37>ABCC4,+",1
"KDM2A>POLR2G,+",1
"SMIM37>C1orf123,+",1
"COPRS>C1orf123,-",1
"VPS13D>C1orf123,+",1
"TRA2A>RAB11B,+",1
"TXNDC12>PTPRA,+",1
"KDM2A>PTPRA,+",1
"CCDC88A>SEC63,+",1
"RFC1>SEC63,+",1
"PSMC5>SEC63,+",1
"SMIM37>RASIP1,+",1
"COPRS>SMIM37,+",1
"MRPS34>PSMC5,+",1
"KDM2A>RSBN1,+",1
"PSMD13>IFITM1,+",1
"TLK1>IFITM1,+",1
"PRKCSH>ISLR,+",1
"NDUFA1>ISLR,+",1
"VPS13D>ISLR,+",1
"IFITM1>PPP4R3A,+",1
"RIMKLB>PPP4R3A,+",1
"VPS13D>PPP4R3A,+",1
"MRPS34>STX12,+",1
"KDM2A>COPRS,-",1
"H2AFJ>IFI44L,+",1
"PGRMC2>IFI44L,+",1
"CREBRF>IFI44L,+",1
"PSMD13>RSBN1,+",1
"CCT5>H2AFJ,+",1
"LAMA5>ZNHIT1,+",1
"CCT5>CALCOCO2,+",1
"TAX1BP1>NUDT4,+",1
"ATP5PB>SEPT10,+",1
"NPEPPS>RTF1,+",1
"XRN2>RTF1,+",1
"SOS1>LAMA5,+",1
"SOS1>UBE2H,+",1
"MCFD2>NUDT4,+",1
"SOS1>CSRNP1,+",1
"SOS1>S100A4,+",1
"SHISA5>PGRMC2,+",1
"NPEPPS>PGRMC2,-",1
"NDUFA3>PGRMC2,+",1
"SAT2>C1orf115,+",1
"PPP1R13B>CDKN1B,+",1
"SOS1>CDKN1B,+",1
"GFOD2>ZNF207,+",1
"CNOT4>SAP30BP,-",1
"TMEM160>ARID5A,+",1
"STAT5B>ARID5A,+",1
"LAMA5>ARID5A,+",1
"NME4>ABI2,+",1
"STAT5B>ABI2,+",1
"TMEM160>PSMD13,-",1
"CNOT4>PPP1R13B,+",1
"TAX1BP1>PPP1R13B,+",1
"LAMA5>PPP1R13B,-",1
"TRIM56>CHSY1,+",1
"TSR3>CHSY1,+",1
"STAT5B>ERGIC2,+",1
"TCN2>ERGIC2,+",1
"NUDCD1>ZKSCAN1,+",1
"STAT5B>CALCOCO2,+",1
"PSMF1>GIMAP2,+",1
"SOS1>PSMF1,+",1
"KDM2A>SOS1,-",1
"NME4>SMC4,-",1
"PGRMC2>S100A4,+",1
"FAM107B>S100A4,+",1
"TXNDC12>RNF10,+",1
"CNOT4>GFOD2,+",1
"PPP1R13B>GFOD2,+",1
"SLC30A7>UBE2I,+",1
"SOS1>C5orf24,+",1
"CCT5>WDR1,+",1
"KDELR2>WDR1,-",1
"STAT5B>WDR1,+",1
"ZKSCAN1>LPGAT1,+",1
"LAMA5>LPGAT1,+",1
"TAOK3>ZADH2,+",1
"SMIM30>ZADH2,+",1
"CCT5>SMC4,+",1
"PPP1R13B>TMEM160,+",1
"NUCB2>ALG5,+",1
"NME4>ALG5,+",1
"LAMA5>TMEM256,-",1
"TMEM160>STAT5B,-",1
"SOS1>STAT5B,+",1
"PPP1R13B>STAT5B,+",1
"CCT5>SMIM30,+",1
"TAX1BP1>SMIM30,-",1
"SH3BGRL2>POLK,+",1
"PTEN>FAM107B,+",1
"SLC30A7>NUDCD1,-",1
"PPP1R13B>NUDCD1,+",1
"PPP1R13B>SH3BGRL2,+",1
"SHOC2>TMEM160,+",1
"TAOK3>CREB3L2,+",1
"PTEN>TDG,+",1
"TGFB1>COMT,+",1
"CCT5>SAP30BP,+",1
"PDAP1>VPS37B,+",1
"PLCB1>VPS37B,+",1
"HIGD2A>PSMF1,+",1
"PTEN>PSMF1,+",1
"UBE2I>S100A4,+",1
"SH2D3C>SHOC2,-",1
"TMEM131>LAMA5,+",1
"ZNF207>ERC1,+",1
"ABI2>IFNAR2,+",1
"CCT5>NME4,+",1
"KNOP1>NME4,+",1
"AKR7A2>NME4,+",1
"SEPT10>PTEN,+",1
"GABARAPL1>SLIRP,+",1
"TMEM273>VPS37B,-",1
"TXNDC12>PLCB1,+",1
"SH2D3C>RAP1B,+",1
"SEPT10>RAP1B,+",1
"SEPT10>STX12,-",1
"KNOP1>C3orf58,+",1
"H2AFJ>C3orf58,+",1
"TXNDC12>ZNF207,+",1
"CCT5>ZNF207,+",1
"CNOT4>TMEM131,+",1
"NME4>TMEM131,+",1
"C1GALT1C1>EMC2,+",1
"PSMB3>EMC2,+",1
"HIGD2A>EMC2,+",1
"LIPA>EMC2,+",1
"PLCB1>GABARAPL1,+",1
"CCT5>A4GALT,+",1
"ERC1>USP9X,+",1
"USP9X>ERC1,+",1
"RAP1B>SH2D3C,+",1
"MBTPS1>PRDM2,+",1
"CYTH1>SHOC2,+",1
"GABARAPL1>SHOC2,+",1
"CCT5>C1orf123,+",1
"ABI3>CREBRF,+",1
"CCT5>CREBRF,+",1
"SYF2>HNRNPAB,+",1
"LAMA5>RILPL2,+",1
"USP9X>ASAP1,+",1
"CYTH1>ZMYND11,+",1
"MBTPS1>POLK,+",1
"CCT5>POLK,+",1
"LAMA5>CCT5,+",1
"ITSN2>CCT5,+",1
"ZMYND11>SNX5,+",1
"RNF10>DDX6,+",1
"HNRNPAB>DDX6,+",1
"CYTH1>MBTPS1,+",1
"CCT5>ITSN2,+",1
"CNOT4>ITSN2,+",1
"HNRNPAB>SYF2,+",1
"HNRNPAB>UBR5,+",1
"SYF2>NDUFA2,+",1
"USP9X>NDUFA2,+",1
"USP9X>ABI2,+",1
"CYTH1>ABI2,+",1
"ELMO1>ABI2,-",1
"RILPL2>ABI2,+",1
"EIF3D>AGPAT5,+",1
"CBX3>ABI3,+",1
"CBX3>SLK,+",1
"RILPL2>ASAP1,+",1
"HIGD2A>SLC30A7,+",1
"VPS29>CNOT4,+",1
"IFNAR2>RRAS,+",1
"PBXIP1>ALG13,+",1
"SAP30BP>PSMB9,-",1
"CNOT4>UBE2Q2,+",1
"KNOP1>UBE2Q2,+",1
"TMEM273>SEM1,+",1
"CCT5>ALG13,+",1
"HIGD2A>ALG13,+",1
"PSMB3>CYTH1,+",1
"PSMB3>ANP32E,+",1
"CCT5>CYTH1,+",1
"CCDC88A>SLIRP,+",1
"TAOK3>ABI2,+",1
"PTEN>ABI2,+",1
"PSMB9>CBX3,+",1
"CCDC88A>XRN2,+",1
"VPS29>PSMB9,+",1
"TXNDC12>PSMB9,+",1
"KNOP1>UBE2I,+",1
"PDAP1>UBE2I,+",1
"PSMB3>SMIM37,+",1
"TMEM131>SMIM37,+",1
"PRDM2>MUC20-OT1,-",1
"HIGD2A>ARID1A,+",1
"PSMB9>ARID1A,+",1
"TMEM273>CHSY1,-",1
"SEPT10>ATP5F1C,+",1
"DMAC1>ATP5F1C,+",1
"PSMB9>KDM2A,+",1
"KNOP1>POLK,+",1
"PSMB3>POLK,+",1
"TXNDC12>SPART,+",1
"TMEM131>RAB11B,-",1
"AP2M1>TXNDC12,+",1
"SEPT10>TXNDC12,+",1
"AKR7A2>STAT5B,+",1
"TAOK3>FGD5-AS1,+",1
"SLIRP>SEPT10,+",1
"CNOT4>PBXIP1,+",1
"RAB4A>TSR3,+",1
"PRDM2>HIGD2A,+",1
"NME4>HIGD2A,+",1
"TAOK3>EIF2AK2,+",1
"PPP4R3A>EIF2AK2,+",1
"CBX3>EIF2AK2,+",1
"PLCB1>ERGIC2,+",1
"VPS29>CCT5,+",1
"IFNAR2>RAB4A,+",1
"EMC2>RAB4A,+",1
"TAOK3>RAB4A,+",1
"TMEM273>TCEAL4,+",1
"PSMB3>FGD5-AS1,+",1
"NME4>DMAC1,-",1
"SEPT10>PPP4R3A,+",1
"TXNDC12>PSMB3,+",1
"CLTC>PRKCSH,+",1
"VPS37B>PDAP1,+",1
"HIGD2A>ZBTB7A,+",1
"TXNDC12>MBTPS1,+",1
"PPP4R3A>MBTPS1,+",1
"HIGD2A>TRA2A,+",1
"TAOK3>TRA2A,+",1
"ATP5F1C>MCTP1,+",1
"ATP5F1C>RILPL2,+",1
"TMEM273>RILPL2,-",1
"SEPT10>RILPL2,+",1
"TMEM131>RILPL2,+",1
"CCDC88A>HNRNPUL1,+",1
"CYTH1>HNRNPUL1,+",1
"RNF10>SLC39A1,+",1
"KDM2A>TCN2,+",1
"SAP30BP>TINAGL1,+",1
"TMEM273>STAT5B,-",1
"SLC30A7>STAT5B,+",1
"EMC2>KDM2A,+",1
"SERINC3>KDM2A,+",1
"ANKRD28>ITSN2,+",1
"SERINC3>TAX1BP1,+",1
"TMEM131>CCDC124,+",1
"TTC1>S100A4,+",1
"FAM107A>S100A4,+",1
"SHOC2>S100A4,+",1
"SAP30BP>S100A4,+",1
"RILPL2>ATP2A2,+",1
"SAP30BP>SYPL1,+",1
"SAT2>TMEM273,+",1
"STAT5B>TMEM273,-",1
"FCHO2>TMEM273,+",1
"SAP30BP>CYTH1,-",1
"PKM>CYTH1,+",1
"SERINC3>RASIP1,+",1
"TSR3>RASIP1,+",1
"ACTR2>RASIP1,+",1
"KDM2A>RASIP1,+",1
"TTC1>RASIP1,+",1
"FCHO2>RASIP1,+",1
"BAG1>TSC22D3,+",1
"ATP2A2>LAP3,+",1
"SAP30BP>LAP3,+",1
"FCHO2>ATRAID,+",1
"KDM2A>ANXA2R,+",1
"FCHO2>ANXA2R,-",1
"FCHO2>SAP30BP,+",1
"TXNDC12>PCGF2,+",1
"ATP2A2>MOB4,-",1
"AP2M1>MBTPS1,+",1
"SHOC2>NME4,+",1
"ACTR2>TXNDC12,+",1
"ATP2A2>SHOC2,+",1
"ACTR2>SHOC2,+",1
"AP2M1>FCHO2,+",1
"EMC2>FCHO2,+",1
"TMEM131>FCHO2,+",1
"TTC1>LIPA,+",1
"SAT2>TMEM131,-",1
"TXNDC12>FDPS,+",1
"ACTR2>EFR3A,+",1
"ATP2A2>EFR3A,+",1
"SAP30BP>EFR3A,+",1
"SHOC2>MBTPS1,+",1
"SAP30BP>MBTPS1,+",1
"RASIP1>PRKCSH,+",1
"SHOC2>UBE2Q2,+",1
"ATP2A2>UBE2Q2,+",1
"KDM2A>SLC39A1,+",1
"KDM2A>CCDC88A,+",1
"SLC30A7>CHSY1,+",1
"PRKCSH>CHSY1,+",1
"TMEM131>SP110,+",1
"RASIP1>CNOT4,+",1
"SLC30A7>CNOT4,+",1
"ATP2A2>CNOT4,+",1
"EFR3A>GLG1,+",1
"EMC2>GLG1,+",1
"TCN2>POLK,+",1
"IFNAR2>SERINC3,+",1
"ELMO1>TMEM173,+",1
"TTC1>CCDC124,+",1
"USP9X>TCN2,+",1
"ABI3>CYTH1,+",1
"AGPAT5>STX12,-",1
"AES>STX12,+",1
"SLK>STX12,+",1
"CYTH1>STX12,+",1
"DLG1>S100A4,-",1
"ZNF207>FCHO2,+",1
"IFNAR2>TET2,+",1
"RILPL2>C8orf33,+",1
"GABARAPL1>TET2,+",1
"DDX6>ABCC4,+",1
"HNRNPAB>ABCC4,+",1
"TMEM273>ABCC4,+",1
"ABI3>TMEM273,+",1
"TCN2>UBE2Q2,+",1
"CCT8>RAB5C,+",1
"WDR1>C1orf115,+",1
"VPS37B>C1orf115,+",1
"ZNF207>ALG5,+",1
"CNOT4>ZNF207,+",1
"GCA>CNOT4,+",1
"TET2>CNOT4,+",1
"ELMO1>DMAC1,-",1
"CCT5>DMAC1,+",1
"RILPL2>DMAC1,+",1
"KPNB1>DLG1,+",1
"CYTH1>ELMO1,+",1
"GABARAPL1>ELMO1,+",1
"UBR5>ELMO1,+",1
"SHOC2>EIF3D,+",1
"CCT5>SH3BGRL2,+",1
"IFNAR2>SH3BGRL2,+",1
"CCT8>IFNAR2,+",1
"GABARAPL1>CCDC88A,+",1
"TCN2>TAOK3,+",1
"NME4>SUGT1,+",1
"SHOC2>TMEM147,+",1
"AP2M1>TMEM147,+",1
"TCN2>TMEM147,+",1
"TXNDC12>TMEM147,+",1
"RILPL2>TMEM147,+",1
"PRKCSH>FGD5-AS1,+",1
"ECE1>POLR2G,+",1
"FCHO2>BAG1,+",1
"TCN2>ATOX1,+",1
"KDM2A>PRDM2,+",1
"RILPL2>PRDM2,+",1
"PTEN>PRDM2,+",1
"TRA2A>PRDM2,+",1
"EMC2>SUGT1,+",1
"EFR3A>CCT5,+",1
"SLK>CBX3,+",1
"SLC30A7>TDG,+",1
"EFR3A>TDG,+",1
"EMC2>TDG,+",1
"ACTR2>FAM107A,+",1
"SAP30BP>FAM107A,+",1
"RILPL2>USP14,+",1
"TCN2>RTF1,+",1
"SAP30BP>LAMA5,+",1
"EFR3A>AGO2,+",1
"CCDC124>ANKRD28,-",1
"TMEM131>ABI2,-",1
"ACTR2>SLC30A7,+",1
"TCN2>SOS2,+",1
"RTF1>SAP30BP,+",1
"H2AFJ>RAB11B,+",1
"UBE2Q2>SH2D3C,-",1
"RNF10>TDG,-",1
"SREK1IP1>GABARAPL1,+",1
"KDM2A>SMG1,+",1
"SMG1>RAP1B,+",1
"PSMB3>ZNHIT1,+",1
"TMEM273>ENO1,+",1
"GOLGA2>SAP30BP,+",1
"C1orf115>SAP30BP,+",1
"SERINC3>GABARAPL1,-",1
"SMG1>POLK,+",1
"SMG1>TSR3,+",1
"NME4>H2AFJ,-",1
"STX12>AES,+",1
"MBTPS1>AES,+",1
"MBTPS1>S100A4,+",1
"POLR2G>C1orf115,-",1
"TMEM50B>ZNF207,+",1
"COPS2>PBXIP1,+",1
"POLR2G>RECQL,+",1
"CBX3>RECQL,+",1
"TXNDC12>RECQL,+",1
"MBTPS1>SOS1,+",1
"RECQL>KPNB1,+",1
"SMG1>RNF10,+",1
"NME4>POLR2G,+",1
"TAOK3>BEND7,-",1
"KDM2A>BEND7,+",1
"POLK>GLG1,+",1
"TPM4>RIF1,+",1
"TINAGL1>ARID1A,+",1
"PBXIP1>NR4A2,+",1
"ARID1A>NR4A2,+",1
"RPL13>RPL8,+",1
"ARID1A>C1orf115,+",1
"ARID1A>POLK,+",1
"SEPT10>AKR7A2,+",1
"SWAP70>KDELR2,+",1
"ZNF652>TAOK3,+",1
"EMC2>MBTPS1,+",1
"HIPK2>MBTPS1,+",1
"IL33>MBTPS1,+",1
"SERPINB6>CALCOCO2,+",1
"CAMLG>SAT2,+",1
"AGFG1>KDELR2,+",1
"POLR2G>SHOC2,+",1
"SHOC2>CREBRF,+",1
"ZNF652>PBXIP1,+",1
"NME4>PBXIP1,-",1
"STX12>GLG1,+",1
"CAMLG>HIPK2,+",1
"STAT5B>HIPK2,+",1
"KDELR2>TAOK3,+",1
"RPL14>TRIR,+",1
"HLA-C>HMGB1,+",1
"IL33>UPF2,+",1
"LAMA5>EMC2,+",1
"POLK>PRKCSH,+",1
"VAT1>TINAGL1,+",1
"SWAP70>PRKD3,+",1
"TRIR>PRKD3,+",1
"ARPC5>KIAA0355,+",1
"SWAP70>DDX24,+",1
"EMC2>MYADM,+",1
"SWAP70>MYADM,+",1
"CREBRF>MYADM,-",1
"VAT1>ALG5,-",1
"SMG1>PTEN,+",1
"SMG1>MBTPS1,+",1
"SMG1>CALCOCO2,+",1
"TMEM50B>LAMP1,+",1
"KDM2A>TNFRSF14,+",1
"HIPK2>C1orf115,+",1
"SLIRP>PBXIP1,+",1
"RTF1>NR4A2,+",1
"CLTC>AES,+",1
"SHISA5>CNOT4,+",1
"RTF1>STX12,+",1
"TMEM273>C1orf115,+",1
"RTF1>SLC30A7,+",1
"SERINC3>TNFRSF14,+",1
"HIPK2>SAT2,+",1
"CSTB>SAT2,+",1
"KNOP1>SAT2,+",1
"CREB3L2>SAT2,+",1
"SNX5>GOLGA2,+",1
"BCL10>GOLGA2,+",1
"CREB3L2>KDM2A,-",1
"RILPL2>KDM2A,+",1
"MAP2K2>KDM2A,+",1
"PLCB1>H2AFJ,+",1
"SLC30A7>BTG2,+",1
"CCT5>BTG2,+",1
"ELMO1>NUDCD1,+",1
"CLTC>NUDCD1,+",1
"SMC4>RAB5C,+",1
"GNB1>VAT1,+",1
"TMEM50B>MYADM,+",1
"NR4A2>CHSY1,+",1
"CREB3L2>TAOK3,+",1
"BCL10>TAOK3,+",1
"TMEM273>PLCB1,+",1
"TMEM50B>PLCB1,+",1
"CCDC88A>PLCB1,+",1
"GOLGA2>SH3BGRL2,-",1
"ACTR1A>HIPK2,+",1
"SLC30A7>PTEN,+",1
"GABARAPL1>SREK1IP1,+",1
"POLR2G>SOS2,+",1
"RECQL>SOS2,+",1
"RPL13>RPL32,+",1
"SERINC3>TMEM273,+",1
"RPL14>TMEM273,+",1
"POLR2G>TMEM50B,+",1
"KDM2A>A4GALT,+",1
"RIF1>STAT5B,+",1
"SMG1>STAT5B,+",1
"ARID1A>TINAGL1,+",1
"GOLGA2>TINAGL1,+",1
"STX12>RILPL2,+",1
"RPL14>RILPL2,+",1
"RECQL>UBE2Q2,+",1
"MBTPS1>SREK1IP1,+",1
"CREB3L2>PTEN,+",1
"NME4>SREK1IP1,+",1
"SERINC3>SREK1IP1,+",1
"RPL13>RPLP2,+",1
"ARID1A>HNRNPUL1,+",1
"RPL13>RPS6,+",1
"COPS2>LIMCH1,+",1
"CBX3>TTC1,+",1
"HNRNPUL1>TTC1,+",1
"RIF1>TTC1,+",1
"A4GALT>RTN3,+",1
"TMEM273>SERINC3,+",1
"SERINC3>SMC4,+",1
"POLR2G>FAM107B,+",1
"TINAGL1>FCHO2,+",1
"SWAP70>TMEM273,+",1
"AGFG1>SAP30BP,+",1
"ARPC5>TTC1,+",1
"SAT2>SHOC2,+",1
"PEPD>SH3BGRL2,+",1
"TOMM22>SH3BGRL2,-",1
"FBN1>DDX24,+",1
"PEPD>FCHO2,+",1
"STIM2>FCHO2,+",1
"SAT2>FCHO2,+",1
"S100A4>SUGT1,+",1
"S100A4>TTC1,+",1
"SHISA5>CLTC,-",1
"RAB4A>BTG2,+",1
"CCDC88A>COPZ1,+",1
"CSNK2B>COPZ1,+",1
"HPCAL1>COPZ1,+",1
"PEPD>ATP2A2,+",1
"MBNL2>RILPL2,+",1
"CSNK2B>HBP1,+",1
"FBN1>TLE1,+",1
"RNF10>BRWD1,+",1
"CLTC>BRWD1,+",1
"FBN1>RTF1,+",1
"PEPD>TOPORS,+",1
"NET1>TOPORS,+",1
"TMEM273>TOPORS,+",1
"STMP1>TOPORS,+",1
"SH3BGRL2>PBXIP1,+",1
"CLTC>STX12,+",1
"TMEM50B>TOMM22,-",1
"HNRNPUL1>TOMM22,+",1
"MBNL2>TOMM22,-",1
"CSNK2B>TOMM22,+",1
"NDUFS1>KPNB1,+",1
"UBE2Q2>ATP2A2,+",1
"SHISA5>ATP2A2,+",1
"SEM1>TCN2,+",1
"STMP1>S100A4,+",1
"IFNAR2>AKR7A2,+",1
"KPNB1>AKR7A2,+",1
"PSMB3>AKR7A2,+",1
"PSMB9>AKR7A2,+",1
"PSMB3>VPS29,+",1
"TXNDC12>ISLR,+",1
"SHISA5>PTEN,+",1
"AES>SHISA5,+",1
"SEM1>SHISA5,+",1
"FAM107B>NR4A2,+",1
"TMEM50B>CCDC88A,+",1
"SH3BGRL2>TMEM273,+",1
"CLTC>TMEM273,+",1
"SAT2>S100A4,+",1
"SH3BGRL2>TMEM256,-",1
"FCHO2>TCN2,+",1
"NET1>TMEM256,-",1
"SAT2>TMEM256,+",1
"PEPD>HNRNPUL1,+",1
"CREBBP>HNRNPUL1,+",1
"SLTM>NET1,+",1
"CLTC>NET1,+",1
"ASH1L>CNOT4,+",1
"CSNK2B>VASP,+",1
"STMP1>TLK1,+",1
"CBX5>TLK1,+",1
"HNRNPUL1>FAM107B,+",1
"ASH1L>H2AFJ,+",1
"POLK>EMC2,+",1
"TOPORS>LIPA,+",1
"BRWD1>KPNB1,+",1
"FBN1>TTC1,-",1
"RPS26>SMC4,+",1
"POLK>SPAG9,+",1
"HLA-DMA>STAT5B,+",1
"SWAP70>BPTF,+",1
"PSMB3>STX12,+",1
"STAT5B>STX12,+",1
"HLA-C>KDM2A,+",1
"ARID1A>SPAG9,+",1
"STAT5B>LAMA5,+",1
"ASH1L>TTC1,+",1
"POLK>LAMA5,+",1
"TOPORS>GLUD1,+",1
"NME4>GLUD1,+",1
"STMP1>GLUD1,+",1
"PEPD>TFAM,+",1
"CSNK2B>TFAM,+",1
"SPAG9>PSMF1,+",1
"AGFG1>PSMF1,+",1
"NME4>NUDCD1,+",1
"EMC2>DYNC1LI2,+",1
"ZNF652>LIPA,+",1
"HLA-C>CDC37,+",1
"SERPINB6>RTF1,+",1
"SERPINB6>TSC22D3,+",1
"CCDC88A>TSC22D3,+",1
"SPAG9>TSC22D3,+",1
"DAZAP2>ZKSCAN1,+",1
"STAT5B>RAB4A,+",1
"RPS26>RAB4A,+",1
"CREBRF>RAB4A,+",1
"NFAT5>WDR1,+",1
"DAZAP2>TXNDC12,+",1
"PTEN>SMC4,+",1
"TOPORS>TFAM,+",1
"SH3BGRL2>TSPYL2,-",1
"PTEN>TSPYL2,+",1
"TOPORS>MVB12A,+",1
"STMP1>PSMB3,+",1
"PEPD>PSMB3,+",1
"SH3BGRL2>ZNF428,+",1
"CNOT4>ZNF428,+",1
"ASH1L>ZNF428,+",1
"CLTC>FDPS,+",1
"MBNL2>FDPS,+",1
"PEPD>STAT5B,+",1
"STMP1>STAT5B,+",1
"ZNHIT1>CSNK2B,+",1
"HPCAL1>RNF10,+",1
"PEPD>PSMA1,+",1
"BEND7>PRKCSH,+",1
"NME4>MVB12A,+",1
"CLTC>MVB12A,+",1
"NET1>ARID1A,+",1
"HIPK2>NDUFS1,-",1
"POLK>NDUFS1,-",1
"NDUFS1>PDLIM3,+",1
"FCHO2>PDLIM3,+",1
"TMEM273>PDLIM3,+",1
"ASH1L>CREBBP,+",1
"SHISA5>CBX5,-",1
"RNF10>SLC25A11,+",1
"TMEM256>SLC25A11,+",1
"S100A4>SOS1,+",1
"CREBBP>UBE2Q2,+",1
"TCN2>GGT5,+",1
"SH3BGRL2>GGT5,+",1
"COMT>MAGT1,+",1
"LAP3>S100A4,+",1
"RAB4A>RILPL2,+",1
"SEC61G>SP110,+",1
"TXNDC12>ITGA8,+",1
"ELMO1>KNOP1,+",1
"NDFIP1>PTPN14,+",1
"ATP2A2>PTPN14,+",1
"RNF10>NME4,+",1
"SLC39A1>KDM2A,+",1
"KNOP1>UGP2,+",1
"MED13>DAZAP2,+",1
"YWHAE>CSNK1A1,+",1
"POLK>ADCY4,+",1
"CSDE1>PHF20L1,+",1
"CAST>KIF1B,+",1
"SEC61G>KIF1B,+",1
"PTGES3>MEF2D,+",1
"MAP2K2>MEF2D,+",1
"ARL1>HNRNPUL1,+",1
"ARL1>S100A4,+",1
"ELMO1>S100A4,-",1
"EIF3D>HIGD2A,+",1
"MYCBP2>HIGD2A,+",1
"NDFIP1>HIGD2A,+",1
"SMARCE1>ZNF207,+",1
"ELMO1>NET1,+",1
"ARL1>NET1,+",1
"ZNF428>IFNAR2,+",1
"ZNF207>SMARCE1,+",1
"EIF2AK2>CCDC88A,+",1
"SEC63>SHOC2,-",1
"MYCBP2>PRKCSH,+",1
"SLC39A1>QKI,+",1
"ARL1>PLCB1,+",1
"SHISA5>ARID1A,+",1
"SPRY4>MEF2D,+",1
"ZNHIT1>PSMA3-AS1,+",1
"TXNDC12>TRA2A,+",1
"LIPA>NUDCD1,+",1
"MED13>SPAG9,+",1
"SMG1>ASAP1,+",1
"SEC61G>MYCBP2,+",1
"ADCY4>PSMB3,+",1
"PTGES3>MCFD2,+",1
"SH2D3C>NUDCD1,+",1
"APOL3>NUDCD1,+",1
"SERINC3>PSMA3-AS1,+",1
"PTEN>MAP2K2,+",1
"C5orf24>MAP2K2,-",1
"MED13>TMEM256,+",1
"ADCY4>RAB4A,-",1
"TSC22D3>PRKCSH,+",1
"SPRY4>PRKCSH,+",1
"FCHO2>ZNF428,+",1
"SEC61G>ZNF428,+",1
"MCFD2>ZNF428,+",1
"POLK>ARID1A,+",1
"SHISA5>LIPA,+",1
"FCHO2>CPNE3,+",1
"PSMA3-AS1>CPNE3,+",1
"NUDCD1>STK4,+",1
"POLK>CMPK1,+",1
"TXNDC12>HECTD1,+",1
"KPNB1>PPP1R13B,+",1
"PTGES3>PPP1R13B,+",1
"SEC61G>SH2D3C,+",1
"KNOP1>SCFD1,+",1
"GNG11>SCFD1,+",1
"KPNB1>CCDC88A,+",1
"MAP2K2>ALG5,+",1
"KNOP1>ZNF652,+",1
"TMEM273>ZNF652,+",1
"MYCBP2>LAMA5,+",1
"RNF10>TPM1,+",1
"KDELR1>HIST1H4C,+",1
"SLC39A1>PSMA3-AS1,+",1
"ZNF207>PSMA3-AS1,+",1
"CNOT4>PSMA3-AS1,+",1
"S100A4>NR4A2,+",1
"HNRNPUL1>TPM1,+",1
"KNOP1>CNOT4,+",1
"HIST1H4C>TACC1,+",1
"HNRNPUL1>SYF2,+",1
"HIST1H4C>SLC39A1,+",1
"TCN2>ZNF428,+",1
"RAB5C>HSP90AB1,+",1
"ARL1>SLIRP,+",1
"TCN2>C3orf58,+",1
"SEC63>ATP2A2,+",1
"ZNF207>ATP2A2,+",1
"TTC1>ATP2A2,+",1
"ZNF207>DOCK9,+",1
"VPS37B>RASA4,+",1
"KDELR2>NME4,+",1
"ATP5F1A>SAP30BP,+",1
"PHAX>ELMO1,+",1
"ATP5F1A>RILPL2,+",1
"CCT5>RANBP1,+",1
"PHF20L1>RANBP1,+",1
"LIPA>RANBP1,+",1
"RNF10>RANBP1,+",1
"RAB5C>WDR1,+",1
"PHAX>TTC1,+",1
"SAP30BP>TTC1,+",1
"USP1>SMARCE1,+",1
"SAT2>C3orf58,+",1
"MYCBP2>C3orf58,+",1
"CREBRF>SEC63,+",1
"EIF2AK2>POLK,+",1
"ELMO1>VPS29,+",1
"HIST1H4C>WDR1,+",1
"HIST1H4C>RAB5C,+",1
"PSMB1>RAB5C,+",1
"KDELR1>VAT1,+",1
"MYCBP2>PDLIM5,+",1
"ARL1>PDLIM5,+",1
"HIST1H4C>SEM1,+",1
"RNF10>SEM1,+",1
"HNRNPUL1>ARL1,+",1
"RAB5C>EIF3D,+",1
"NME4>EIF3D,+",1
"HNRNPUL1>EIF3D,+",1
"MYCBP2>POLK,+",1
"ZNF207>CCT2,+",1
"ATP2A2>SEC63,+",1
"NDFIP1>AP2M1,+",1
"NME4>CX3CL1,+",1
"ZNF207>CX3CL1,+",1
"TTC1>CX3CL1,+",1
"ELMO1>PRDM2,+",1
"TAOK3>PRDM2,+",1
"ATP2A2>RAB4A,+",1
"ARL1>RAB4A,-",1
"ZNF428>EIF2AK2,+",1
"ARL1>EIF2AK2,+",1
"SLC39A1>EIF2AK2,+",1
"ARL1>NDFIP1,+",1
"S100A4>VPS37B,+",1
"HNRNPUL1>VPS37B,+",1
"ANKRD12>ERGIC2,+",1
"MAGT1>ERGIC2,+",1
"CHSY1>ERGIC2,+",1
"UQCR10>TTC1,+",1
"C1orf123>HIPK2,+",1
"UQCR10>KDM2A,+",1
"DMAC1>KDM2A,+",1
"ATP5F1C>RAB5C,+",1
"ZNF207>C3orf58,+",1
"SYF2>C3orf58,+",1
"SWAP70>CYBA,+",1
"TXNDC12>PPP1R13B,+",1
"TTF1>S100A4,+",1
"ARID1A>SH3BGRL2,+",1
"ADCY4>CCT5,+",1
"C1orf123>CCT5,+",1
"SEC61B>CCT5,+",1
"UQCR10>NUDT4,+",1
"TMEM273>HIPK2,+",1
"STX12>HIPK2,+",1
"SEC61B>RTF1,+",1
"C1orf123>CALCOCO2,+",1
"SEC61B>CYTH1,+",1
"ADCY4>NUDCD1,+",1
"UQCR10>TAOK3,+",1
"ATP5F1C>SP110,+",1
"VPS37B>CCDC186,-",1
"HDAC7>CCDC186,+",1
"SH3BGRL2>NPM1,+",1
"ADCY4>ATP5F1C,+",1
"RAB5C>ATP5F1C,+",1
"SWAP70>HDAC7,+",1
"RAP1B>KPNB1,+",1
"SLIRP>KPNB1,+",1
"ATP5F1C>KPNB1,-",1
"PGRMC2>WDR1,+",1
"ADCY4>TCN2,+",1
"SEC61B>SLIRP,+",1
"PSMB3>KDELR2,+",1
"WDR1>SLC39A1,+",1
"SHOC2>PCGF2,+",1
"C8orf33>ACTR1A,-",1
"GOLGA2>ACTR1A,+",1
"MBTPS1>ACTR1A,+",1
"SLC39A1>OGA,+",1
"TMEM50B>OGA,-",1
"SLC39A1>AHI1,-",1
"PEPD>RECQL,+",1
"EIF3D>RECQL,+",1
"TRA2A>RECQL,+",1
"TMEM50B>HBP1,+",1
"PSMB3>SOD2,+",1
"PEPD>VAT1,-",1
"HIPK2>SMIM37,+",1
"SEC61B>STX12,+",1
"MBTPS1>CMPK1,+",1
"SLC39A1>PRKCSH,+",1
"TMEM273>PRKCSH,+",1
"TRA2A>HIPK2,+",1
"GLG1>CDC42SE2,+",1
"LAMA5>PTEN,+",1
"PTEN>TTF1,+",1
"PTEN>LAMA5,+",1
"CCDC186>RILPL2,+",1
"SWAP70>RILPL2,+",1
"PSMB3>TXNDC12,+",1
"RPSA>TXNDC12,+",1
"RECQL>SHOC2,+",1
"RAP1B>STX12,+",1
"SH3BGRL2>PPP1R13B,+",1
"ADCY4>PPP1R13B,+",1
"CSDE1>ERGIC2,+",1
"ELMO1>SHISA5,+",1
"MAP2K2>C5orf24,-",1
"SPAG9>C5orf24,+",1
"SCFD1>TCN2,+",1
"SEC61G>IFNAR2,+",1
"LIPA>KPNB1,+",1
"SMG1>ITSN2,+",1
"MED13>SHISA5,+",1
"HNRNPR>PSMB5,+",1
"C5orf24>SHISA5,+",1
"ANKRD12>SHISA5,+",1
"PSMB3>KDM2A,+",1
"MED13>KDM2A,+",1
"KDM2A>TSC22D3,+",1
"TMEM9B>TSC22D3,+",1
"MED13>ELMO1,+",1
"MCFD2>TXNDC12,+",1
"GNG11>MAGT1,+",1
"MCFD2>MAGT1,-",1
"PTGES3>H2AFJ,+",1
"SHISA5>H2AFJ,+",1
"TXNDC12>TNFAIP1,+",1
"FCHO2>TNFAIP1,+",1
"CMPK1>POLK,+",1
"FCHO2>POLK,+",1
"SPRY4>GOLGA2,+",1
"PSMA3-AS1>SHOC2,+",1
"LAP3>UBE2Q2,+",1
"SEC61G>UBE2Q2,+",1
"SHISA5>PPP4R3A,+",1
"MED13>NF1,+",1
"PTGES3>SEC61G,+",1
"ZNF207>CHSY1,+",1
"TXNDC12>SIGIRR,+",1
"RAP1B>LAP3,+",1
"COX7A2>UQCR10,+",1
"CCDC186>PSMB5,+",1
"ATP5F1C>PSMB5,+",1
"CCDC186>C1orf123,+",1
"YWHAE>TMEM50B,+",1
"TXNDC12>EGLN1,+",1
"KLHL5>EGLN1,+",1
"SWAP70>LIPA,+",1
"EGLN1>KLHL5,+",1
"SH3BGRL2>CCDC68,+",1
"TSC22D3>VAT1,+",1
"EGLN1>VAT1,+",1
"VPS37B>VAT1,-",1
"TSC22D3>HNRNPUL1,+",1
"CCDC68>HNRNPUL1,+",1
"C1orf123>GOLGA2,+",1
"HDAC7>ADCY4,+",1
"TSC22D3>COPS2,+",1
"SNHG7>COPS2,+",1
"UQCR10>COPS2,+",1
"ATP5F1C>COPS2,+",1
"RECQL>CCDC88A,+",1
"RPSA>SYF2,+",1
"RPSA>HIGD2A,+",1
"TXNDC12>C5orf24,-",1
"TCN2>C5orf24,+",1
"CCDC186>ERGIC2,+",1
"PSMB3>STAT5B,+",1
"SF3A3>PGRMC2,+",1
"SWAP70>PGRMC2,+",1
"ZNF207>ADCY4,+",1
"PHAX>SMARCE1,+",1
"SLTM>LIPA,+",1
"SRP72>C3orf58,+",1
"PRKAA1>PSMA3-AS1,-",1
"PBXIP1>XRN2,+",1
"PSMC4>XRN2,+",1
"SLC12A2>XRN2,+",1
"PSMA1>XRN2,+",1
"NRN1>XRN2,+",1
"PBXIP1>METAP2,+",1
"STX12>PSMA3-AS1,+",1
"SLC12A2>ZKSCAN1,+",1
"ELMO1>USP36,+",1
"NDUFA2>USP36,+",1
"GABARAPL1>USP36,+",1
"SMARCE1>TMEM273,+",1
"PRKAA1>FGD5-AS1,+",1
"PSMC4>POLK,+",1
"CYTH1>PEPD,-",1
"PSMC4>LAMA5,+",1
"SLC12A2>LAMA5,+",1
"NDUFA2>LAMA5,+",1
"KDM2A>RTF1,+",1
"ZC3H14>AMOTL1,+",1
"ZNF428>SP3,+",1
"ARID5A>PRKAA1,+",1
"LIPA>PRKAA1,+",1
"PREX2>PRKAA1,+",1
"STX12>PSMD13,+",1
"SLIRP>PSMD13,+",1
"PPP4R3A>PSMD13,+",1
"SLTM>PNRC2,+",1
"PSMD13>SYF2,+",1
"KDM2A>XPO1,+",1
"CYTH1>ASAP1,+",1
"CNOT4>POLK,+",1
"ELMO1>SLTM,+",1
"GOLGA2>TAOK3,+",1
"HADHA>ALG5,+",1
"STAT5B>TMEM256,+",1
"PSMD13>TMEM256,+",1
"ELMO1>NRN1,+",1
"PTEN>SHOC2,+",1
"ARID5A>SHOC2,+",1
"PRKAA1>ALG5,-",1
"SAT2>TTC1,-",1
"KDM2A>SLTM,+",1
"STX12>COPS2,+",1
"KDM2A>SMARCE1,+",1
"TXNDC12>SMARCE1,-",1
"TXNDC12>AKAP9,+",1
"SAT2>RNF10,+",1
"PSMC4>GABARAPL1,-",1
"COPS2>ERC1,+",1
"GABARAPL1>CYTH1,+",1
"KDM2A>NRARP,+",1
"PRKAA1>ARID5A,+",1
"GABARAPL1>LIPA,+",1
"PSMC4>LIPA,+",1
"MED13>LIPA,-",1
"STX12>RICTOR,+",1
"SLC12A2>NDUFS1,+",1
"TMEM256>NDUFS1,+",1
"ZC3H14>NDUFS1,-",1
"LAMA5>MVB12A,-",1
"RNF10>PSMC4,+",1
"PEPD>PREX2,+",1
"PSMC4>PPP4R3A,+",1
"SP3>SLTM,+",1
"PSMC4>SLTM,+",1
"PSMD13>ASAP1,+",1
"SHISA5>ASAP1,+",1
"SP3>PSMA1,+",1
"PPM1G>CLTB,+",1
"ABCC4>UBE2Q2,+",1
"TGFB1>PPM1G,+",1
"ELMO1>PPM1G,+",1
"ARID1A>SLTM,+",1
"PBXIP1>TXNDC12,+",1
"RNF10>KNOP1,+",1
"UBE2Q2>RNF10,+",1
"PRKAA1>PSMA1,+",1
"DNAJC21>PRDM2,+",1
"HIPK2>TES,-",1
"DDX52>TES,+",1
"PBXIP1>TES,+",1
"MAP2K2>TES,+",1
"ZBTB38>SPCS1,+",1
"ABCC4>TAOK3,+",1
"SHISA5>TAOK3,-",1
"CALCOCO2>TCEAL4,+",1
"ELAVL1>DDX52,-",1
"POLR2E>DDX52,+",1
"CLTC>DDX52,+",1
"DNAJC21>DDX52,-",1
"ABCC4>DDX52,+",1
"ACBD3>DDX52,+",1
"CALCOCO2>PPP4R3A,+",1
"GLG1>PPP4R3A,+",1
"USF2>PNN,+",1
"BEX4>SHOC2,+",1
"C11orf58>BAZ1B,+",1
"CLTC>RTF1,+",1
"ACBD3>COMT,+",1
"PRDM2>COMT,+",1
"VPS37B>TTC1,+",1
"NOL7>USF2,+",1
"TXNDC12>ELMO1,+",1
"LIPA>TFAM,-",1
"ERC1>MBTPS1,+",1
"PEPD>MBTPS1,+",1
"SARAF>MBTPS1,+",1
"PSMC4>MBTPS1,+",1
"RFC1>BRK1,+",1
"ARID5A>NR4A2,+",1
"STAT5B>NR4A2,+",1
"KDM2A>NR4A2,+",1
"CNOT4>HADHA,+",1
"ARID5A>PPP3CA,+",1
"MED13>RILPL2,+",1
"LIPA>RFC1,+",1
"ZC3H14>SLC12A2,-",1
"PSMA1>TFAM,+",1
"ZC3H14>TFAM,+",1
"SHISA5>TTF1,+",1
"UBE2Q2>VPS37B,+",1
"PBXIP1>TCN2,+",1
"HIPK2>TCN2,+",1
"IFNAR2>TDG,+",1
"GLG1>SYF2,+",1
"TDG>LIPA,+",1
"LIPA>CLTC,+",1
"TDG>IFNAR2,+",1
"VPS37B>IFNAR2,+",1
"ELMO1>SLIRP,+",1
"ELAVL1>SLIRP,+",1
"PPM1G>SLIRP,+",1
"TGFB1>SLIRP,+",1
"TERF2IP>TTF1,+",1
"RILPL2>TSR3,+",1
"ELMO1>TMEM50B,+",1
"AMOTL1>TMEM50B,+",1
"PKM>YME1L1,+",1
"LIPA>ZBTB7A,+",1
"CCDC88A>ASAP1,+",1
"RNF10>NUDCD1,+",1
"RNF10>CCDC88A,+",1
"USP1>CCDC88A,-",1
"TSC22D3>TINAGL1,+",1
"PTGES3>PREX2,+",1
"RASIP1>SEC63,+",1
"TMEM273>BRK1,+",1
"RNF10>RAB5C,+",1
"EIF3D>TNFAIP1,+",1
"RNF10>TNFAIP1,+",1
"VAT1>TNFAIP1,+",1
"WDR1>LYPLA1,+",1
"RNF10>ZBTB7A,+",1
"KDM2A>ZBTB7A,+",1
"RNF10>MPZL1,+",1
"LPGAT1>PHF20L1,+",1
"POLK>TCN2,+",1
"ARID1A>TCN2,+",1
"USP1>BCL10,-",1
"KDM2A>BCL10,+",1
"LIPA>BCL10,+",1
"PHAX>SOS2,+",1
"RNF10>SOS2,+",1
"STX12>WDR1,+",1
"PEPD>GABARAPL1,+",1
"SAP30BP>CCDC88A,+",1
"SLC39A1>TXNDC12,+",1
"S100A4>TXNDC12,-",1
"SMARCE1>RNF10,+",1
"TTC1>BPTF,+",1
"YME1L1>PKM,+",1
"VPS37B>GABARAPL1,+",1
"USP1>HPCAL1,+",1
"CCT5>SARAF,+",1
"RNF10>PSMB3,+",1
"RNF10>C3orf58,+",1
"VPS37B>STX12,+",1
"WDR1>SLC25A11,+",1
"TMEM273>IFNAR2,+",1
"PHAX>RTF1,+",1
"LIPA>RTF1,+",1
"SMARCE1>KDELR2,+",1
"TMED2>FDPS,+",1
"NDFIP1>FDPS,+",1
"PTGES3>CALCOCO2,+",1
"PTGES3>VAT1,+",1
"PHAX>HPCAL1,+",1
"TAOK3>HPCAL1,-",1
"CNOT4>LPGAT1,+",1
"RNF10>USP14,+",1
"TMEM273>USP14,+",1
"GABARAPL1>ZKSCAN1,+",1
"PHAX>ATP5F1A,+",1
"VPS37B>UPF2,+",1
"CCDC88A>PURA,+",1
"TTC1>PURA,+",1
"TMEM273>PURA,+",1
"KDM2A>PURA,+",1
"TMEM273>PTGES3,+",1
"TTC1>GLG1,-",1
"RNF10>ARMCX3,+",1
"TAOK3>ARMCX3,+",1
"VPS37B>ARMCX3,-",1
"TMEM131>SEC63,+",1
"NDUFV1>CCT5,+",1
"ELMO1>TCN2,+",1
"RASIP1>NDUFV1,+",1
"SAP30BP>RIF1,-",1
"SHISA5>RIF1,+",1
"PPP4R3A>ARID1A,+",1
"NDUFV1>RASIP1,+",1
"WDR1>NDUFV1,+",1
"ELMO1>NDUFV1,+",1
"PEPD>KDELR2,+",1
"GABARAPL1>CCT5,+",1
"KPNB1>SMG1,+",1
"STX12>SMG1,-",1
"SLC39A1>PEPD,+",1
"PSMB3>CREBBP,+",1
"TMEM131>SHOC2,+",1
"MAGT1>SHOC2,+",1
"STX12>MAGT1,+",1
"C1orf123>UBR5,+",1
"TMEM131>UBR5,+",1
"ERGIC2>UBR5,+",1
"SLC39A1>UBR5,+",1
"CYTH1>SNX5,+",1
"PPP3CA>SLC25A6,+",1
"RILPL2>ACTR2,+",1
"LIPA>ZC3H14,+",1
"PSMD13>STX12,+",1
"PSMC4>STX12,+",1
"PSMA1>SAT2,+",1
"RILPL2>SAT2,+",1
"ARID5A>KPNB1,+",1
"PSMD13>SLIRP,+",1
"CYTH1>EMC2,+",1
"AMOTL1>TCN2,+",1
"ERGIC2>SHISA5,+",1
"SLC39A1>RICTOR,+",1
"CYTH1>BEND7,+",1
"NDUFV1>KPNB1,+",1
"BEND7>CCT5,+",1
"PPP4R3A>SAP30BP,+",1
"ELMO1>SAP30BP,-",1
"TMEM131>SAP30BP,-",1
"LAMA5>RFC1,+",1
"GABARAPL1>RFC1,+",1
"PEPD>SERPINB1,+",1
"PPP4R3A>SYF2,+",1
"METAP2>SYF2,+",1
"BEND7>SYF2,+",1
"CYTH1>STAT5B,+",1
"ERGIC2>STAT5B,+",1
"TMEM131>NMI,+",1
"TMEM131>SMARCE1,+",1
"CYTH1>PPP4R3A,-",1
"CYBA>S100A4,+",1
"BEND7>PPP4R3A,+",1
"PPP4R3A>POLR2C,+",1
"CYTH1>POLR2C,-",1
"NFAT5>POLR2C,+",1
"SMARCE1>USP14,+",1
"MTPN>ELMO1,+",1
"NDUFV1>PLPP1,+",1
"SMARCE1>TMEM131,+",1
"PPP4R3A>TMEM131,+",1
"RAB4A>ACTR1A,+",1
"ERGIC2>ACTR1A,+",1
"S100A4>CYBA,+",1
"CYTH1>CYBA,+",1
"ELMO1>S100A4,+",1
"BPTF>SYF2,+",1
"EIF3D>CLTC,+",1
"GLG1>CLTC,+",1
"TAX1BP1>ERC1,+",1
"SLC30A7>PSMB3,+",1
"NDUFA3>PSMB3,+",1
"SLIRP>CYB5B,+",1
"ZNHIT1>TAX1BP1,+",1
"NUCKS1>NDUFA3,+",1
"NFATC3>ERC1,-",1
"UBE2I>EIF3H,+",1
"ACTR1A>UBE2Q2,+",1
"PLCB1>UBE2I,+",1
"CCDC88A>UBE2I,-",1
"EIF2AK2>PRKAA1,+",1
"ARID1A>PRKAA1,+",1
"UBE2I>ETV6,-",1
"UBE2Q2>S100A4,+",1
"C1orf115>SLIRP,+",1
"EIF3H>CASP8AP2,+",1
"ZNHIT1>CBX3,+",1
"UBE2Q2>KLF13,+",1
"COPS2>AGFG1,-",1
"UBE2I>AGFG1,-",1
"MBTPS1>AGFG1,+",1
"SLIRP>EIF2AK2,+",1
"WDR1>EIF2AK2,+",1
"SMARCE1>EIF2AK2,+",1
"SLC30A7>ZNF428,+",1
"NFATC3>RNF10,+",1
"PLCB1>STAT5B,+",1
"ERGIC2>ZMYM4,+",1
"PLCB1>ZMYM4,+",1
"COPS2>TAOK3,+",1
"ELMO1>ISCU,+",1
"AES>S100A4,+",1
"AGFG1>UBE2Q2,+",1
"AHI1>CLTC,+",1
"PLCB1>ARID1A,+",1
"SMC4>TMEM273,+",1
"ZNF428>SAT2,+",1
"UBE2I>COPS2,+",1
"CREBRF>COPS2,+",1
"ZNF207>NME4,+",1
"H2AFJ>SLC30A7,+",1
"WDR1>KNOP1,+",1
"VAT1>ACTR1A,+",1
"H2AFJ>VAT1,+",1
"ELMO1>SMARCE1,+",1
"UBE2I>LAMA5,+",1
"UBE2Q2>LAMA5,+",1
"SLC30A7>WDR1,+",1
"H2AFJ>WDR1,+",1
"ZNF207>TMEM273,+",1
"UBE2I>TMEM273,+",1
"ERGIC2>ZNF652,+",1
"SAT2>ZNF652,+",1
"SEC63>C1orf115,+",1
"VAT1>PTGES3,+",1
"WDR1>SDCCAG8,+",1
"COPS2>SDCCAG8,+",1
"UBE2Q2>SDCCAG8,+",1
"UBE2I>SAP30BP,+",1
"UBE2Q2>NSL1,+",1
"UBE2Q2>KDM2A,+",1
"POLK>KDM2A,+",1
"SEC63>RSRP1,+",1
"ZNF207>RSRP1,+",1
"SLC30A7>SYF2,+",1
"ELMO1>ACTR1A,+",1
"CREBRF>UPF2,+",1
"ZNF207>UPF2,+",1
"SEC63>ZNF207,+",1
"RAB5C>TMEM273,+",1
"PSMB3>HBP1,+",1
"PSMF1>PHF20L1,-",1
"PSMB3>CD55,+",1
"HNRNPAB>HNRNPUL1,+",1
"RAB5C>ELMO1,+",1
"HNRNPUL1>ELMO1,+",1
"NDUFC2>SLC39A1,+",1
"UBE2Q2>TCN2,+",1
"H2AFJ>KNOP1,+",1
"CYTH1>KNOP1,+",1
"LAMA5>KNOP1,+",1
"RNF10>DMAC1,+",1
"SLC39A1>DMAC1,+",1
"NDUFA3>HIPK2,+",1
"HNRNPAB>COX8A,+",1
"ATP6V0E1>RND3,+",1
"ELMO1>DNAJC3,+",1
"WDR1>IFNAR2,+",1
"KDM2A>MBTPS1,+",1
"HNRNPAB>MBTPS1,+",1
"LAMA5>NDUFC2,+",1
"HNRNPUL1>TMEM131,+",1
"ELMO1>TMEM131,+",1
"SAP30BP>PKM,+",1
"RAB5C>HNRNPAB,+",1
"HNRNPUL1>HNRNPAB,+",1
"AP2M1>HNRNPAB,+",1
"SOS2>UQCR10,+",1
"KIAA0355>UQCR10,+",1
"TXNDC12>UQCR10,+",1
"SOS2>CCAR1,+",1
"H2AFJ>SHISA5,+",1
"HNRNPUL1>SHISA5,+",1
"PLCB1>SHISA5,+",1
"TAOK3>CNOT4,+",1
"WDR1>DMAC1,+",1
"METAP2>DMAC1,+",1
"AGFG1>CCDC88A,+",1
"AGFG1>TRA2A,+",1
"UBE2I>SLC39A1,+",1
"SMARCE1>SNHG7,+",1
"TXNDC12>SNHG7,+",1
"UBE2Q2>DBI,+",1
"NFATC3>TNFAIP1,+",1
"AGFG1>PLCB1,+",1
"COPS2>SNX5,+",1
"NDUFA3>PTEN,+",1
"UPF2>H2AFJ,+",1
"CYTH1>CNOT4,+",1
"TAOK3>CHSY1,+",1
"TXNDC12>PEPD,+",1
"CYTH1>TXNDC12,+",1
"TAOK3>TXNDC12,+",1
"SLC39A1>STAT5B,+",1
"KIAA0355>UBE2Q2,+",1
"CYTH1>MTPN,-",1
"HNRNPAB>PRKCSH,+",1
"CYTH1>PRKCSH,+",1
"KPNB1>UPF2,+",1
"ELMO1>UPF2,+",1
"PPP3CA>KDM2A,+",1
"NDUFC2>KDM2A,+",1
"UBE2Q2>CCDC88A,+",1
"ZNF207>LAMA5,+",1
"STX12>FAM120A,+",1
"IFNAR2>WDR1,+",1
"UBE2Q2>RTF1,+",1
"ZNF207>ELMO1,+",1
"TXNDC12>GOLGA2,+",1
"PRDM2>MAGI1,+",1
"S100A4>LGALS1,+",1
"GABARAPL1>LGALS1,+",1
"COX6B1>DOCK9,+",1
"RAB4A>MYADM,+",1
"CBX3>ARF1,+",1
"GLG1>SLC44A1,+",1
"MALL>A4GALT,+",1
"C8orf33>METAP2,+",1
"C8orf33>GLG1,-",1
"TXNDC12>GLG1,+",1
"GABARAPL1>FAM120A,-",1
"PSMF1>NMI,+",1
"C8orf33>NMI,+",1
"IFNAR2>KHDRBS1,+",1
"CAMTA1>ERGIC2,+",1
"SHOC2>ERGIC2,+",1
"STX12>SWAP70,+",1
"RAB4A>CAMTA1,+",1
"XRN2>TFPI,+",1
"TCN2>LSM7,+",1
"UBE2Q2>ITSN2,+",1
"SPAG9>NME4,+",1
"ZKSCAN1>NME4,+",1
"ABI3>KNOP1,+",1
"WAC>PSMC4,+",1
"MALL>PSMC4,+",1
"SPPL2A>LAP3,+",1
"PPA1>AES,+",1
"TSC22D3>ZNF207,+",1
"MED13>NUDT4,+",1
"SOS1>NMI,+",1
"RAB4A>CCT5,+",1
"SEC61G>CCT5,+",1
"GABARAPL1>SH3BGRL2,+",1
"RAB4A>XRN2,-",1
"SEC61G>RNF10,+",1
"KPNB1>RNF10,+",1
"DAZAP2>MAGT1,+",1
"SRP72>MAGT1,+",1
"PNISR>GABARAPL1,+",1
"KPNB1>GABARAPL1,+",1
"UBE2Q2>TSR3,+",1
"CLTC>SLIRP,+",1
"VAT1>SLIRP,+",1
"RAB4A>SHISA5,+",1
"C8orf33>RTF1,+",1
"FAM120A>RTF1,+",1
"UPF2>SH3BGRL2,+",1
"PKM>CAPNS1,+",1
"NUDCD1>TSPAN4,+",1
"SRP72>CLTC,+",1
"SRP72>CCDC88A,+",1
"NUDCD1>TACC1,+",1
"ERGIC2>GSK3B,+",1
"XRN2>PSMF1,+",1
"CLTC>PSMF1,+",1
"IFNAR2>PRDM2,+",1
"UPF2>KDM2A,+",1
"CLTC>PURA,+",1
"SEC61G>PURA,+",1
"GABARAPL1>PURA,+",1
"SRP72>FBN1,+",1
"CAMTA1>PKM,+",1
"SHOC2>COX6B1,+",1
"ZKSCAN1>MED13,+",1
"ABI3>A4GALT,+",1
"IFNAR2>ELMO1,+",1
"SLIRP>CNOT4,+",1
"ZKSCAN1>SPPL2A,+",1
"PSMB1>FKBP9,+",1
"WAC>SMARCE1,+",1
"MALL>YIPF3,+",1
"SLIRP>YIPF3,+",1
"PSMC4>WAC,+",1
"CCT5>CNOT4,-",1
"SLK>A4GALT,-",1
"RNF181>BLOC1S1,+",1
"CCT5>BLOC1S1,+",1
"MALL>TAOK3,+",1
"PSMB3>PPP1R12A,+",1
"KPNB1>MYADM,+",1
"RNF181>PREX2,+",1
"WAC>HNRNPD,+",1
"NME4>MAGT1,+",1
"ABI3>MAGT1,+",1
"TXNDC12>NAPA,+",1
"ARGLU1>PPP1R3B,+",1
"AES>PPA1,+",1
"TAOK3>PSMB5,+",1
"CNOT4>PSMB5,+",1
"TXNDC12>DLC1,+",1
"MED13>C3orf58,+",1
"PSMF1>C3orf58,+",1
"NUDT4>C3orf58,-",1
"NME4>ERGIC2,+",1
"ZKSCAN1>ERGIC2,+",1
"ABI3>ZBTB7A,+",1
"SYF2>PTEN,+",1
"AGFG1>MBTPS1,+",1
"SLIRP>PREX2,-",1
"ABI3>SOS1,+",1
"TXNDC12>C1orf43,+",1
"MED13>ZKSCAN1,+",1
"SLIRP>LAMA5,+",1
"PSMB1>LAMA5,+",1
"SEC61G>LAMA5,+",1
"FKBP9>LAMA5,+",1
"MALL>LAMA5,+",1
"SLK>PSMB3,+",1
"ABI3>PRKAR2A,+",1
"ZKSCAN1>UBE2Q2,+",1
"RNF181>UBE2Q2,+",1
"RNF181>RAB5C,+",1
"C3orf58>C1orf115,+",1
"MTPN>C1orf115,+",1
"WAC>RIT1,+",1
"NUDT4>RIT1,+",1
"MED13>PPP4R3A,+",1
"ABI3>C1orf43,+",1
"ABI3>PPP4R3A,+",1
"PTEN>RNF10,+",1
"PSMF1>RNF10,+",1
"PSMB3>RNF10,+",1
"RNF181>RNF10,+",1
"WAC>SLIRP,+",1
"RNF181>SLIRP,+",1
"ZKSCAN1>ZFHX3,+",1
"TXNDC12>ZFHX3,+",1
"TAOK3>ABI3,-",1
"PSMB1>SEC61B,+",1
"PSMB3>SLK,+",1
"DLC1>RNF181,+",1
"NME4>C1orf43,-",1
"NDUFC2>TAX1BP1,+",1
"UBE2Q2>ERGIC2,+",1
"WDR1>ERGIC2,+",1
"C1orf115>ATP2A2,+",1
"CDH5>GABARAPL1,+",1
"ARID5A>ANP32E,+",1
"METAP2>ANP32E,+",1
"ABHD5>RPS17,+",1
"JPX>RPS17,+",1
"HIGD2A>RPS17,+",1
"SHISA5>HIPK2,-",1
"TRIR>DLL4,+",1
"HIGD2A>HIPK2,+",1
"PSMF1>HIPK2,+",1
"HIGD2A>DBI,+",1
"CDH5>PIK3C2A,+",1
"GABARAPL1>PEPD,+",1
"JPX>SUPT6H,+",1
"PIN4>PPP3CA,+",1
"CPNE3>PNRC2,+",1
"FDPS>NR3C1,+",1
"ABHD5>SLIRP,+",1
"RAB5A>FRYL,+",1
"ATP2A2>UBE2I,+",1
"PEPD>MRPS18B,+",1
"PSMF1>MRPS18B,+",1
"SHISA5>MRPS18B,+",1
"PBXIP1>TTC1,+",1
"ATP2A2>TTC1,+",1
"FDPS>KDELR2,+",1
"PKM>SOD2,+",1
"PEPD>RAB5A,+",1
"PKM>ELOB,+",1
"ATP2A2>APC,+",1
"ANP32E>APC,+",1
"MORF4L1>VAT1,+",1
"ABHD5>CYTH1,+",1
"UBE2I>CYTH1,-",1
"PEPD>RND3,+",1
"ABHD5>SYF2,+",1
"SHISA5>ZCCHC17,+",1
"PEPD>TLE1,+",1
"AC058791.1>TLE1,+",1
"PEPD>PIK3R1,+",1
"FDPS>HOXB4,+",1
"UBE2I>SUGT1,+",1
"PEPD>SUGT1,+",1
"TFAM>SUGT1,+",1
"RAB5A>HBP1,+",1
"PIN4>CPNE2,+",1
"PEPD>CPNE2,+",1
"HNRNPUL1>CPNE2,+",1
"PSMF1>ACTR10,+",1
"FDPS>ARID1A,+",1
"TLE1>TRIR,+",1
"PKM>ARID1A,+",1
"TRA2A>STX12,+",1
"SHISA5>STX12,+",1
"HNRNPUL1>STX12,+",1
"SHISA5>USP1,-",1
"HNRNPUL1>H2AFJ,+",1
"CPNE3>AC058791.1,+",1
"TFAM>AC058791.1,+",1
"JPX>MYLIP,+",1
"ABHD5>MYLIP,+",1
"FDPS>PIN4,+",1
"PSMF1>PIN4,-",1
"STX12>PIN4,+",1
"ABHD5>PIN4,+",1
"SLC44A1>APC,+",1
"PIN4>PLEC,-",1
"RAB5A>WDR1,+",1
"MBTPS1>CREBBP,+",1
"RAB5C>SMIM30,+",1
"TMEM50B>SMIM30,+",1
"SLC39A1>MRPL16,+",1
"TAOK3>MRPL16,-",1
"THAP5>MRPL16,+",1
"FBN1>ENO1,+",1
"C8orf33>CREBBP,+",1
"AES>PLEC,+",1
"AHI1>VPS37B,+",1
"PSMB3>BUB3,+",1
"TCN2>BUB3,+",1
"OGA>GOLGA2,+",1
"BUB3>SLC25A11,+",1
"GLG1>S100A4,+",1
"KDELR2>PHF20L1,+",1
"BPTF>TAOK3,+",1
"TPM1>TAOK3,+",1
"TAOK3>KDM2A,+",1
"RAB5C>C8orf33,+",1
"THAP5>C8orf33,+",1
"WDR1>RAB5C,+",1
"NUDT4>TMEM273,+",1
"SLC39A1>TSR3,+",1
"NDUFA3>TRA2A,+",1
"NDUFA3>C11orf58,+",1
"KDELR2>KPNB1,+",1
"AHI1>KPNB1,+",1
"TAOK3>SLC3A2,+",1
"OGA>ANKRD12,+",1
"PEPD>MAGT1,+",1
"GOLGA2>MAGT1,+",1
"TRA2A>S100A4,+",1
"KDELR2>SHOC2,+",1
"RAB4A>CCDC88A,+",1
"PTEN>NAPA,+",1
"METAP2>COX6B1,+",1
"PKM>COX6B1,+",1
"TRIR>SNX5,+",1
"ABHD5>SNX5,+",1
"ZCCHC17>PGRMC2,+",1
"PKM>JPX,+",1
"FDPS>GFOD1,+",1
"KDELR2>GFOD1,+",1
"ACTR10>SELENOK,+",1
"TFAM>SELENOK,+",1
"PKM>CDKN1A,+",1
"KDELR2>CDKN1A,+",1
"PIN4>RAB11B,-",1
"SHISA5>RAB11B,+",1
"PSMF1>ABHD5,-",1
"PSMB3>SP110,-",1
"SAP30BP>ABHD5,+",1
"ARID5A>ABHD5,-",1
"HIGD2A>PARP1,+",1
"ABHD5>PARP1,+",1
"SHISA5>PARP1,+",1
"RPS17>RAB5C,+",1
"TMEM50B>PTEN,+",1
"RAB4A>PTEN,+",1
"HIGD2A>RILPL2,+",1
"OGA>TMEM50B,-",1
"MBTPS1>LGALS1,+",1
"FBN1>NMI,+",1
"SP110>WDR1,+",1
"MBTPS1>GLG1,+",1
"RPS17>WDR1,+",1
"TTC1>RUFY3,+",1
"CYTH1>IER3,+",1
"RND3>STX12,+",1
"SLIRP>SEC61G,+",1
"PTEN>SAT2,+",1
"SCFD1>SAT2,+",1
"H2AFJ>SAT2,-",1
"SEC61B>MTPN,+",1
"ANXA1>PIK3C2A,+",1
"SCFD1>STX12,+",1
"SEC61G>COPS2,+",1
"SEC61B>AES,+",1
"CCT7>WDR1,+",1
"NDUFA3>TSPAN18,+",1
"NDUFC2>TSPAN18,+",1
"H2AFJ>TSPAN18,+",1
"KDM2A>TSPAN18,+",1
"PSMB3>ATP5F1A,+",1
"CCT7>LIPA,+",1
"PPP4R3A>LIPA,+",1
"SCFD1>CCT7,+",1
"PPP4R3A>SHISA5,+",1
"SEC61G>PKM,+",1
"PPP4R3A>PKM,+",1
"STX12>GABARAPL1,+",1
"CCDC88A>GABARAPL1,+",1
"SCFD1>PSMB3,+",1
"PPP4R3A>PSMB3,+",1
"SLC38A2>ARPC5,+",1
"SLIRP>ARPC5,+",1
"XRCC6>ARPC5,+",1
"FAM204A>VAT1,+",1
"CREBBP>VAT1,+",1
"FAM204A>COPS2,+",1
"KDM2A>PPP3CA,+",1
"SLC3A2>ZNHIT1,+",1
"SLC39A1>PSMB3,+",1
"PLCB1>SMARCE1,+",1
"HIST1H4C>IER3,+",1
"LAMA5>SHOC2,+",1
"PHF20L1>CYTH1,+",1
"TMEM273>PSMA1,+",1
"PSMB3>HIST1H4C,+",1
"DMAC1>GLG1,+",1
"MTPN>RNF10,+",1
"WDR1>UBE2I,+",1
"SLIRP>UBE2I,+",1
"ELMO1>TTC1,+",1
"PSMB3>TTC1,+",1
"PHF20L1>BEND7,+",1
"PSMB3>BEND7,+",1
"RNF10>SMARCE1,+",1
"NDUFA3>SMARCE1,+",1
"SAP30BP>RNH1,+",1
"STX12>MAGOH,+",1
"SLIRP>MAGOH,+",1
"CBX3>MAGOH,+",1
"HNRNPUL1>BIRC2,+",1
"KDM2A>BIRC2,+",1
"H2AFJ>PSMF1,+",1
"KIAA0355>PSMF1,-",1
"CBX3>YWHAH,+",1
"WDR1>SOS2,+",1
"TMEM273>C1orf123,+",1
"SOS1>MAPK3,+",1
"TAOK3>MAPK3,+",1
"UBE2Q2>RNH1,+",1
"SHISA5>RNH1,+",1
"GABARAPL1>COPS2,+",1
"WDR1>HIGD2A,+",1
"TRIR>SLC38A2,+",1
"CREBBP>SLC39A1,+",1
"SLIRP>DBI,+",1
"PPP4R3A>HCFC1R1,+",1
"B2M>SLC38A2,+",1
"CCT7>ICE2,+",1
"CNOT4>NDUFA3,+",1
"SPPL2A>NDUFA3,+",1
"GABARAPL1>SLC39A1,+",1
"MTPN>ZNF428,+",1
"CCT7>EMC2,+",1
"SCFD1>XRCC6,+",1
"ECE1>CLTC,+",1
"AES>CLTC,+",1
"ATP5F1A>SPPL2A,+",1
"CREBBP>SPPL2A,+",1
"RPS17>SHISA5,+",1
"PGRMC2>SHISA5,+",1
"PIN4>PSMF1,-",1
"RAB5A>PSMF1,+",1
"WDR1>PSMF1,-",1
"ARID5A>SP110,+",1
"USP1>SP110,+",1
"ABHD5>SAP30BP,+",1
"NAPA>TMEM50B,+",1
"CDH5>SLC30A7,+",1
"SHISA5>SLC30A7,+",1
"USP1>SHOC2,+",1
"PPDPF>CPNE3,+",1
"PEPD>ARID5A,+",1
"ATP2A2>ARID5A,+",1
"ZCCHC17>TSC22D3,+",1
"PSMF1>AES,+",1
"CREBBP>TPP1,+",1
"PHC2>TPP1,+",1
"AES>ARID5A,+",1
"TSC22D3>MESD,+",1
"HNRNPUL1>ZNF428,+",1
"SEC61B>ASAP1,+",1
"SPPL2A>PBXIP1,+",1
"PSMB3>CCDC88A,+",1
"ECE1>CCDC88A,+",1
"ECE1>H2AFJ,+",1
"CCT7>FDPS,+",1
"VPS29>HIPK2,+",1
"CCT7>SCFD1,+",1
"HIGD2A>S100A4,+",1
"TSC22D3>S100A4,+",1
"PIK3C2A>YWHAH,+",1
"SLIRP>MESD,+",1
"CREBBP>MESD,+",1
"SLC39A1>CCT5,+",1
"AES>TES,+",1
"RND3>RASIP1,+",1
"SLIRP>FAM204A,+",1
"SCFD1>FAM204A,+",1
"SHISA5>FAM204A,+",1
"CREBBP>FAM204A,+",1
"PIK3C2A>GIMAP2,+",1
"H2AFJ>MARCKSL1,+",1
"CCT7>RAB5C,+",1
"CBX3>TSC22D3,+",1
"TPP1>PHC2,+",1
"SPPL2A>CNOT4,+",1
"H2AFJ>CNOT4,+",1
"H2AFJ>KPNB1,+",1
"SEC61G>SHOC2,+",1
"FCHO2>TAPBP,+",1
