,ERG
"PSMD8>WDR45B,+",5
"TTC1>MFNG,+",4
"PSMD8>PDIA4,+",4
"MFNG>C19orf70,+",3
"C19orf70>CIR1,+",3
"PTPRA>KDM2A,+",3
"NDUFB7>LAMTOR1,+",3
"PTPRA>MED13,+",3
"ARL2>PSMD8,+",3
"SKI>RHOJ,+",3
"NDUFAF3>HPCAL1,+",3
"PSMD8>MRPS34,+",3
"PSMB5>POLK,+",3
"PSMD8>MRPL33,+",3
"ERG>TTC1,+",3
"MED13>PTPRA,+",3
"NME1>WDR45B,+",2
"TTC1>RTCB,+",2
"WDR45B>TCF25,+",2
"PSMD8>YME1L1,+",2
"KDM2A>KANSL1,+",2
"C19orf70>SYF2,+",2
"NDUFA1>SUGT1,+",2
"LAMTOR1>NME1,+",2
"PSMD8>CHMP2A,+",2
"ATXN7L3B>AK2,+",2
"AP2B1>TMEM14C,+",2
"MED13>C19orf70,+",2
"OS9>ATP8B1,+",2
"ENO1>PSMA3,+",2
"PSMB5>RHOJ,+",2
"WDR45B>PAIP2,+",2
"ENO1>CTSL,+",2
"EIF4A1>LAMTOR1,+",2
"WDR45B>ANKRD10,+",2
"HIST1H1D>HEXB,+",2
"PSMD8>C8orf33,+",2
"PSMB5>FAM177A1,+",2
"PSMA3>SUMF2,+",2
"TCF25>C8orf33,+",2
"MRPL33>UFC1,+",2
"UBE2E3>UBAC1,-",2
"MRPL33>PSMD8,+",2
"ARHGAP23>PSMD8,-",2
"MRPS34>DNAJB6,+",2
"SPPL2A>SKI,-",2
"HDGF>UBE2E3,+",2
"RTF2>MRPS34,+",2
"PSMA3>SURF4,+",2
"PSMD8>UFC1,+",2
"TTC1>SETD5,+",2
"CTSL>PTPRA,+",2
"NUCB1>ARL4A,+",2
"SNRNP200>TTC1,+",2
"PTPRA>HPCAL1,+",2
"ARF1>HPCAL1,+",2
"HADHA>NUCB1,+",2
"SETD5>NIPBL,+",2
"SFSWAP>FAM200B,+",2
"TMEM173>CCT7,+",2
"NCKAP1>YME1L1,+",2
"ATP6V0E1>HSPA2,+",2
"TCF25>PTPRA,+",2
"CTSL>PCGF2,+",2
"OS9>SKI,+",2
"NDUFB7>POLK,+",2
"ARL2>UBE2E3,-",2
"ARF1>SNRPD1,+",2
"KDM2A>EIF1B,+",2
"GRN>BZW1,+",2
"ERG>GON4L,+",2
"PDIA4>PSMD8,+",2
"SKI>C19orf70,+",2
"PKM>AP2B1,+",2
"C19orf70>UFC1,+",2
"PSMB5>AP2B1,+",2
"B2M>HLA-B,+",2
"MED13>KDM2A,+",2
"PSMD8>ACP1,+",2
"MED13>NUDCD1,+",2
"MT-CYB>MT-ATP6,+",2
"GON4L>RHOJ,+",2
"GON4L>SETD5,+",2
"TCEAL8>C8orf33,+",2
"HIST1H1D>PPP1R14B,+",2
"CHMP2A>PSMD8,+",2
"PARK7>PSMB5,+",2
"CTSZ>TCEAL8,+",2
"PTPRA>SNRNP200,+",2
"P4HB>CCT7,+",2
"NDUFA1>RTCB,+",2
"GRN>RPN2,+",2
"RAB5C>PSMB5,+",2
"NDUFB7>NME1,+",2
"NDUFB9>FAM177A1,+",2
"MRPS34>HOXB4,+",2
"TCF25>WDR45B,+",2
"RTCB>PEBP1,+",2
"WDR45B>PSMD8,+",2
"RHOJ>DPYSL3,+",2
"HLA-C>HLA-A,+",2
"PSMD8>GHITM,+",2
"GHITM>SURF4,+",2
"PSMB5>COX7B,+",2
"TCEAL8>NME1,+",2
"OS9>AP2B1,+",2
"PFN1>PSMD8,+",2
"PSMD8>TMEM167A,+",2
"PSMB5>TCEAL8,+",2
"SEPT2>CCT3,+",1
"SEC61G>CCT3,+",1
"ENSA>CCT7,+",1
"RALBP1>CCT7,+",1
"SEPT2>ZC3H13,+",1
"CTSB>LAPTM4B,+",1
"ZNF706>BNIP3L,+",1
"TCF25>ATP6V0E1,+",1
"LUZP1>BNIP3L,+",1
"PDIA6>COPS6,+",1
"ZNF706>NBDY,+",1
"MARCH6>ENSA,+",1
"SLC25A5>PARK7,+",1
"ZNF706>C19orf70,+",1
"PSMB5>RAB5C,+",1
"TCF25>SELENOM,+",1
"SEPT2>SELENOM,+",1
"YWHAH>NBDY,+",1
"ZNF706>ERG,+",1
"MRPL33>PSMA3,+",1
"CCT7>ENSA,+",1
"COX6B1>SPCS1,+",1
"KIAA0355>SLC38A2,+",1
"EIF4A1>SLC38A2,+",1
"RPN2>DPYSL2,+",1
"RPN2>MXRA7,+",1
"PCGF2>CTSL,+",1
"CD40>NIPBL,+",1
"DPYSL2>NDUFB7,+",1
"OAZ1>RAB2A,+",1
"RPN2>SUGT1,+",1
"HADHA>BIRC6,+",1
"SELENOM>PLEKHO1,+",1
"KMT2A>CTSA,+",1
"RAB2A>SPPL2A,+",1
"PCGF2>SPPL2A,+",1
"CTSZ>SPPL2A,+",1
"EIF4A1>WAC,+",1
"NOP58>BNIP3L,-",1
"BOLA3>CITED2,+",1
"C19orf70>RHOJ,+",1
"SEPT2>SUCLG1,+",1
"TCF25>COX7B,+",1
"CD151>UGCG,+",1
"FAM167B>UGCG,+",1
"CTSB>UGCG,+",1
"RPL23>RPS20,+",1
"NUCB1>RSBN1L,+",1
"CCT7>RASIP1,+",1
"ZNF706>ERH,+",1
"RTF2>SUCLG1,+",1
"P4HB>CTSB,+",1
"HLA-C>CD81,+",1
"CD151>USP34,+",1
"TIE1>USP34,+",1
"TPR>USP34,+",1
"HEXB>SKI,+",1
"SEPT2>SKI,+",1
"COX7C>PTTG1IP,+",1
"TPR>CTSB,+",1
"TIE1>OAZ1,+",1
"TSR3>CMPK1,+",1
"RBFOX2>COPS6,+",1
"NOP58>MKLN1,+",1
"TMEM173>COPS6,+",1
"FAM167B>LUZP1,+",1
"PTTG1IP>LUZP1,+",1
"TPD52L1>NOP58,+",1
"ZNF706>PSMD8,+",1
"NOP58>PSMD8,+",1
"ATP6V0E1>RPS27L,+",1
"SEC61G>PTPRA,+",1
"HEXB>TTC1,+",1
"ZC3H13>SPCS3,+",1
"ZNF706>TSR3,+",1
"TCF25>HEXB,+",1
"FAM177A1>RTF2,+",1
"NOP58>TPD52L1,+",1
"TCF25>TPD52L1,+",1
"YWHAH>SETD5,+",1
"PSMB5>DPYSL3,+",1
"ENSA>RHOJ,+",1
"TPR>SPCS1,+",1
"PSMB5>ECE1,+",1
"TKT>POLK,-",1
"CLIC1>TMEM173,+",1
"EIF4A1>SSB,+",1
"RAB5C>ENY2,+",1
"EIF3I>NNMT,+",1
"P4HB>EIF2S2,+",1
"RHOJ>PKM,+",1
"ENSA>PSMB3,+",1
"ATP6V0E1>SYF2,+",1
"HSPE1>SYF2,+",1
"SNX3>MRPL20,+",1
"ACKR1>PRCP,+",1
"TKT>RPGR,+",1
"HSPA2>RPGR,+",1
"DUSP23>RPGR,+",1
"TCF25>NOL7,+",1
"ACKR1>EID1,+",1
"POLK>MED13,+",1
"JTB>UBE2M,+",1
"CSDE1>POLK,+",1
"DUSP23>PCDH17,+",1
"HSPA2>PARK7,+",1
"POLK>SF3B6,+",1
"TMEM173>ARRDC3,+",1
"NDUFB1>LY96,+",1
"HSPA2>LY96,+",1
"DUSP23>LY96,+",1
"POLR1D>LY96,+",1
"TMEM173>ECSCR,+",1
"TKT>EPRS,+",1
"FOXP1>ENSA,+",1
"TMEM173>ENSA,+",1
"HSPE1>EIF3I,+",1
"HSPA2>SF3B6,+",1
"COX5B>EIF3I,+",1
"ATP6V0E1>PKM,+",1
"MRPL33>KHDRBS1,+",1
"PFN1>ARL2,+",1
"TCF25>PSMD1,+",1
"ARRDC3>SPCS3,+",1
"DUSP23>PSMD1,+",1
"ENO1>PSMD1,+",1
"SBDS>POLK,+",1
"RAB5C>POLK,+",1
"HIST1H1D>NOL7,+",1
"PSMD1>POLK,-",1
"UBB>TMA7,+",1
"UBB>ATP5MG,+",1
"RBFOX2>TTC1,+",1
"MOB2>MCAM,+",1
"MARCH6>SELENOM,+",1
"NDUFA4>ATP5MG,+",1
"NDUFB7>HIST1H1D,+",1
"SMAD1>HIST1H1D,+",1
"KMT2A>SETD5,+",1
"TPR>SETD5,+",1
"RPN2>SETD5,+",1
"HIST1H1D>SCP2,-",1
"RHOC>HADHA,+",1
"CD151>HADHA,+",1
"PCGF2>CD40,+",1
"EPRS>NDUFA1,+",1
"CHMP2A>RPN2,+",1
"HIST1H1D>DDX46,+",1
"RPL27>UBA52,+",1
"EIF4A1>TCEAL9,+",1
"NDUFB7>TCEAL9,+",1
"HLA-C>SFSWAP,+",1
"WAC>KMT2A,+",1
"KIAA0355>RPN2,+",1
"TMEM167A>PKM,+",1
"COX6B1>CAMLG,+",1
"NDUFA4>CAMLG,+",1
"CTSZ>CAMLG,+",1
"ELOVL1>TTC1,+",1
"FAM213A>TTC1,+",1
"RPN2>CD151,+",1
"COX8A>PSME2,+",1
"SELENOM>MRPS34,+",1
"EPRS>PSME2,+",1
"CTSZ>SELENOM,+",1
"SLC38A2>COX8A,+",1
"RPN2>TTC1,+",1
"RPN2>SMAD1,+",1
"HIST1H1D>ARL2,+",1
"PSMD8>ARL2,+",1
"HADHA>MRPS34,+",1
"ZC3H13>SYPL1,+",1
"PRPF8>PTPRA,+",1
"TIE1>ARHGDIB,+",1
"PCDH17>RPS27L,+",1
"KANSL1>IFNGR1,+",1
"CMPK1>PEBP1,+",1
"IFITM2>AKAP13,+",1
"SMAD1>AP2B1,+",1
"RPL13>RPS3A,+",1
"CEP350>NOP58,+",1
"AKAP13>PPP2R5E,+",1
"MED13>CYTH1,+",1
"NOP58>USP1,+",1
"ELOB>TMEM30A,+",1
"ANAPC5>LIMS1,+",1
"CMPK1>SNRPD1,+",1
"CMPK1>GNG12,+",1
"C4orf3>GON4L,+",1
"KANSL1>RPN2,+",1
"PDLIM5>TAF10,+",1
"C4orf3>TAF10,+",1
"RPL13>RPL27,+",1
"RPN2>PDIA4,+",1
"PDLIM5>IFNGR1,+",1
"CMPK1>PSMC4,+",1
"KANSL1>CBX5,+",1
"SEC11A>C19orf70,+",1
"UBE2Z>SETD2,+",1
"ATP6V0E1>SETD2,+",1
"PPP2R5E>FAM213A,+",1
"IFNGR1>FAM213A,+",1
"POLK>CMPK1,+",1
"MRPS34>CMPK1,+",1
"GIMAP7>JAK1,+",1
"PPP2R5E>CMPK1,+",1
"PPP2R5E>SETD5,+",1
"KANSL1>SMAD1,+",1
"PEBP1>SETD5,+",1
"CMPK1>MRPS34,+",1
"SMAD1>MFNG,+",1
"LPP>MFNG,+",1
"ARF1>WAC,+",1
"SMAD1>KANSL1,+",1
"TAF10>SYF2,+",1
"ELOB>DHRS3,+",1
"EIF4A1>PDIA4,+",1
"CHMP2A>LIMS1,+",1
"WAC>LPP,+",1
"CTSZ>MRPS34,+",1
"ARL2>SFSWAP,+",1
"TUBB>RTF2,+",1
"SLC25A3>RTF2,+",1
"C4orf3>CTSZ,+",1
"MXI1>MED13,-",1
"C4orf3>MED13,-",1
"SLK>RHOJ,+",1
"NASP>ANAPC5,+",1
"NDUFAF3>TUBB,+",1
"TRMT112>PAIP2,+",1
"CNBP>ARL2,+",1
"C19orf70>CLPTM1,+",1
"C4orf3>TMEM219,+",1
"MKLN1>BNIP3L,+",1
"SLC38A2>H1FX,+",1
"NDUFAF3>TMEM43,+",1
"EIF4A1>MKLN1,+",1
"ZKSCAN1>NUDCD1,+",1
"GIMAP7>ATP6V0E1,+",1
"MKLN1>HPCAL1,+",1
"PSMC4>SNRPD2,+",1
"YWHAB>SESN3,+",1
"TMEM30A>CHSY1,+",1
"TACC1>CHSY1,+",1
"HLA-C>B2M,+",1
"PPP2R5E>CHSY1,+",1
"EIF4A1>POLK,+",1
"RPL13>RPS14,+",1
"PPP2R5E>EIF1B,+",1
"AKAP13>EIF1B,+",1
"MKLN1>AP2B1,+",1
"UFC1>HPCAL1,+",1
"COPS6>OS9,+",1
"PCDH17>SLK,+",1
"USP34>DENR,-",1
"YWHAB>EIF3F,+",1
"RTN4>DENR,+",1
"OS9>DENR,+",1
"TUBB>TSC22D3,+",1
"USP34>TSC22D3,+",1
"ATP5PD>ETFB,+",1
"PARK7>ETFB,+",1
"CNPY2>PRPF8,+",1
"PSME2>PSMD8,+",1
"PSME2>PET100,+",1
"GPATCH2L>PET100,+",1
"SEC31A>ILF3,+",1
"AP2B1>LY96,+",1
"CYBC1>HOXB3,+",1
"MRPS34>HOXB3,+",1
"PSME2>SEC31A,+",1
"PSMD8>SEC31A,-",1
"SETD2>PSMD8,-",1
"PRPF8>MCAM,+",1
"SEC31A>PSME2,+",1
"AP2S1>NSD1,+",1
"SET>CHMP3,+",1
"PSME2>CHMP3,+",1
"SKI>CHMP3,+",1
"CHMP2A>C19orf70,+",1
"HNRNPDL>MRPS34,+",1
"SEC31A>CYBC1,+",1
"UBE2Z>PSMA3,+",1
"PRPF8>RPN1,+",1
"SETD2>CYBC1,+",1
"SKI>CTSA,+",1
"C19orf70>RPS27L,+",1
"ACKR1>DUSP23,+",1
"SKI>GPATCH2L,+",1
"CMPK1>GPATCH2L,-",1
"MRPS34>PPP1R14B,-",1
"DNAJB6>PPP1R14B,+",1
"ATP6V0E1>SKI,+",1
"UBE2E3>SKI,+",1
"PDLIM5>ENO1,+",1
"CTSA>AK2,+",1
"PLEKHA3>RHOJ,+",1
"DYNC1I2>TCF25,+",1
"HIST1H1D>KIAA1109,+",1
"SEC31A>PEBP1,+",1
"PSMD8>HEXA,+",1
"ERG>POLK,+",1
"GNG12>HEXA,+",1
"SETD2>AK2,+",1
"BZW1>GRN,+",1
"SKI>CYBC1,+",1
"SEC31A>PRPF8,+",1
"MRPS36>STIP1,+",1
"TCF25>DYNC1I2,+",1
"SKI>GNG12,+",1
"MRPS34>GNG12,+",1
"DYNC1I2>TTC1,+",1
"RPN1>TTC1,+",1
"EIF4G2>PLEKHA3,+",1
"GNAI3>TTC1,+",1
"RPN1>STIP1,+",1
"UBE2Z>STIP1,+",1
"AK2>SEMA6B,+",1
"HIST1H1D>SLC25A5,+",1
"AP2S1>MRPS36,+",1
"ATP6V0E1>MRPS36,+",1
"UBE2E3>MRPS36,+",1
"PSMA3-AS1>PSMD12,+",1
"SEC31A>EI24,+",1
"SEC31A>PRDM1,+",1
"PSME2>GNAI3,+",1
"ATP6V0E1>SEMA6B,+",1
"TMEM109>ATP5PD,+",1
"POLR2B>UBAC1,+",1
"METAP2>SUPT4H1,+",1
"PSMD8>UBAC1,+",1
"AP2S1>UBE2E3,+",1
"EIF3F>PLEKHA3,+",1
"DNAJB6>UBE2Z,+",1
"SETD2>UBE2Z,+",1
"NSD1>UBE2Z,+",1
"PDLIM5>SMG1,+",1
"VCP>HIST1H1D,+",1
"CTSA>SUPT4H1,+",1
"SEC31A>PLEKHA3,+",1
"ATP6V0E1>SUPT4H1,+",1
"CYBC1>SOX7,+",1
"AP2S1>ARHGAP23,+",1
"UBE2Z>ARHGAP23,+",1
"METAP2>ARHGAP23,+",1
"CYBC1>ARHGAP23,+",1
"VCP>CACYBP,+",1
"SETD2>CACYBP,-",1
"ENO1>NDUFC1,+",1
"EIF3I>PSMA3,+",1
"PKM>RBMX,+",1
"NDUFB1>HNRNPM,+",1
"BNIP3L>CTSZ,+",1
"PIK3C2A>CTSZ,+",1
"PSMB5>FLOT1,+",1
"NDUFA1>NFE2L1,+",1
"ESD>NFE2L1,+",1
"PSMA3>NFE2L1,+",1
"CTSL>ESD,+",1
"ATP5MC3>ARL2,+",1
"CD151>ESD,+",1
"NDUFA1>PARK7,+",1
"DBI>PARK7,+",1
"PRDX5>HNRNPD,+",1
"PIK3R3>HNRNPD,+",1
"ESD>CBX3,+",1
"HNRNPDL>NDUFA1,+",1
"PRDM1>ERG,+",1
"RAB5C>BSG,+",1
"MKLN1>NDUFA1,+",1
"CTSB>DYNC1H1,+",1
"NDUFA1>CRBN,+",1
"MED13>CRBN,+",1
"SSU72>MCAM,+",1
"EFCAB14>SOX7,+",1
"PAIP2>YME1L1,+",1
"TTC1>RNF145,+",1
"EIF4H>TTC1,+",1
"ASPH>RNF145,+",1
"PAIP2>MCAM,+",1
"PSMA3>MCAM,+",1
"ASPH>RNF7,+",1
"CNKSR3>SOX7,+",1
"BCAP31>UBE2E3,+",1
"CBX3>MCAM,+",1
"CCT3>UBE2E3,+",1
"EFCAB14>MED13,+",1
"GSTK1>TTC1,+",1
"UBE2E3>TCEAL8,+",1
"YME1L1>TCEAL8,+",1
"CCT3>NIPBL,+",1
"MED13>TCEAL8,+",1
"CRBN>TMEM173,+",1
"NDUFA1>SYF2,+",1
"MRPL33>SYF2,+",1
"MED13>SYF2,+",1
"NFIC>DNAJB14,+",1
"TIE1>MKLN1,+",1
"KLF13>PIK3R3,+",1
"SELENOM>RANBP1,+",1
"NDUFA1>FAM177A1,+",1
"RTCB>KLF13,+",1
"RTCB>MBD2,+",1
"MRPS34>SNRPB2,+",1
"CHMP2A>SNRPB2,+",1
"MKLN1>DNAJB14,+",1
"DNAJB14>MKLN1,+",1
"DNAJB14>SUCLG1,+",1
"RTCB>SUCLG1,-",1
"UFC1>DPP7,+",1
"LAMTOR1>DPP7,+",1
"KLF13>RTCB,+",1
"MRPS34>ELOVL1,-",1
"CRBN>RTCB,+",1
"PIK3R3>RTCB,+",1
"SETD5>MKLN1,+",1
"KLF13>MKLN1,+",1
"CD59>DYNC1H1,+",1
"PSMA3>COX20,+",1
"FLOT1>CMPK1,+",1
"NDUFA1>NME1,+",1
"TTC1>PSMB5,+",1
"CTSL>PSMB5,+",1
"UFC1>TIE1,+",1
"FLOT1>EFNA1,+",1
"PSMB5>DBI,+",1
"UFC1>PIK3C2A,+",1
"PRDX5>PRDM1,+",1
"LAMTOR1>CTSL,+",1
"TIE1>PRDM1,+",1
"SUGT1>HPCAL1,-",1
"NDUFA1>PSMA3,+",1
"PDLIM5>PSMA3,+",1
"CD151>NIPBL,+",1
"PTPRA>SSU72,+",1
"MKLN1>SZRD1,+",1
"KLF13>SZRD1,+",1
"CCT3>PSMD8,+",1
"NUDCD1>BOLA3,+",1
"RNF181>TTC1,+",1
"DCTN3>LAMP1,+",1
"C8orf33>EIF4H,+",1
"PPP1CA>C8orf33,+",1
"EIF4H>C8orf33,+",1
"BAZ1B>CHMP2A,+",1
"SNRNP200>TCEAL8,+",1
"PSMA3-AS1>PPP1CA,+",1
"ETFB>MRPS36,+",1
"RILPL2>SF1,+",1
"PPP1CA>DPY30,+",1
"SNRNP200>NUCB1,+",1
"PRDM1>TOR1AIP2,+",1
"FOXP1>DPY30,+",1
"MCMBP>RILPL2,+",1
"C8orf33>NDUFB5,+",1
"SNRPB2>NDUFB5,+",1
"LAMP1>NCKAP1,+",1
"FLNA>TNFRSF1A,+",1
"PAIP2>RTL8C,+",1
"PPP1R14B>EIF4H,+",1
"PPP1CA>TM7SF3,-",1
"MCMBP>ADSS,+",1
"NDUFB5>NME1,+",1
"ATP5MC3>NDUFB7,+",1
"CHMP3>NDUFB7,+",1
"TMEM109>CCT3,+",1
"SSR2>GNG12,+",1
"UQCRH>ZMYM4,+",1
"DCTN3>ZMYM4,+",1
"MCMBP>ZMYM4,+",1
"PPP1CA>PSMA3-AS1,+",1
"DCTN3>NASP,-",1
"TCEAL8>TM7SF3,+",1
"MAP3K3>ATP5MC3,+",1
"EIF4H>SNX1,+",1
"PSMD8>SNX1,+",1
"ATP5MC3>MAP3K3,+",1
"EIF4H>PPP1R14B,+",1
"AHNAK>PPP1R14B,+",1
"UQCRH>UFC1,+",1
"PICALM>TOR1AIP2,+",1
"CHMP3>CCT7,+",1
"PPP1R14B>ADSS,+",1
"MRPL33>BOLA3,+",1
"CCT3>CHMP2A,+",1
"EFCAB14>RHOJ,+",1
"ASPH>CNKSR3,+",1
"TNFRSF1A>CNKSR3,+",1
"PAIP2>ADCY4,+",1
"NDUFS8>BAZ1B,+",1
"PDCD4>TPR,+",1
"QSOX1>BAZ1B,+",1
"SF1>MRPS34,-",1
"ASPH>UBE2G2,+",1
"CHMP3>ATP8B1,+",1
"SF1>PRDM1,+",1
"MCMBP>ATXN7L3B,+",1
"ATP5MG>UBE2G2,+",1
"PAIP2>ALG5,+",1
"FOXP1>PAIP2,+",1
"UQCRH>PAIP2,+",1
"NUDCD1>ALG5,+",1
"NIPBL>ALG5,+",1
"ASPH>TTC1,+",1
"NASP>NUDCD1,+",1
"TCEAL8>TRIP11,+",1
"TNFRSF1A>PSMB5,+",1
"FOXP1>TRIP11,+",1
"PICALM>GSTK1,+",1
"TCEAL8>WDR45B,+",1
"BOLA3>WDR45B,+",1
"ATP5MC3>WDR45B,-",1
"FLNA>RPN1,+",1
"CCT3>PSMB5,+",1
"PSMD8>FLNA,+",1
"HLA-A>HLA-C,+",1
"MRPL33>ZNHIT1,+",1
"COX6C>SELENOM,+",1
"ARF1>CCT3,+",1
"UFC1>CCT3,+",1
"SNRNP200>FLNA,+",1
"EFCAB14>CHMP3,+",1
"NIPBL>EFCAB14,+",1
"UBE2E3>STRAP,+",1
"ERG>STRAP,+",1
"NDUFA1>POLK,+",1
"PSMB5>ERG,+",1
"PKM>PRCP,+",1
"C1orf115>AP2B1,+",1
"PSMA3>C1orf115,+",1
"CALCRL>C1orf115,+",1
"BSG>TSHZ2,+",1
"LAMTOR1>HPCAL1,+",1
"RHOJ>HPCAL1,+",1
"SLC38A2>ANP32B,+",1
"FKBP8>BZW1,+",1
"KANSL1>AP2B1,+",1
"EIF1B>PEBP1,+",1
"VCAM1>HSPA2,+",1
"C4orf3>SBDS,+",1
"C19orf70>MRPS34,+",1
"SLC38A2>TIE1,+",1
"PSMB5>GMPR2,+",1
"ENSA>MRPS34,+",1
"PSMA3>GMPR2,+",1
"UBE2E3>GBP4,+",1
"FNDC3A>NHP2,+",1
"PTPRA>TMEM14C,+",1
"SCP2>NPTN,+",1
"MTCH1>PPP1R14B,+",1
"FOXP1>COMMD7,+",1
"RHOJ>MTCH1,+",1
"PPP1R14B>MTCH1,+",1
"SERPING1>DPYSL3,+",1
"FKBP8>SCP2,+",1
"SLC25A5>LY96,+",1
"DPYSL2>FKBP8,+",1
"COX6C>PSMA3,+",1
"SCP2>SLC38A2,+",1
"PSMA3>PAIP2,+",1
"COX6C>NPTN,+",1
"FKBP8>PAIP2,+",1
"CALCRL>EIF1B,+",1
"CALCRL>FAM177A1,+",1
"SNRPD2>FAM177A1,+",1
"HPCAL1>FAM177A1,+",1
"RHOJ>PCBP1,+",1
"PKM>ANXA1,+",1
"RPS27L>NDUFA8,+",1
"NUCB1>NHP2,+",1
"NUCB1>VCAM1,+",1
"COX6C>PSMB5,+",1
"UBE2E3>ENG,+",1
"FOXP1>MRPL33,+",1
"SELENOM>MARCH6,+",1
"SLC25A3>ATP6V0E1,+",1
"CALCRL>SON,+",1
"LAMTOR1>PET100,+",1
"KANSL1>SSU72,+",1
"RTF2>UBE2E3,+",1
"SCP2>LAMTOR4,+",1
"C19orf70>MED13,+",1
"VPS13C>FNDC3A,+",1
"HPCAL1>GLRX5,+",1
"RBFOX2>MED13,+",1
"PSMB5>GLRX5,+",1
"POLK>ERG,+",1
"GUK1>ACKR1,+",1
"NDUFB1>PSMA3,+",1
"QSOX1>CITED2,+",1
"ATP6V0E1>PSMA3,+",1
"C1orf115>FNDC3A,+",1
"C1orf115>ERH,+",1
"SLC38A2>PIK3R3,+",1
"RAB5C>TCF25,+",1
"GON4L>PIK3R3,+",1
"RHOJ>TNFRSF1A,+",1
"PPP1R14B>PIK3R3,+",1
"BSG>GON4L,+",1
"RHOJ>GON4L,+",1
"CALCRL>FAM171A1,+",1
"MTCH1>KANSL1,+",1
"COX6C>KANSL1,+",1
"CALCRL>RHOJ,+",1
"C1orf115>RTF2,+",1
"SLC38A2>VPS13C,+",1
"RAB5C>KHDRBS1,+",1
"FKBP8>VPS13C,+",1
"FOXP1>PRDX6,+",1
"C1orf115>CTSL,+",1
"RABAC1>PIK3R3,+",1
"FKBP8>EIF3F,+",1
"GMPR2>RTF2,+",1
"EIF1B>RAB2A,+",1
"LY96>SLC25A5,+",1
"PLD3>ERG,+",1
"SURF4>UBE2E3,+",1
"RAP1B>TMEM255B,+",1
"NME1>PEBP1,+",1
"SURF4>MRPS34,+",1
"HOXB4>MRPS34,+",1
"SERPING1>RNF145,+",1
"SURF4>TNFRSF1A,+",1
"TMEM255B>UBE2E3,+",1
"EPB41L3>UBE2E3,+",1
"SERPING1>NIPBL,+",1
"TCF25>DDX46,+",1
"RPN2>HSPA2,+",1
"EPB41L3>NFIC,+",1
"PLD3>WDR45B,+",1
"TMEM255B>EIF1B,+",1
"RBFOX2>NIPBL,+",1
"SFSWAP>EIF1B,+",1
"UBE2M>PARK7,+",1
"PEBP1>SURF4,+",1
"EPB41L3>DDX46,+",1
"NME1>PSMD8,+",1
"PSMA3>UBE2M,+",1
"UBE2M>OS9,+",1
"HOXB4>LAMTOR1,+",1
"SFSWAP>ARL2,+",1
"NFE2L1>RNF145,+",1
"WDR45B>SFSWAP,+",1
"KIAA1109>SFSWAP,+",1
"NFIC>LY96,+",1
"NDRG2>LY96,+",1
"SELENOT>ENSA,+",1
"WDR45B>OS9,+",1
"GIMAP7>TTC1,+",1
"NME1>PTPRA,+",1
"UBE2M>PSMA3,+",1
"ISCU>TMEM109,+",1
"KIAA1109>TMEM109,+",1
"LY96>COX7B,+",1
"WDR45B>TTC1,+",1
"PSMA3>TTC1,+",1
"RHOJ>RNF145,+",1
"EPB41L3>NDUFB7,+",1
"PSMB5>UBE2M,+",1
"PSMB5>SLC25A5,+",1
"WDR45B>SSR2,-",1
"CCT3>RTF2,+",1
"SELENOM>NFE2L1,+",1
"EPB41L3>BAZ1B,+",1
"WDR45B>NME1,+",1
"TTC1>TKT,+",1
"WDR45B>TKT,+",1
"EPB41L3>TKT,+",1
"COX7B>CITED2,+",1
"EPB41L3>MED13,+",1
"PKM>NFE2L1,+",1
"EIF3F>RAB10,+",1
"WDR45B>RAB10,+",1
"CNBP>CMPK1,+",1
"CD151>GON4L,+",1
"PLD3>NDRG2,+",1
"NME1>SELENOT,+",1
"PSMB5>SELENOT,+",1
"C19orf70>DPYSL3,+",1
"PSMB5>RTF2,+",1
"HSPA2>RPN2,+",1
"PSMB5>MCAM,+",1
"PAIP2>KDELR1,+",1
"PLD3>MCAM,+",1
"ENSA>CHURC1,+",1
"CCT3>COPS6,+",1
"PLXND1>KIAA1109,+",1
"RAP1B>TUBB,+",1
"RAP1B>EIF4A1,+",1
"SUPT4H1>PLXND1,+",1
"NFIC>PSMC4,+",1
"GNAI2>RHOJ,+",1
"ISCU>CCT3,+",1
"ENSA>ISCU,+",1
"RNF145>DHX9,+",1
"CCT3>ISCU,+",1
"WDR45B>C12orf57,+",1
"PTPRA>CHMP2A,+",1
"GIMAP7>CHMP2A,+",1
"PSMA3>TPD52L1,+",1
"EPB41L3>CCT3,+",1
"LDHA>ARL6IP4,+",1
"MCMBP>PYURF,+",1
"ZNF292>SNX17,+",1
"RAMP3>FAM167B,+",1
"CAPZA2>ARL2,+",1
"RALBP1>HTRA1,+",1
"SNHG7>EIF4B,+",1
"TCF25>RPS27L,+",1
"FAM167B>PKP4,+",1
"EIF4B>HNRNPDL,+",1
"RAMP3>SBDS,+",1
"EIF4B>SERINC1,+",1
"FAM177A1>PSMB3,+",1
"TGFBR3>AK2,+",1
"RAMP3>TGFBR3,+",1
"RABAC1>TKT,+",1
"PSMA3>TKT,+",1
"SYF2>TKT,+",1
"ZEB1>ENTPD1,+",1
"TGFBR3>NEDD8,+",1
"PLXND1>CHCHD1,+",1
"EIF4B>SNHG7,+",1
"ZEB1>IL1R1,+",1
"PSMB3>IL1R1,+",1
"CHMP3>ARL2,+",1
"YY1>RHOJ,+",1
"TCEAL8>SNRNP200,+",1
"MCMBP>RPN1,+",1
"ARHGAP23>UBE2E3,+",1
"SNRNP200>UBE2E3,+",1
"DPYSL3>CMPK1,+",1
"CRBN>NME1,+",1
"SPPL2A>CRBN,+",1
"RPN2>PAIP2,+",1
"SFSWAP>POLR1D,+",1
"NAPRT>CTSL,+",1
"MED13>CTSL,+",1
"VPS13D>RPN1,+",1
"PSMB3>RHOJ,+",1
"TSR3>RPN1,+",1
"SELENOM>NDUFC2,+",1
"ARF1>SELENOM,+",1
"CNIH4>SELENOM,+",1
"NDUFS3>ATN1,+",1
"KHDRBS1>ATN1,+",1
"RTCB>PSMD13,+",1
"STRAP>EIF1B,+",1
"TGFBR3>RHOJ,+",1
"CNBP>MFNG,+",1
"PSMA3>MFNG,+",1
"ZEB1>CHMP3,+",1
"POLR2F>MFNG,+",1
"SYF2>SPCS2,+",1
"GFOD2>NDUFB7,+",1
"CEP350>PSME2,-",1
"MTPN>PSME2,+",1
"SFSWAP>PSME2,+",1
"PTPRA>PDLIM5,+",1
"GFOD2>PDLIM5,+",1
"ACTN1>ACKR1,+",1
"PTTG1IP>PARK7,+",1
"PTPRA>MFNG,+",1
"EIF4B>SMAD1,+",1
"SNRNP200>C5orf24,+",1
"ESD>MT-ATP8,+",1
"POLR2F>COTL1,-",1
"KDM2A>SF3B1,+",1
"PCGF2>EIF3F,+",1
"PTPRA>UBE2E3,+",1
"SFSWAP>UBE2E3,+",1
"FAM177A1>UBE2E3,+",1
"GSTP1>BCAP31,+",1
"FAM177A1>CAMLG,+",1
"POLR2F>MRPS34,+",1
"ACKR1>PDIA4,+",1
"ENO1>C19orf70,+",1
"RAMP3>NOP10,+",1
"MT-CYB>MT-CO1,+",1
"ZEB1>YY1,+",1
"COPS9>TCEAL8,+",1
"COPS9>CHSY1,+",1
"ZNF207>CHSY1,+",1
"ZEB1>TTC1,+",1
"SYF2>SETD5,+",1
"PSMB3>SETD5,+",1
"PCGF2>SFSWAP,+",1
"PCGF2>ESD,+",1
"HLA-C>ESD,+",1
"PTPRA>ESD,+",1
"FOXP1>PARP9,+",1
"MRPS34>PARP9,+",1
"MRPS34>SELENOM,+",1
"FLNA>TSHZ2,+",1
"GFOD2>CRBN,+",1
"SF3B1>CRBN,+",1
"ICAM2>SNRNP200,+",1
"SFSWAP>STRAP,+",1
"SLC38A2>PCBP1,+",1
"NDUFS3>MED13,+",1
"CTSA>GON4L,+",1
"CAVIN3>CTSD,+",1
"NAPRT>CTSD,+",1
"MCMBP>CTSD,-",1
"CTSA>KDM2A,+",1
"STRAP>KDM2A,+",1
"ARHGAP23>KDM2A,+",1
"NDUFS3>KDM2A,+",1
"ARF1>MED13,+",1
"VPS13D>ETFRF1,+",1
"PEBP1>PIK3C2A,+",1
"PTPRA>KHDRBS1,+",1
"RAB5C>MFNG,+",1
"NDUFS3>CCT7,+",1
"STRAP>CCT7,+",1
"BEND7>CCT7,+",1
"MCMBP>SUCLG1,+",1
"CTSA>SUCLG1,+",1
"CTSZ>NAPRT,+",1
"MCMBP>NAPRT,-",1
"CAVIN3>GON4L,+",1
"ATN1>MRPS34,+",1
"CTSA>ARHGAP23,+",1
"ERG>BOLA3,+",1
"TTC1>USP34,+",1
"PSMB5>MRPL33,+",1
"TCEAL8>FNBP1L,+",1
"TUT7>HIST1H1D,+",1
"FAM177A1>HIST1H1D,+",1
"TUT7>SLC38A2,+",1
"TCF25>SNRPB2,+",1
"ATP6V1G1>SNRPB2,+",1
"TRIP11>BOLA3,+",1
"BEND7>ERG,+",1
"SFSWAP>GNG12,+",1
"SELENOM>RILPL2,+",1
"CAVIN3>LSM8,+",1
"NAPRT>LSM8,+",1
"BEND7>LSM8,+",1
"MED13>LSM8,+",1
"NAPRT>ENO1,+",1
"CTSA>PEBP1,+",1
"BEND7>DDOST,+",1
"NDUFS3>DDOST,+",1
"RTCB>ALG5,-",1
"SPPL2A>FOXP1,+",1
"ATN1>FOXP1,+",1
"SPPL2A>SFSWAP,+",1
"RTCB>BNIP3L,+",1
"ARHGAP23>MXD4,+",1
"KDM2A>HDGFL3,+",1
"ALG5>CTSA,-",1
"ARHGAP23>CTSA,+",1
"RAB5C>WDR45B,+",1
"NDUFS3>WDR45B,+",1
"STRAP>SFSWAP,+",1
"CTSZ>SFSWAP,+",1
"NDUFS3>CNIH4,+",1
"CTSA>BEND7,+",1
"ICAM2>CNIH4,+",1
"PTPRA>RTF2,+",1
"CAVIN3>SEPT10,+",1
"RTCB>SEPT10,+",1
"GNG12>SEPT10,+",1
"DPYSL3>SEPT10,+",1
"PIK3C2A>PRRC2C,+",1
"DPYSL3>C19orf70,+",1
"NAPRT>ARHGAP23,+",1
"MED13>QSOX1,+",1
"SNRNP200>QSOX1,+",1
"ALG5>SKI,-",1
"VPS13D>SKI,+",1
"ALG5>BEND7,+",1
"DPYSL3>BEND7,+",1
"SFSWAP>SPPL2A,+",1
"TCEAL8>SPPL2A,+",1
"VPS13D>HOXB3,+",1
"NDUFS3>HOXB3,+",1
"CNIH4>HOXB3,+",1
"CTSA>DDRGK1,+",1
"ALG5>DDRGK1,-",1
"VPS13D>NDUFS3,+",1
"MED13>NDUFS3,+",1
"SELENOM>NDUFC1,+",1
"CAVIN3>BRI3,+",1
"ARF1>BRI3,+",1
"RTCB>MCAM,+",1
"ARHGAP23>MCAM,+",1
"SFSWAP>MCAM,+",1
"TCEAL8>LAMTOR1,+",1
"CAVIN3>BANF1,+",1
"PSMD7>WDR45B,+",1
"CRBN>WDR45B,+",1
"GSTP1>PDLIM1,+",1
"HDGFL3>ARPC4,+",1
"LAMTOR1>DAZAP1,-",1
"SCAND1>DAZAP1,+",1
"LAMTOR4>DAZAP1,+",1
"NBDY>LRRC1,+",1
"MRPL33>ATP5PO,+",1
"MCAM>ATP5PO,+",1
"ATP5PO>NCKAP1,+",1
"CCPG1>CALU,+",1
"EBF1>CALU,-",1
"SKI>TPR,+",1
"PTPRA>PICALM,+",1
"PSMD8>STRAP,+",1
"SKI>STRAP,+",1
"TCF25>DAZAP1,+",1
"LAMTOR4>TCF25,+",1
"CD81>FAM177A1,+",1
"CTSB>SERINC1,+",1
"EIF4A1>TACC1,+",1
"ARF1>CCT7,+",1
"EPB41L3>CCT7,+",1
"ERG>SMIM10,+",1
"SCAND1>TTC1,+",1
"SYF2>GNB1,+",1
"ATP6V0E1>TAX1BP1,+",1
"PSMD7>GNG12,+",1
"CTNNA1>GNG12,+",1
"CTNNA1>PYURF,+",1
"RAMP2>PYURF,+",1
"CTNNA1>NDUFB7,+",1
"RAMP2>NDUFB7,+",1
"RAP1B>CTNNA1,+",1
"RAMP2>CCPG1,+",1
"FAM177A1>CCPG1,+",1
"ATP5PO>SRSF2,+",1
"EIF4A1>FAM167B,+",1
"RAMP2>RALBP1,+",1
"GNG12>CCDC25,+",1
"RAMP2>MRPS34,+",1
"CD93>IL3RA,+",1
"HDGFL3>EBF1,+",1
"RAMP2>EIF3G,+",1
"TCF25>RPN1,+",1
"TTC1>NDUFAF3,+",1
"C19orf70>NDUFAF3,+",1
"CTSB>CCT7,+",1
"CD81>PSMD8,+",1
"FKBP1A>PIK3C2A,+",1
"PARP9>LY96,+",1
"EPB41L3>NCOA4,+",1
"RPS27L>PAIP2,+",1
"POLR1D>PTPRA,+",1
"YWHAB>PTPRA,+",1
"POLR1D>VEZF1,+",1
"EPB41L3>VEZF1,+",1
"LAMTOR4>VEZF1,+",1
"NDRG2>EPB41L3,+",1
"MFNG>DDB1,-",1
"PSMD8>ELF2,+",1
"EIF5>PIK3C2A,+",1
"RPS27L>SIVA1,+",1
"CCT7>SIVA1,+",1
"CTSB>SIVA1,+",1
"INPP1>SIVA1,-",1
"LAMTOR4>ZNF706,+",1
"EIF3L>PSMB5,+",1
"GNB1>RNF7,+",1
"CTSB>RNF7,+",1
"DPYSL3>INPP1,+",1
"TMEM167A>EIF5,+",1
"TMEM167A>PGK1,+",1
"MYL12B>CTSB,+",1
"CD81>UFC1,+",1
"POLR1D>PIK3C2A,+",1
"COPS6>TMEM167A,+",1
"EIF4A1>HSPE1,+",1
"YWHAB>NASP,+",1
"PSMD8>PIK3R3,+",1
"SKI>RPN2,+",1
"POLR1D>AKAP9,+",1
"STRAP>AKAP9,+",1
"CTSB>AKAP9,+",1
"MFNG>NDRG2,+",1
"LAMTOR4>NDRG2,+",1
"CTSB>RPS27L,+",1
"FNDC3A>POLR1D,+",1
"RPS27L>KIAA1109,+",1
"CD151>TRAM1,+",1
"POLR1D>TRAM1,+",1
"POLR1D>PARP9,+",1
"VEZF1>LAMTOR4,+",1
"FKBP1A>CD151,+",1
"RAMP2>SNRPD1,+",1
"GNG12>RHOJ,+",1
"TCEAL8>CTSZ,+",1
"PCGF2>WTAP,+",1
"GNG12>ZNF608,+",1
"CTSL>ZNF608,-",1
"MTPN>ZNF608,+",1
"ARL2>EMC3,+",1
"GSTP1>PSMD8,+",1
"PSMD8>NBDY,+",1
"ESD>PCGF2,+",1
"KDM2A>CEP350,+",1
"KDM2A>WTAP,+",1
"EIF4A1>KDM2A,+",1
"NUCB1>MAP3K3,+",1
"NUCB1>SERINC1,+",1
"SPCS2>SERINC1,+",1
"MED13>EIF4A1,+",1
"MAP3K3>EIF4A1,+",1
"UQCRQ>EIF4A1,+",1
"SELENOM>ATP6V0E1,+",1
"AP2B1>ANKRD10,+",1
"KDM2A>MAP3K11,+",1
"MED13>MAP3K11,+",1
"POLR2F>PLSCR1,+",1
"PSMD7>ENY2,+",1
"FAM177A1>GFOD2,+",1
"PCGF2>GFOD2,+",1
"FAM177A1>FLNA,+",1
"ATP6V0E1>COPS6,+",1
"ACKR1>ACTN1,+",1
"ESD>PAIP2,+",1
"ENY2>VMP1,+",1
"UBAC1>AP2B1,+",1
"C5orf24>AP2B1,+",1
"SYF2>MTCH1,+",1
"ENO1>MTCH1,+",1
"SELENOM>TTC1,+",1
"PABPN1>TTC1,+",1
"PSMD7>CBX3,+",1
"PABPN1>PLD3,+",1
"FOXP1>RTCB,+",1
"CAMLG>SNRNP200,+",1
"ENO1>SNRNP200,+",1
"UBAC1>TMEM14C,+",1
"PABPN1>TMEM14C,+",1
"NUCB1>GFOD2,+",1
"LAMTOR1>MAP3K11,+",1
"AP2B1>MAP3K3,+",1
"EIF4A1>PRRC2C,+",1
"RAMP2>PSMA3,+",1
"ATP5MG>ELF2,+",1
"AP2B1>ELF2,+",1
"ADCY4>ELF2,+",1
"UBA52>NAPRT,+",1
"TCF25>PSMD7,+",1
"SLC39A1>TIE1,+",1
"SNX1>DYNLRB1,+",1
"EIF4A1>DYNLRB1,+",1
"SNRPD1>PSMA3,+",1
"HDGFL3>NBDY,+",1
"TAGLN2>SETD5,+",1
"GNG12>ROBO4,+",1
"RND1>EDIL3,+",1
"RAP1B>PSMD7,+",1
"NBDY>NME1,+",1
"RAMP2>TCEAL9,+",1
"TCEAL8>BAG5,+",1
"RAP1B>BAG5,+",1
"GNG12>BAG5,+",1
"HDGFL3>PLEKHO1,+",1
"MAP3K11>MED13,+",1
"SLC39A1>NRP1,+",1
"MALAT1>INTS6,+",1
"PSMB3>AP2B1,+",1
"MATN2>PLSCR1,+",1
"NDUFB7>SELENOM,+",1
"ADCY4>SELENOM,+",1
"SLC39A1>RPN2,+",1
"NAPRT>SNX1,+",1
"KDM2A>SNX1,+",1
"SELENOM>KDELR1,+",1
"ANKRD10>WDR45B,+",1
"NAPRT>SCP2,+",1
"ENTPD1>NUDC,+",1
"MAP3K11>NUDC,+",1
"PSMD8>NUDC,+",1
"UQCRQ>LAMTOR1,+",1
"NAPRT>LAMTOR1,+",1
"WDR45B>UBE2E3,+",1
"MAP3K3>UBE2E3,+",1
"SLC39A1>UBE2E3,+",1
"MAP3K11>UBE2E3,+",1
"ANKRD10>AP2B1,+",1
"SKIL>USP34,+",1
"CCT3>SEC31A,+",1
"RTF2>SNX17,+",1
"NIPBL>SUGT1,+",1
"PLEKHO1>MED13,+",1
"FAM177A1>LRRC8A,+",1
"GMPR2>LRRC8A,+",1
"ATP8B1>LRRC8A,+",1
"GMPR2>OS9,+",1
"NDUFA1>OS9,+",1
"MAGEH1>SLC39A1,-",1
"RALBP1>SLC39A1,+",1
"PAIP2>SLC39A1,+",1
"ATP8B1>SUGT1,+",1
"UBE2E3>TBL1XR1,+",1
"UQCRQ>PAIP2,+",1
"MRPS34>PABPN1,+",1
"ATP8B1>PDCD4,+",1
"EIF4A1>HSPA2,+",1
"LPP>IK,+",1
"NDUFAF3>CCND3,+",1
"COX4I1>CCND3,-",1
"LPP>ZNF706,+",1
"PSMA3>ZNF706,-",1
"LPP>ZKSCAN1,+",1
"KDM2A>GSTK1,+",1
"ATP5PD>UFC1,+",1
"GMPR2>MRPS34,+",1
"CNDP2>A4GALT,+",1
"ARL2>A4GALT,+",1
"CTSC>ACKR1,+",1
"NELFE>P4HB,+",1
"HM13>P4HB,+",1
"PAIP2>UBE2E3,+",1
"NIPBL>KDM2A,+",1
"NDUFAF3>KDM2A,+",1
"TRIP11>POLR1D,+",1
"RUNX1T1>RTCB,+",1
"MAGEH1>WDR45B,+",1
"LPP>RTCB,+",1
"SLC29A1>LIMS2,+",1
"NIPBL>LIMS2,+",1
"AGO3>PLEKHA3,+",1
"ERG>PLEKHA3,+",1
"UBE2E3>PLEKHA3,-",1
"HPCAL1>WDR45B,+",1
"KDM2A>WDR45B,+",1
"PSMA3>WDR45B,+",1
"POLR1D>NDUFAF3,-",1
"NDUFAF3>SLC29A1,+",1
"HPCAL1>SLC29A1,+",1
"PINK1>SNRPD1,+",1
"SCP2>ATP6V0E1,+",1
"ARF1>ARL4A,+",1
"NDUFB7>SKI,+",1
"MRPL33>ANXA11,+",1
"SNRNP200>TRIP11,+",1
"LRRC32>PSMD8,+",1
"NSRP1>JAK1,+",1
"SNRNP200>UFC1,+",1
"UFC1>TCEAL9,+",1
"NCKAP1>TGOLN2,+",1
"RPS28>RPS29,+",1
"NASP>PSMA3,+",1
"YWHAB>RAB5C,+",1
"PRKDC>PINK1,+",1
"SNRPD1>PINK1,+",1
"GRN>PPP1R14B,+",1
"NCKAP1>PPP1R14B,+",1
"SKI>PRKDC,+",1
"PINK1>PRKDC,+",1
"NDUFB7>STIM2,+",1
"AP2B1>PSMB5,+",1
"NASP>TSC22D3,+",1
"SERINC1>AKAP9,+",1
"WWP1>AGO3,+",1
"TRIP11>RUNX1T1,+",1
"TBL1XR1>MAGEH1,+",1
"FAM177A1>MAGEH1,+",1
"XRCC6>WWP1,+",1
"UBE2E3>HPCAL1,+",1
"XRCC6>ANKRD28,+",1
"RPS29>GSDMD,+",1
"RALBP1>GSDMD,+",1
"COX4I1>GSDMD,+",1
"RALBP1>PSMA3,+",1
"MRPS34>ERBIN,+",1
"GMPR2>ERBIN,+",1
"UBE2E3>EMC3,+",1
"KDM2A>EMC3,+",1
"TRIP11>SNX1,+",1
"ATP8B1>SNX1,+",1
"LPP>SNX1,+",1
"COX4I1>XRCC6,+",1
"ATP8B1>AGO3,+",1
"UBE2E3>ZNF207,+",1
"PSMC4>C8orf33,-",1
"SKIL>SEC31A,+",1
"RTF1>TCEAL3,+",1
"FLNB>LARS,+",1
"NOL7>TTC1,+",1
"GNG12>TTC1,+",1
"ARL2>TTC1,+",1
"RTF1>RPN2,+",1
"KHDRBS1>WDR45B,+",1
"NOL7>SLTM,+",1
"PSMC5>NIPBL,+",1
"TCEAL3>MRPS34,+",1
"TCEAL3>PSMC4,+",1
"ADCY4>LARS,+",1
"NELFE>PSMC4,+",1
"RALBP1>SELENOM,+",1
"PDIA4>HM13,+",1
"CNDP2>OS9,+",1
"PLEKHO1>PARP9,+",1
"PSMC4>AP2B1,+",1
"KHDRBS1>AP2B1,+",1
"NIPBL>SETD5,+",1
"RTF1>KDM2A,+",1
"CIR1>TCEAL8,+",1
"ADCY4>ZNF292,+",1
"TCEAL3>C8orf33,+",1
"DENR>USP34,-",1
"USP34>CDC37,+",1
"RTN4>TRMT112,+",1
"COPS6>TIMMDC1,+",1
"RHOJ>SLK,+",1
"PTTG1IP>SLK,+",1
"UFC1>ATP8B1,+",1
"CNBP>ZKSCAN1,+",1
"ZNF207>ZKSCAN1,+",1
"NIPBL>ZKSCAN1,+",1
"ZKSCAN1>ZNF207,+",1
"OS9>KANSL1,+",1
"YWHAB>ICA1,+",1
"RHOJ>ICA1,+",1
"RTN4>TCEAL8,+",1
"MXI1>TCEAL8,-",1
"PTTG1IP>TCEAL8,+",1
"C19orf70>GNG12,+",1
"MKLN1>GNG12,+",1
"MKLN1>MXI1,+",1
"YWHAB>NDUFA1,+",1
"PLEKHA3>KDM2A,+",1
"ATP8B1>MAP3K11,+",1
"TTC1>MAP3K11,+",1
"GNL3>NDUFS8,+",1
"ARL2>DPY30,+",1
"GNL3>SNRPB,+",1
"SPPL2A>DMAC1,+",1
"TMEM167A>DMAC1,+",1
"PSMC4>AK2,+",1
"MRPS34>GNL3,+",1
"CTSC>PPP1R14B,+",1
"MRPS34>ATP5PD,+",1
"GNG12>NDUFS8,+",1
"KDELR1>NDUFS8,+",1
"ARL2>PDIA4,+",1
"RTF1>PSMA3,-",1
"NELFE>PSMA3,+",1
"ARPC2>GRN,+",1
"PLEKHO1>RAB5C,+",1
"CNBP>RAB5C,+",1
"PSMC4>HOXB4,+",1
"C19orf70>HOXB4,+",1
"WDR45B>STRAP,+",1
"PPP1R14B>STRAP,+",1
"CNDP2>DPY30,+",1
"TCEAL3>DPY30,+",1
"GNL3>COTL1,+",1
"SPPL2A>COTL1,-",1
"HM13>BANF1,+",1
"NASP>TM7SF3,+",1
"CTSC>TM7SF3,+",1
"SPPL2A>ATRAID,+",1
"PLEKHO1>ATP8B1,+",1
"NELFE>ATP8B1,+",1
"SLTM>ATP8B1,+",1
"ATRAID>ATP8B1,+",1
"ARL2>TCEAL8,+",1
"ARL2>CHMP2A,+",1
"DMAC1>TMEM167A,+",1
"UBE2E3>ARL2,-",1
"SETD5>BOLA3,+",1
"TCEAL3>BOLA3,+",1
"WDR45B>KHDRBS1,+",1
"NELFE>ERH,+",1
"NELFE>CLTA,+",1
"KHDRBS1>CLTA,+",1
"NELFE>NOL7,+",1
"SCP2>SEPT2,+",1
"LRRC32>APPL1,+",1
"TRIP11>NUDCD1,+",1
"SAP18>HOXB3,+",1
"TPM3>SEMA6B,+",1
"NIPBL>DHX9,+",1
"CCT7>DHX9,+",1
"TPM3>DHX9,+",1
"CCT7>TSR3,+",1
"PSMB5>TSR3,+",1
"KANSL1>POLK,+",1
"SMAD1>HSPA2,+",1
"ZNHIT1>HSPA2,+",1
"TPM3>NDUFB7,+",1
"EIF4A1>HIST1H1D,+",1
"TUBB>SLC25A3,+",1
"ESD>FAM177A1,+",1
"SNX1>NDUFB7,+",1
"OAZ1>NDUFB7,+",1
"OAZ1>ZC3H13,+",1
"NDUFB7>MRPS34,+",1
"NME1>AP2B1,+",1
"HADHA>AP2B1,+",1
"SNX1>TTC3,+",1
"RBMX>TMEM59,+",1
"UBC>PINK1,+",1
"YME1L1>NUDCD1,+",1
"NIPBL>HNRNPD,+",1
"CANX>VCP,+",1
"NIPBL>MATN2,+",1
"EIF4B>MATN2,+",1
"SLC25A5>MATN2,+",1
"SMAD1>MATN2,+",1
"RAI14>AKAP13,+",1
"CANX>AKAP13,+",1
"S100A11>TPM3,+",1
"CTSB>RAB5C,+",1
"DHX9>HADHA,+",1
"CCT7>PSMD8,+",1
"TUBB>HADHA,+",1
"IL1R1>FKBP9,+",1
"PINK1>FKBP9,+",1
"PSMD8>SNRPD1,+",1
"KANSL1>SNRPD1,+",1
"NDUFAF3>SNRPD1,+",1
"PARK7>SNRPD1,+",1
"SLC25A5>PSMD8,+",1
"IL1R1>PSMD8,+",1
"PSMB5>RNF181,+",1
"NME1>RNF181,+",1
"SKIL>CCT7,+",1
"TUT7>C8orf33,+",1
"TCEAL8>TTC1,+",1
"PTPRA>TTC1,+",1
"CCT6A>TTC1,+",1
"CCT6A>POLR2F,+",1
"NUCB1>HADHA,+",1
"NME1>HADHA,+",1
"FAM177A1>FAM200B,+",1
"IFITM3>FAM200B,+",1
"SBDS>COX5A,+",1
"AP2B1>C8orf33,+",1
"TUT7>PABPC4,+",1
"SKIL>C8orf33,+",1
"SNX1>TUT7,+",1
"TCF25>FLOT1,+",1
"PEBP1>IFNGR1,+",1
"SLC38A2>FIS1,+",1
"TCF25>GABARAPL1,+",1
"SNX1>GABARAPL1,+",1
"GNB2>GABARAPL1,+",1
"FAM200B>ECHS1,+",1
"CCT6A>PSMB2,+",1
"C8orf33>PSMB2,+",1
"NDUFB7>MFNG,+",1
"FAM177A1>MFNG,+",1
"AP2B1>CNDP2,+",1
"HADHA>CTSL,+",1
"CCT6A>CTSL,+",1
"HADHA>PCGF2,+",1
"MYL12B>CHMP2A,+",1
"FAM177A1>CCT3,+",1
"TTC3>ARL2,+",1
"SNX1>CMPK1,+",1
"PTPRA>CMPK1,+",1
"NME1>TUBA1A,+",1
"FLOT1>TUBA1A,+",1
"SNX1>SF3A3,+",1
"ESD>SF3A3,+",1
"NFIC>SF3A3,+",1
"CCT6A>FAM69B,+",1
"SBDS>FAM43A,+",1
"SNX1>MCMBP,+",1
"ESD>MCMBP,+",1
"SNX1>DMAC1,+",1
"NDUFAF3>NIPBL,+",1
"KANSL1>NIPBL,+",1
"IL1R1>NIPBL,+",1
"BAZ1B>PHACTR4,+",1
"YME1L1>PPP1R14B,-",1
"WDR45B>PPP1R14B,+",1
"YME1L1>PARP9,+",1
"HADHA>PARP9,+",1
"AP2B1>PARP9,+",1
"INTS6>YME1L1,+",1
"DPYSL2>DUSP23,+",1
"TCF25>SCP2,+",1
"SCP2>SNRPD2,+",1
"SKI>PHACTR4,+",1
"DPYSL2>SERPINB6,+",1
"PSMD8>TMEM14C,+",1
"PHACTR4>SKI,+",1
"GHITM>SKI,+",1
"HADHA>ISCU,+",1
"SKI>POLK,+",1
"GHITM>TCF25,+",1
"SCP2>PALMD,+",1
"HIST1H4C>CD151,+",1
"DUSP23>RHOB,+",1
"SKI>PPP1R14B,+",1
"GHITM>MRPS34,+",1
"DNAJB4>MKLN1,+",1
"PPP1R14B>SF3B6,+",1
"SNRNP200>AP2B1,+",1
"NCKAP1>UBE2E3,+",1
"ARF1>UBE2E3,+",1
"SBDS>SYF2,+",1
"NASP>CTSZ,+",1
"TGFBR3>CTSZ,+",1
"SNRNP200>KANSL1,+",1
"YME1L1>NCKAP1,+",1
"MRPL33>PSMD12,+",1
"SNRNP200>PSMD12,+",1
"AP2B1>PSMD12,+",1
"TCF25>EIF4A1,+",1
"GHITM>EIF4A1,+",1
"SKI>AP2B1,+",1
"SCP2>PSMB5,+",1
"SCP2>FOXP1,+",1
"TMEM14C>PSMD8,+",1
"EDF1>ADCY4,+",1
"BAZ1B>RPN2,+",1
"INTS6>RHOB,+",1
"COX7B>ENO1,+",1
"EIF1B>MFNG,+",1
"LDHA>ARL2,+",1
"SKI>NUCB1,+",1
"ZNHIT1>TCF25,+",1
"EIF4A1>TCF25,+",1
"DHX9>CCT7,+",1
"ENSA>EIF3G,+",1
"HIST1H1D>PSMB5,+",1
"KDM2A>PSMB5,+",1
"ZNHIT1>PSMB5,+",1
"EIF3G>EIF1B,+",1
"HIST1H1D>NAMPT,+",1
"COX6C>ENO1,+",1
"COX14>FAM177A1,+",1
"ZNHIT1>RBMX,+",1
"ATP6V0E1>WDR45B,+",1
"KANSL1>WDR45B,+",1
"CANX>WDR45B,+",1
"ENSA>EIF3F,+",1
"RPL4>EIF3F,+",1
"SAP18>KANSL1,+",1
"KANSL1>PIK3C2A,+",1
"SPPL2A>NUCB1,+",1
"GHITM>NUCB1,+",1
"POLR1D>TBC1D15,+",1
"GHITM>TBC1D15,+",1
"DPYSL2>AK2,+",1
"PPP1R14B>AK2,+",1
"YME1L1>INTS6,+",1
"SCP2>PKM,+",1
"BAZ1B>SAP18,+",1
"COX7B>SAP18,+",1
"BAZ1B>SNRPB,+",1
"PPDPF>SNRPB,+",1
"KDELR1>SNRPB,+",1
"COX5B>SPPL2A,+",1
"BAZ1B>MATN2,+",1
"ENO1>MATN2,+",1
"COX5B>MATN2,+",1
"SKI>CLTA,+",1
"TPR>MRPL33,+",1
"GHITM>KDM2A,+",1
"GHITM>H1FX,+",1
"PKM>COX7B,+",1
"AP2B1>TBC1D15,+",1
"HLA-C>PSMA7,+",1
"EIF3G>GINM1,+",1
"ERG>HMGN3,+",1
"YWHAQ>SNRNP200,+",1
"CANX>SMAD1,+",1
"AP2B1>RSBN1L,+",1
"B2M>HLA-A,+",1
"PSMB5>TMEM219,+",1
"RTL8C>CCDC186,+",1
"RBMX>HOXB4,+",1
"RTL8C>HOXB4,+",1
"RALBP1>HOXB4,+",1
"AP2B1>SNRNP200,+",1
"CCT7>ACP1,+",1
"MXD4>C8orf33,+",1
"NDUFB7>ACP1,+",1
"RALBP1>VPS36,+",1
"PSMB5>TM2D1,+",1
"ACTN4>CALCOCO2,+",1
"NDUFB9>SERINC1,+",1
"SF3B6>CIR1,+",1
"RTF2>VASP,+",1
"SPCS2>TAF10,+",1
"CCT7>TAF10,+",1
"RALBP1>ATP6V1G1,+",1
"RBMX>HNRNPM,+",1
"KMT2A>TM7SF3,+",1
"SPCS2>SUCLG1,+",1
"NDUFB7>CCT7,+",1
"RTL8C>MRPS34,+",1
"NDUFB9>MRPS34,+",1
"NDUFB7>NDUFC1,+",1
"NDUFB7>PTPRA,+",1
"AP2B1>PDLIM5,+",1
"TSC22D3>PDLIM5,+",1
"NDUFB7>NEDD8,+",1
"CANX>NEDD8,+",1
"CCDC186>RTL8C,+",1
"HOXB4>RTL8C,+",1
"PSMB5>IK,+",1
"ACTN4>TPR,+",1
"TMEM219>SBDS,+",1
"RPN1>NDUFB9,+",1
"ACTN4>STIM2,+",1
"NDUFB9>RPN1,+",1
"RALBP1>ENO1,+",1
"SH3BGRL3>RNF7,+",1
"TM2D1>TAF10,+",1
"NDUFB7>TAF10,+",1
"AP2B1>CD109,+",1
"PTPRA>ARPC3,+",1
"ANXA5>C14orf119,+",1
"TMEM109>MTPN,+",1
"PINK1>PSMB5,+",1
"NDUFA12>PSMB5,+",1
"CCT7>ZNF22,+",1
"MXD4>ZNF22,+",1
"PDAP1>ZNF22,+",1
"PSMD8>ISCU,+",1
"ANXA5>TCEAL3,+",1
"COPS2>DAZAP1,+",1
"NDUFA12>PTPRA,+",1
"NRN1>PTP4A2,+",1
"NDUFA12>PYURF,+",1
"GATA2>DNAJB6,+",1
"HLA-F>TUT7,+",1
"C8orf33>TUT7,+",1
"PTP4A2>PIK3R3,+",1
"TPR>RTCB,+",1
"MXD4>RTCB,+",1
"TCEAL3>C14orf119,+",1
"ISCU>CLTB,+",1
"FAM177A1>CD109,+",1
"TPR>CLTB,+",1
"CANX>NFIA,+",1
"CCT7>QSOX1,+",1
"CCT7>MTCH1,+",1
"SH3BGRL3>MTCH1,+",1
"ENO1>H1FX,+",1
"NDUFB7>H1FX,+",1
"LAMTOR1>DNAJC8,+",1
"PTP4A2>CSDE1,+",1
"ARF1>CSDE1,+",1
"NBDY>HEXB,+",1
"GATA2>PDAP1,+",1
"COPS2>TMEM109,+",1
"PTP4A2>PSMD8,+",1
"PTPRA>PSMD8,+",1
"PTPRA>SELENOM,+",1
"AP2B1>GTF2A2,+",1
"PTP4A2>GATA2,+",1
"TPR>NBDY,+",1
"GATA2>CLTB,+",1
"TPR>SKI,+",1
"TSC22D3>SKI,+",1
"RTF2>TCEAL8,+",1
"DNAJB14>DNAJC15,+",1
"PCMTD1>CMPK1,+",1
"MAP3K3>RHOJ,+",1
"FOXP1>PLCB4,+",1
"FAM177A1>NOL8,+",1
"MED13>NOL8,+",1
"PDIA4>PLEKHO1,+",1
"SNRPG>ERG,+",1
"NDUFB7>TTC1,+",1
"MRPS34>TTC1,+",1
"LUC7L3>TTC1,+",1
"COX8A>PTPRA,+",1
"P4HB>RPN1,+",1
"TCEAL8>RAB5C,+",1
"LY96>NDUFB9,+",1
"NAPRT>CTSZ,+",1
"MED13>PICALM,+",1
"EIF4A1>TM9SF3,+",1
"YWHAB>PSMB5,+",1
"PDLIM1>NIPBL,+",1
"PLCB4>CMPK1,+",1
"MAP3K3>DNAJC15,+",1
"YWHAB>ELF2,+",1
"ATP6V0E1>PAIP2,+",1
"TSC22D3>CEP350,+",1
"PLCB4>PSMA3,-",1
"AKAP9>PSMA3,+",1
"FLNA>DOCK6,+",1
"DNAJB14>DOCK6,+",1
"FAM177A1>TMBIM1,+",1
"SWAP70>TMBIM1,+",1
"PSMD8>TMBIM1,+",1
"BNIP3L>FOXP1,+",1
"PDLIM5>MYC,+",1
"SPCS3>PCMTD1,+",1
"MAP3K3>IFNGR1,+",1
"DNAJC3>IFNGR1,+",1
"DOCK6>PKM,+",1
"SPCS3>EIF3F,+",1
"FOXP1>PIK3R3,+",1
"GNB1>PIK3R3,+",1
"PDLIM5>SWAP70,+",1
"DOCK6>MATN2,+",1
"LY96>ELF2,+",1
"PARK7>MRPS34,+",1
"NDUFB9>TCEAL8,+",1
"LY96>SETD5,-",1
"CCT7>RNF181,+",1
"TCEAL8>RNF181,+",1
"PARK7>PARP9,+",1
"MRPS34>HNRNPR,+",1
"HMGB1>HNRNPR,+",1
"YWHAB>ZC3H13,+",1
"YWHAB>SMAD1,+",1
"TRAM1>SMAD1,+",1
"NDUFB9>TMEM167A,+",1
"GSDMD>TMEM167A,+",1
"PTPRA>GON4L,+",1
"BZW1>GON4L,+",1
"LY96>DOCK6,+",1
"TRAM1>DOCK6,+",1
"LUC7L3>PLEKHA3,+",1
"TCEAL8>PLEKHA3,+",1
"CCT7>HNRNPD,+",1
"ACTN4>TSC22D3,+",1
"TM2D1>TCEAL8,+",1
"MRPS34>RNF181,+",1
"MRPS34>RBMX,+",1
"PTPRA>ACP1,+",1
"PARK7>RBMX,+",1
"P4HB>ACP1,+",1
"PARK7>POLK,+",1
"DYNLT1>GSDMD,+",1
"PTPRA>LY96,+",1
"LUC7L3>LY96,+",1
"PARP9>DYNLT1,+",1
"MRPS34>DYNLT1,+",1
"NDUFB9>DYNLT1,+",1
"LY96>SEMA6B,+",1
"LY96>G3BP1,+",1
"PTPRA>G3BP1,+",1
"TMEM59>ARL2,+",1
"BZW1>ARL2,+",1
"MRPS34>GHITM,+",1
"PARK7>TCF25,+",1
"FAM167B>IL3RA,+",1
"TCEAL8>FAM167B,+",1
"TCEAL8>NAPRT,+",1
"LUC7L3>SF3B6,+",1
"GATA2>C8orf33,+",1
"RAP1B>CHSY1,+",1
"CD151>CEP350,+",1
"PSMB5>ISCU,+",1
"COX8A>GABARAPL1,+",1
"MCTP1>RTF2,+",1
"PKM>ITGB1BP1,+",1
"PSMB5>JTB,+",1
"PKM>C19orf70,+",1
"NEU1>C19orf70,+",1
"COPS2>CTSA,+",1
"C19orf70>CTSA,+",1
"MED13>CD40,+",1
"CD40>MED13,+",1
"ADD1>UBE2Z,+",1
"UQCRQ>CBX3,+",1
"KANSL1>CBX3,+",1
"COPS2>SERINC1,+",1
"NEU1>PTPRA,-",1
"CHMP3>HDGF,+",1
"NEU1>HDGF,+",1
"MTCH1>CRK,+",1
"PSMB5>CRK,+",1
"PKM>CRK,+",1
"KANSL1>GABARAPL1,+",1
"ILF3>GABARAPL1,+",1
"JTB>ARPC1B,+",1
"CD40>MAP3K3,+",1
"NDUFAF3>PSMA3-AS1,-",1
"CHMP3>ERG,+",1
"KANSL1>KDM2A,+",1
"CBX3>KANSL1,+",1
"C19orf70>KANSL1,+",1
"CTSA>NDUFB9,-",1
"LSM4>PSMB5,+",1
"CBX3>HNRNPDL,+",1
"RTF2>GMPR2,+",1
"TPR>BNIP3L,+",1
"RTF2>BNIP3L,+",1
"NDUFB9>TTC1,+",1
"RTF2>TTC1,+",1
"CTSA>ARL2,+",1
"ERG>DNTTIP2,+",1
"JTB>PSMD8,+",1
"UQCRQ>PSMD8,+",1
"ARL2>SF3B6,+",1
"COX8A>SF3B6,+",1
"UQCRQ>TCEAL8,+",1
"AP2B1>TCEAL8,+",1
"RTF2>MTCH1,+",1
"NDUFB9>GLRX5,+",1
"C19orf70>ERG,+",1
"CD109>MRPL33,+",1
"XRCC5>RSRP1,+",1
"SF3B6>CTSZ,+",1
"GRN>MRPS34,+",1
"MGST3>MRPS34,+",1
"BANF1>ATP5MF,+",1
"SKI>TCEAL8,+",1
"LAPTM4B>MAP4,+",1
"GRN>KRTCAP2,+",1
"TTC1>KRTCAP2,+",1
"PLSCR1>KRTCAP2,+",1
"PIK3C2A>KRTCAP2,+",1
"VPS13C>PSMA3,+",1
"PTTG1IP>PSMA3,+",1
"ARPC2>C19orf70,+",1
"TAF10>C19orf70,+",1
"ANXA5>C19orf70,+",1
"NUCB1>SKIL,+",1
"NDUFB5>WAC,+",1
"UQCRQ>TRAM1,+",1
"TCF25>COPS2,+",1
"NDUFB5>NSA2,+",1
"LSM4>COPS2,+",1
"RTF2>COPS2,+",1
"GLRX5>TKT,+",1
"COX8A>TKT,+",1
"RTF2>MCTP1,+",1
"MCTP1>NDRG2,-",1
"COPS2>LSM4,+",1
"CHMP3>LSM4,+",1
"CD151>TSPAN14,+",1
"TKT>TSPAN14,+",1
"HDGF>TSPAN14,+",1
"BNIP3L>SSU72,+",1
"RPN1>PLEKHA3,+",1
"HDGF>PLEKHA3,-",1
"ILF3>RPN1,+",1
"COX8A>RPN1,+",1
"CHMP3>MFNG,+",1
"SELENOM>ARL4A,+",1
"SERINC1>ARL4A,+",1
"SLC25A3>KHDRBS1,+",1
"TKT>KHDRBS1,+",1
"MFNG>TKT,+",1
"PINK1>NAPRT,+",1
"WAC>RPAIN,+",1
"PTPRA>SUCLG1,+",1
"NBDY>SUCLG1,+",1
"NDUFA12>NDUFB8,+",1
"NDUFAF3>TTC1,+",1
"ZNHIT1>PSMA3,+",1
"TSR3>AP2B1,+",1
"PCNP>AP2B1,+",1
"NDUFB7>AP2B1,+",1
"SNRNP200>TSR3,+",1
"SRP72>SMC3,+",1
"SLC25A3>PSMD8,+",1
"CITED2>PIM3,+",1
"ISCU>PIM3,+",1
"TKT>SRP72,+",1
"DCTN3>SRP72,+",1
"NME1>SRP72,+",1
"ZNHIT1>OS9,+",1
"NHP2>PSMB3,+",1
"CAV2>NAPRT,+",1
"PTPRA>NAPRT,+",1
"TKT>CITED2,+",1
"PTPRA>COPS2,+",1
"PTP4A2>PAFAH1B2,+",1
"DBNL>PAFAH1B2,+",1
"SMAD1>MXD4,+",1
"NBDY>MXD4,+",1
"WAC>OAZ1,+",1
"ANXA5>OAZ1,+",1
"GTF2A2>DBNL,+",1
"RPN2>DBNL,+",1
"RAP1B>NRN1,+",1
"TMEM109>KIAA1109,+",1
"PSMD8>KIAA1109,-",1
"NRN1>GAS6,+",1
"PINK1>PTTG1IP,+",1
"COPS2>KDM2A,+",1
"PTP4A2>NDUFB5,+",1
"HMGN1>UQCRH,+",1
"COPS2>STRAP,-",1
"CCT7>STRAP,+",1
"PTPRA>STRAP,+",1
"NDUFB7>ZNF207,+",1
"ALG5>CITED2,-",1
"TIMMDC1>TMEM43,+",1
"DCTN3>TES,+",1
"SUPT4H1>TES,+",1
"CITED2>PAIP2,+",1
"KHDRBS1>LAMTOR1,+",1
"SNRNP200>NDRG2,+",1
"ISCU>NDRG2,+",1
"SNX17>SKI,+",1
"OS9>HPCAL1,+",1
"SNX17>HPCAL1,+",1
"ZNHIT1>HPCAL1,+",1
"ATXN7L3B>HPCAL1,+",1
"SELENOM>NDUFAF3,+",1
"NDUFAF3>TSPAN4,+",1
"SETD5>POLK,+",1
"NME1>POLK,-",1
"SNRNP200>RSBN1L,+",1
"SSU72>RSBN1L,+",1
"OS9>CACYBP,+",1
"VDAC2>CACYBP,+",1
"SLC25A3>CACYBP,+",1
"SNRNP200>TES,+",1
"CITED2>RNF7,+",1
"ATXN7L3B>NUDCD1,+",1
"OS9>SUCLG1,+",1
"VDAC2>SUPT4H1,+",1
"AK2>SUPT4H1,+",1
"ATXN7L3B>SUPT4H1,+",1
"MTDH>ARHGDIA,+",1
"SNX17>ARHGDIA,+",1
"SETD5>ALG5,+",1
"SLC25A3>ALG5,+",1
"ATXN7L3B>ALG5,-",1
"MFNG>SETD5,+",1
"EDIL3>KDM6B,+",1
"SETD5>SNRNP200,+",1
"SETD5>SSU72,+",1
"NME1>SSU72,+",1
"CITED2>PCBP1,+",1
"SMC3>PCBP1,+",1
"ENSA>ZNHIT1,+",1
"SSU72>TFAM,+",1
"SRP72>PPP1R14B,+",1
"ALG5>SUCLG1,+",1
"MED13>CEP350,+",1
"VPS13C>CEP350,+",1
"EIF3K>RTF2,+",1
"VPS28>HDGF,+",1
"DCTN3>VCAM1,+",1
"GRN>POLR1D,-",1
"C8orf33>CHCHD1,+",1
"VPS28>OLFM1,+",1
"HADHA>PSMC3,+",1
"ATP5PO>PSMC3,+",1
"LPP>RPN2,+",1
"SURF4>RPN2,+",1
"DCTN3>HADHA,+",1
"SIVA1>C8orf33,+",1
"LAMTOR1>VPS36,+",1
"RPN2>FGD5-AS1,+",1
"ARHGAP23>ERG,+",1
"NDUFB7>FAM177A1,+",1
"SKI>TAX1BP1,+",1
"ESD>ENO1,+",1
"NDUFB7>TCEAL3,+",1
"PSMB5>TCEAL3,+",1
"POLK>NCKAP1,+",1
"TXNDC17>MRPS34,+",1
"VPS28>VCAM1,+",1
"PSMA3>SF3B6,+",1
"VPS28>SF3B6,+",1
"VPS28>SUMF2,+",1
"SUMF2>MFNG,+",1
"SIVA1>MFNG,+",1
"SURF4>SIVA1,+",1
"SUPT4H1>UBE2I,+",1
"ATP5PO>POLE4,+",1
"SURF4>POLE4,+",1
"ATP5PO>FOXP1,+",1
"RPN2>FOXP1,+",1
"NIPBL>FOXP1,+",1
"SUPT4H1>FOXP1,+",1
"VCAM1>DCTN3,+",1
"NIPBL>PAFAH1B2,+",1
"HLA-C>PAFAH1B2,+",1
"SURF4>GHITM,+",1
"SIVA1>LGALS3,+",1
"SUPT4H1>HMGN3,+",1
"GHITM>CNBP,+",1
"SIVA1>CNBP,+",1
"NUCB1>SCP2,+",1
"TCEAL3>PSMA3,+",1
"ERG>TSR3,+",1
"RPN1>TSR3,+",1
"SKI>ARHGAP23,+",1
"NDUFB7>PSMD8,+",1
"ARHGAP23>PBRM1,+",1
"FAM177A1>PBRM1,+",1
"RPN1>CCT7,-",1
"ARHGAP23>SKI,+",1
"PARK7>SKI,+",1
"PAFAH1B2>CDH5,+",1
"SKI>CDH5,+",1
"PSMA7>CDH5,+",1
"WDR45B>RAI14,-",1
"IFITM3>SELENOM,+",1
"TPR>LAMTOR4,+",1
"SKI>STAU1,-",1
"POLK>C19orf70,+",1
"RTCB>C19orf70,+",1
"CTSL>TXNDC17,+",1
"FAM177A1>TXNDC17,+",1
"TRIP11>TXNDC17,+",1
"FOXP1>ARL2,+",1
"NDUFB7>ARHGAP23,+",1
"RAI14>NFIC,+",1
"NDUFB7>TSR3,+",1
"CTSL>NDUFB7,+",1
"WDR45B>POLK,-",1
"C19orf70>POLK,+",1
"FOXP1>FKBP8,+",1
"TCEAL3>TCF25,+",1
"PSMB5>EIF4A1,+",1
"LAMTOR1>CTSA,+",1
"FAM177A1>NOP58,+",1
"FAM89A>NAPRT,+",1
"ARHGAP23>NAPRT,+",1
"PSMD8>NAPRT,+",1
"TPR>UBE2E3,+",1
"WDR45B>FAM89A,+",1
"SKI>SPPL2A,-",1
"RTCB>TTC1,+",1
"AP2B1>TTC1,+",1
"METTL9>TTC1,+",1
"MRPS34>C8orf59,+",1
"TCEAL3>C8orf59,+",1
"ESD>UQCRH,+",1
"SUPT4H1>UBXN1,+",1
"CTSL>PSMA3,+",1
"NUCB1>TCEAL9,+",1
"PYURF>CHMP3,+",1
"PPP1R14B>EIF4A1,+",1
"NDUFA4>DNAJB14,+",1
"GHITM>CTSB,+",1
"C19orf70>P4HB,+",1
"C8orf59>PSMA3,+",1
"GOSR1>PSMA3,+",1
"PSMB5>PSMA3,+",1
"PNISR>TTC1,+",1
"GHITM>HPCAL1,+",1
"C19orf70>HPCAL1,+",1
"DNAJB14>HPCAL1,+",1
"C8orf59>HPCAL1,+",1
"CTSB>MED13,+",1
"PYURF>NBDY,+",1
"S100A11>NBDY,+",1
"MRPL33>PSMB2,+",1
"OAZ1>PSMB2,+",1
"GHITM>PSMB2,+",1
"MFNG>PSMC4,-",1
"CHCHD1>EIF4A1,+",1
"C8orf59>NME1,+",1
"CHMP3>PSMC4,+",1
"C19orf70>TPM1,+",1
"DNAJB14>TCEAL8,+",1
"HDGFL3>PSMB5,+",1
"DUSP23>SIVA1,+",1
"TCEAL8>GOSR1,+",1
"SF3B6>GOSR1,+",1
"PYURF>TMEM14C,+",1
"GHITM>ARPC1B,+",1
"PYURF>MCMBP,+",1
"GHITM>MCMBP,+",1
"GHITM>PSMD8,+",1
"HDGFL3>PSMD8,+",1
"ERG>UBE2E3,+",1
"GHITM>UBE2E3,+",1
"SIVA1>PSMB3,+",1
"C19orf70>RPN2,+",1
"NDUFA4>PNISR,+",1
"S100A11>UBXN1,+",1
"TSC22D3>WDR45B,+",1
"PTPRA>WDR45B,+",1
"DPYSL2>PSMC4,+",1
"TCEAL8>DDB1,+",1
"GRN>TCEAL9,+",1
"P4HB>EMC3,+",1
"DCTN3>ERG,+",1
"HIST1H4C>OS9,+",1
"VPS28>ATP5MG,+",1
"NIPBL>ATP5MG,+",1
"SIVA1>HIST1H4C,+",1
"DCTN3>PAIP2,+",1
"MRPS34>PAIP2,+",1
"ATP5PO>SUPT4H1,+",1
"SIVA1>SUPT4H1,+",1
"HIST1H4C>KDELR1,+",1
"VPS28>DPY30,+",1
"C8orf33>TTC1,+",1
"VCAM1>PPP2R5E,+",1
"SURF4>PPP2R5E,+",1
"ARL2>PPP2R5E,+",1
"SIVA1>ACKR1,+",1
"SIVA1>BNIP3L,+",1
"HADHA>BNIP3L,-",1
"MAP4>CD109,+",1
"SIVA1>ERG,+",1
"C8orf59>GFOD2,+",1
"PDIA6>WWTR1,+",1
"GOSR1>MRPL47,+",1
"C19orf70>IL3RA,+",1
"CHCHD1>NEDD8,+",1
"HDGFL3>PTPRA,+",1
"PYURF>ARHGDIA,+",1
"CD151>ARHGDIA,+",1
"PKM>ARHGDIA,+",1
"MED13>ARHGDIA,+",1
"MRPL33>ATP5MC3,+",1
"MCMBP>NDUFB7,+",1
"C19orf70>NDUFB7,+",1
"TCEAL8>CHCHD1,+",1
"CTSB>TSC22D3,+",1
"C8orf59>FAM110D,+",1
"HDGFL3>MFNG,+",1
"DNAJB14>MRPS34,+",1
"PYURF>MRPL47,+",1
"CHMP3>MRPL47,+",1
"MED13>MRPL47,+",1
"HDGFL3>MRPL47,+",1
"TXNDC17>CTSL,+",1
"ESD>PAFAH1B2,+",1
"TSC22D3>DNAJB14,+",1
"SMG1>MCAM,+",1
"SYNGR2>PPP1R14B,+",1
"SYNGR2>SNRPD1,+",1
"RNF181>SNRPD1,+",1
"SMG1>SNRPD1,+",1
"HOXB3>MCAM,+",1
"RPS29>MCAM,+",1
"NASP>MCAM,+",1
"C19orf70>MCAM,+",1
"RNF181>MCAM,-",1
"IFITM2>ATP6V0E1,+",1
"NDUFB7>PAFAH1B2,+",1
"PCDH17>C19orf70,-",1
"IFITM2>SELENOM,+",1
"SYNGR2>FAM177A1,+",1
"TNFRSF1A>TMEM255B,+",1
"RPS15>FAM167B,+",1
"MATN2>CTSD,+",1
"SNRPD1>SMG1,+",1
"FAM167B>SMG1,+",1
"RHOJ>DDX46,+",1
"SDCBP>CD151,+",1
"RPL8>ZFP36L1,+",1
"RNF181>SYNGR2,+",1
"MT-ND1>LPP,+",1
"ARL2>NUDCD1,+",1
"FLOT1>NRGN,+",1
"PPP1R14B>CTSZ,+",1
"ATP5MC3>CTSC,+",1
"EIF2S3>ATXN7L3B,+",1
"RPS24>RPS4X,+",1
"RPN2>RALBP1,+",1
"PTPRA>EIF2S3,+",1
"ATXN7L3B>EIF2S3,+",1
"FLOT1>UBE2E3,+",1
"UFC1>SERINC1,+",1
"TNFRSF1A>ERG,+",1
"RPS15>ERG,+",1
"RPS14>TNFRSF1A,+",1
"NASP>OS9,+",1
"HOXB3>MATN2,+",1
"NASP>MATN2,+",1
"RPS29>LPP,+",1
"PDIA3>LPP,+",1
"CTSD>DDX46,+",1
"ERG>DDX46,+",1
"SYNGR2>RNF181,+",1
"FAM177A1>SYF2,+",1
"FAM177A1>NUDCD1,-",1
"PLCB4>HIST1H1D,+",1
"MAP3K3>HIST1H1D,+",1
"TCEAL8>STAU1,+",1
"SWAP70>STAU1,+",1
"TCEAL8>PDLIM5,+",1
"NUCB1>PDLIM5,+",1
"PDIA4>ENSA,+",1
"DNAJB14>ENSA,+",1
"DNAJC3>KDM2A,+",1
"FOXP1>KDM2A,+",1
"GNG12>TMEM43,+",1
"SWAP70>CAV2,+",1
"FLNA>DNAJC3,+",1
"DNAJB14>DNAJC3,+",1
"C8orf33>TSHZ2,-",1
"PLCB4>HSPA2,+",1
"SPCS3>HSPA2,+",1
"RSRP1>PSMD8,+",1
"PDLIM5>NUDCD1,+",1
"FOXP1>POLK,+",1
"SMG1>RNF181,-",1
"TCEAL3>POLK,+",1
"CTSD>PSMA3-AS1,+",1
"SMG1>PSMD7,+",1
"C19orf70>RALBP1,+",1
"FAM167B>ACKR1,+",1
"FAM167B>PCDH17,+",1
"WSB1>TPR,+",1
"DNAJB14>AKAP9,+",1
"B2M>ATP6V0E1,+",1
"MAP3K3>MRPL33,+",1
"DNAJB14>PDIA4,+",1
"FLNA>PDIA4,+",1
"FAM177A1>C8orf33,+",1
"TSHZ2>C8orf33,-",1
"DNAJC3>C8orf33,+",1
"PDLIM5>SETD5,+",1
"DNAJB14>SETD5,+",1
"SPCS3>MESD,+",1
"MAP3K3>MESD,+",1
"LARP7>POLK,+",1
"RANBP1>CHMP2A,+",1
"UBE2E3>FNBP1L,+",1
"PSMB5>FNBP1L,+",1
"ATP6V0E1>COX8A,+",1
"LIMA1>PDCD4,+",1
"CTSL>BZW1,+",1
"CD59>IL3RA,+",1
"CTSL>ATP5PB,+",1
"C8orf33>ATP5PB,+",1
"CTSL>MFNG,+",1
"C8orf33>MFNG,-",1
"IL3RA>PKM,+",1
"PKM>PIK3C2A,+",1
"YME1L1>CDH5,+",1
"PSMB5>CDH5,+",1
"SSB>CDH5,+",1
"TCF25>BAZ1B,+",1
"C19orf70>BAZ1B,+",1
"PAIP2>RTCB,+",1
"C8orf33>RTCB,+",1
"PSMD8>RTCB,+",1
"BZW1>RPN2,+",1
"CTSL>MRPL57,+",1
"PKM>SIVA1,+",1
"YME1L1>TIE1,+",1
"C8orf33>MRPL57,+",1
"CTSL>C8orf33,+",1
"SKI>PAFAH1B2,+",1
"OAZ1>VAPA,+",1
"PSMB5>ARL2,+",1
"TSC22D3>EFCAB14,+",1
"CSDE1>BNIP3L,+",1
"BZW1>CD59,+",1
"EFCAB14>PTPRA,+",1
"ATP5MC2>SLC25A5,+",1
"PSMD8>SLC25A5,+",1
"CTSL>LAPTM4B,+",1
"TCF25>ATF6,+",1
"TTC1>ATF6,+",1
"IL3RA>ATF6,+",1
"YME1L1>RPGR,+",1
"CTSL>RPGR,+",1
"PSMD8>PARK7,+",1
"PSMB5>C8orf33,+",1
"SULF2>C8orf33,+",1
"LIMA1>C8orf33,+",1
"RPGR>MRPL57,+",1
"CTSL>CASC4,+",1
"ENSA>MKLN1,+",1
"ENSA>PSMD8,+",1
"PARK7>PSMA3,+",1
"ATXN7L3B>PSMA3,+",1
"PARK7>AK2,+",1
"PSMB5>AK2,+",1
"EIF2S3>TTC1,+",1
"PPP1R14B>ZNF207,+",1
"NRGN>C19orf70,+",1
"FLOT1>BRI3,+",1
"PARK7>C8orf59,+",1
"UQCRH>C8orf59,+",1
"NRGN>C8orf59,+",1
"C19orf70>PSMA3-AS1,-",1
"ATXN7L3B>PSMA3-AS1,+",1
"UQCRH>RNF181,+",1
"NUCB1>RNF181,+",1
"EIF4A1>RNF181,+",1
"PABPN1>BNIP3L,+",1
"PSMA3-AS1>BNIP3L,+",1
"RANBP1>BNIP3L,+",1
"NUCB1>HEXB,+",1
"NRGN>PSMD8,+",1
"PKM>CASC4,+",1
"ENSA>LAMTOR1,+",1
"YME1L1>CASC4,+",1
"PSMD8>CASC4,+",1
"COX8A>PARP9,+",1
"SIVA1>HSPA9,+",1
"UQCRH>ARL2,+",1
"ISCU>ARL2,+",1
"C19orf70>BZW1,+",1
"RANBP1>SYF2,+",1
"ATP5MC3>SYF2,+",1
"ZNF207>TCF25,+",1
"RANBP1>TCF25,+",1
"NRGN>TCF25,+",1
"PSMB5>RANBP1,+",1
"RANBP1>PSMB5,+",1
"ENSA>PSMC5,+",1
"ATP5MC3>PSMC5,+",1
"MED13>CD151,+",1
"ZNF207>MED13,+",1
"PABPN1>LAMTOR1,+",1
"ARPC2>SKI,+",1
"CANX>SKI,+",1
"GRN>TAF10,-",1
"SFSWAP>CBX5,+",1
"PSMA7>CTSC,+",1
"TM7SF3>CTSC,+",1
"PTPRA>TM2D1,+",1
"TMEM14C>FAM200B,+",1
"TTC1>FAM200B,+",1
"FAM177A1>RANBP1,+",1
"CBX5>SPG7,+",1
"ENO1>SPG7,+",1
"PTTG1IP>SPG7,+",1
"PSMD13>TM7SF3,+",1
"MFNG>SF3A3,+",1
"PSMB3>TM7SF3,+",1
"SLC3A2>TM7SF3,+",1
"PTPRA>TM7SF3,+",1
"SFSWAP>LSM3,+",1
"ENO1>LSM3,+",1
"EIF2S2>PSMD8,+",1
"CHMP3>PSMA3,+",1
"EIF2S2>HADHA,+",1
"HYAL2>ATP6V0E1,+",1
"NDUFAF3>FBXO7,+",1
"CBX5>FBXO7,+",1
"NDUFAF3>NDUFA1,+",1
"CHMP3>KDM2A,+",1
"UFC1>SYF2,+",1
"CHMP3>UBE2M,+",1
"CHMP3>CTSL,+",1
"ZNF207>GBP4,+",1
"CHMP3>ZNF207,+",1
"TAX1BP1>STRN3,+",1
"PTTG1IP>STRN3,+",1
"LAMTOR1>PSMD13,+",1
"TM7SF3>PSMD13,+",1
"PSMA3>PSMD13,+",1
"PSMA7>COMMD6,+",1
"ATP6V0E1>FAM177A1,+",1
"TM7SF3>FAM177A1,+",1
"ARL2>SMG1,+",1
"NEDD8>SMG1,+",1
"CBX5>GPBP1,+",1
"TM7SF3>PTPRA,+",1
"PHACTR4>C9orf16,+",1
"CBX5>KDM2A,+",1
"CSTB>CHMP2A,+",1
"CSTB>OS9,+",1
"PPP1R14B>TMEM14C,+",1
"HIST1H1D>CD109,+",1
"SLC25A3>MRPS34,+",1
"HMGB2>MRPS34,+",1
"DNAJC8>MRPS34,+",1
"ADCY4>CCT7,+",1
"PSMD8>CCT7,+",1
"MFNG>HEXB,+",1
"ASPH>HEXB,+",1
"SLC25A3>PPP1R14B,+",1
"CTSB>AK2,+",1
"SUMF2>AK2,+",1
"ASPH>FAM177A1,+",1
"CSTB>FAM177A1,+",1
"NEDD8>FAM177A1,+",1
"CSTB>BANF1,+",1
"PSMD8>BANF1,+",1
"HLA-F>TMEM59,+",1
"PSMA3>KDELR1,+",1
"RAN>KDELR1,+",1
"MFNG>UBE2M,+",1
"MFNG>CD109,-",1
"CSTB>CD109,+",1
"HIST1H1D>RAB1A,+",1
"ARL2>RRAGA,+",1
"CHMP2A>RAB1A,+",1
"PSMD8>RAB1A,+",1
"MFNG>ASPH,+",1
"CSTB>KANSL1,+",1
"ASPH>KANSL1,+",1
"ANAPC16>CDC37,+",1
"SLC25A3>SELENOM,+",1
"ANAPC16>CSTB,+",1
"SUMF2>TTC1,+",1
"UBE2M>TTC1,+",1
"ANAPC16>MGST3,+",1
"CHMP2A>GHITM,+",1
"CSTB>AP2B1,+",1
"ANAPC16>CHMP3,+",1
"PSMD8>PDLIM1,+",1
"ADCY4>NFE2L1,+",1
"ASPH>PCBP1,+",1
"PFN1>CALM2,+",1
"TTC1>RRAGA,+",1
"PSMB3>PSMA3,+",1
"TM7SF3>PSMA3,-",1
"NDUFA1>NDUFAF3,+",1
"PTPRA>TCF25,+",1
"ESD>CMPK1,-",1
"PSMA3>MRPL33,+",1
"LY96>AP2B1,+",1
"SETD5>AP2B1,+",1
"SNRNP200>ARHGAP23,+",1
"GON4L>AP2S1,+",1
"HMGN2>SYF2,+",1
"ARL2BP>TTC1,+",1
"CMPK1>LAMTOR1,+",1
"PTPRA>LAMTOR1,+",1
"ITGB1BP1>EIF1B,+",1
"ARL2BP>LY96,+",1
"ATP6V0E1>ITGB1BP1,+",1
"FAM89A>ITGB1BP1,+",1
"LY96>TPR,+",1
"PSMD7>CASC4,+",1
"GON4L>CASC4,+",1
"HMGN2>RAB7A,+",1
"EIF4A1>PTPRA,+",1
"TPR>CMPK1,+",1
"LY96>ZNF207,+",1
"ESD>SNRNP200,+",1
"ITGB1BP1>ATP6V0E1,+",1
"DYNC1H1>TMEM54,+",1
"PARP9>TMEM54,+",1
"LY96>TMEM54,-",1
"FAM177A1>TMEM54,+",1
"PABPC4>CIB1,-",1
"PARP9>CIB1,+",1
"NUCB1>HIST1H4C,+",1
"ATP6V0E1>HIST1H4C,+",1
"CAMSAP2>HIST1H4C,+",1
"NDUFA1>HIST1H4C,+",1
"CITED2>PSMC4,+",1
"ARF1>SETD5,+",1
"RHOA>PSMA3,+",1
"ARL2BP>PSMA3,+",1
"CMPK1>C19orf70,+",1
"SPPL2A>PARK7,+",1
"ATP6V0E1>C4orf3,+",1
"EIF4A1>ARF1,+",1
"PSMD7>SFSWAP,+",1
"HPCAL1>PTPRA,+",1
"TPR>GON4L,+",1
"PTTG1IP>FOXP1,+",1
"ATP8B1>OS9,+",1
"UFC1>PRPF38B,+",1
"CBX5>PRPF38B,+",1
"PSMB3>PRPF38B,+",1
"PHACTR4>AP2B1,+",1
"NFIC>KANSL1,+",1
"PTTG1IP>TTC1,+",1
"SLC3A2>TIMMDC1,+",1
"ARL2>TIMMDC1,+",1
"SLK>TIMMDC1,+",1
"CHMP3>TIMMDC1,+",1
"OAZ1>RPN2,+",1
"ERG>CRBN,+",1
"SLK>CRBN,+",1
"SFSWAP>CRBN,+",1
"MRPL33>OAZ1,+",1
"STRN3>TAX1BP1,+",1
"ZNF207>TAX1BP1,+",1
"NDUFA1>DNAJB6,+",1
"ENO1>DNAJB6,+",1
"ENO1>OS9,+",1
"PSMA7>HNRNPA3,+",1
"MRPS34>GON4L,+",1
"PSMA7>ARL2,+",1
"LY96>ESD,+",1
"PSMA3>ADCY4,+",1
"SPPL2A>ADCY4,+",1
"CMPK1>FAM89A,+",1
"RHOA>EIF3I,+",1
"PTPRA>SNRPD2,+",1
"ARL2BP>STAU1,+",1
"FAM89A>PDIA4,+",1
"SPPL2A>MRPS34,+",1
"ESD>HMGN2,+",1
"TCF25>BRI3,+",1
"PSMA3>BRI3,+",1
"ARL2BP>LAMTOR4,+",1
"ESD>PABPN1,+",1
"PSMA3>NUDCD1,+",1
"VAPA>DENR,+",1
"SNRNP200>PSMD8,-",1
"PSMA3>RBPMS,+",1
"RBMX>NDUFA8,+",1
"ASPH>SNRPD1,+",1
"CTSB>SUMF2,+",1
"GRN>CEBPD,+",1
"PIK3C2A>HSPA2,+",1
"FLOT1>SKI,+",1
"NUCB1>SKI,+",1
"ENSA>SKI,+",1
"HSPA2>PTPRA,+",1
"MED13>ZBTB7A,+",1
"PIK3C2A>ZBTB7A,+",1
"PSMB5>RBMX,+",1
"MOB2>RBMX,+",1
"NUCB1>HSPA2,+",1
"SKI>HSPA2,+",1
"TTC1>SUMF2,+",1
"DYNC1H1>EIF1B,+",1
"RBMX>DYNC1H1,+",1
"EIF3G>ST13,+",1
"EIF3G>SERINC1,+",1
"PAIP2>BNIP3L,+",1
"MED13>PSMB5,+",1
"PIK3C2A>NIPBL,+",1
"MED13>EIF4B,+",1
"FAM177A1>SPCS3,+",1
"CD151>TPR,+",1
"EIF3G>CNKSR3,+",1
"RPS12>RPL34,+",1
"ITGB1BP1>MOB2,+",1
"RPS16>NME1,+",1
"C8orf33>SNX1,+",1
"RPS12>RPL37A,+",1
"ITGB1BP1>TTC1,+",1
"PSMB5>TTC1,+",1
"HPCAL1>TTC1,-",1
"RTCB>PRDM1,+",1
"MT-CYB>MT-ND3,+",1
"DDX46>TMEM109,+",1
"RPS16>TSPAN4,+",1
"PSMB5>TSPAN4,+",1
"DDX46>TSPAN4,+",1
"WDR45B>TSPAN4,+",1
"BSG>SETD5,+",1
"PRDM1>SETD5,+",1
"TCEAL8>HPCAL1,+",1
"RPN1>TCEAL8,+",1
"RTCB>PSMD8,+",1
"HIST1H1D>COX7B,+",1
"EIF3G>CHMP2A,+",1
"MED13>GINM1,+",1
"SKI>GINM1,+",1
"DYNC1H1>KHDRBS1,+",1
"CHMP2A>NUCB1,+",1
"PFN1>DNAJB6,+",1
"CHMP2A>PCDH17,+",1
"YWHAB>NEDD8,+",1
"PAIP2>NEDD8,+",1
"RNF7>PAIP2,+",1
"GIMAP7>TMEM14C,+",1
"CD151>SETD5,+",1
"GIMAP7>SETD5,+",1
"PLEKHA3>MATN2,+",1
"RNF7>MATN2,+",1
"RPL36A>MATN2,+",1
"DNAJB6>MATN2,-",1
"EIF3K>PIK3R3,+",1
"CHMP2A>NME1,+",1
"MRPS34>CHMP2A,+",1
"NUCB1>CHMP2A,+",1
"TPR>RTF2,+",1
"EIF3F>RTF2,+",1
"COX7C>FAM177A1,+",1
"NUCB1>FLOT1,+",1
"CTSB>TCEAL8,+",1
"DYNLL1>CD46,+",1
"ZBTB7A>PIK3C2A,+",1
"MOB2>PIK3C2A,+",1
"GINM1>EIF3G,+",1
"NEDD8>TMEM109,+",1
"PTPRA>PSMB3,+",1
"TMEM109>PSMB3,+",1
"SKI>CHD1,+",1
"ENO1>HIST1H1D,+",1
"PLD3>HIST1H1D,+",1
"MED13>NEDD8,+",1
"DYNLL1>NEDD8,+",1
"DYNLL1>SF3B6,+",1
"NEDD8>MXRA7,+",1
"NCKAP1>MXRA7,+",1
"ZBTB7A>MOB2,+",1
"PIK3C2A>MOB2,+",1
"MRPS34>NDUFB7,+",1
"RBMX>CDH5,+",1
"EIF3G>SNRPD2,+",1
"ECSCR>DDX46,+",1
"WDR45B>RTCB,+",1
"ITGB1BP1>WDR45B,+",1
"RTF2>HEXB,+",1
"CCT3>NDUFB7,+",1
"MRPS34>HADHA,+",1
"RTF2>PSMB5,+",1
"EIF3I>UBAC1,+",1
"TKT>ARHGDIA,+",1
"NDUFB7>GPX4,+",1
"TKT>NME1,+",1
"NUPR1>PLD3,+",1
"CCT3>PLD3,+",1
"RTF2>PARK7,+",1
"SFSWAP>NUPR1,+",1
"UBE2E3>CNBP,+",1
"TKT>CCT3,+",1
"UBE2E3>GNG12,+",1
"CCT3>GNG12,+",1
"GPX4>EIF3I,+",1
"TPR>DDX46,+",1
"UBE2E3>SERINC1,+",1
"SFSWAP>SERINC1,+",1
"TKT>MATN2,+",1
"DDX46>BAZ1B,+",1
"DEGS1>ARL4A,+",1
"MORF4L1>BAZ1B,+",1
"CHMP2A>SUMF2,+",1
"MFNG>HMGB2,+",1
"CHCHD2>PSMB5,+",1
"PSMD8>ZKSCAN1,+",1
"HIST1H1D>ZKSCAN1,+",1
"ARF1>CDH5,+",1
"PCBP1>CTSB,+",1
"CHMP2A>HIST1H1D,+",1
"PPP1R14B>HIST1H1D,+",1
"NDUFC1>FLOT1,+",1
"CHCHD2>FLOT1,+",1
"FOXP1>SURF4,+",1
"CHMP2A>SURF4,+",1
"ARL2>SURF4,+",1
"PNISR>SKI,+",1
"CCT3>PSMA3,+",1
"TKT>TTC1,+",1
"SFSWAP>EIF4B,+",1
"PLD3>BAZ1B,-",1
"PCDH17>EIF3F,+",1
"MRPL33>EIF1B,+",1
"DDX46>CBX3,+",1
"EIF3G>RPN1,+",1
"AP2B1>RPN1,+",1
"ITGB1BP1>RPN1,+",1
"ITGB1BP1>CCT3,+",1
"NDUFB7>CCT3,+",1
"MOB2>PSMA3,+",1
"WDR45B>HIST1H1D,+",1
"PRDM1>NUDCD1,+",1
"MT-CYB>AP2B1,+",1
"WDR45B>AK2,+",1
"DDX46>CIR1,+",1
"PPP1R14B>CIR1,+",1
"LAMTOR1>CIR1,+",1
"CBX3>CIR1,+",1
"MOB2>TCF25,+",1
"C8orf33>SFSWAP,+",1
"LAMTOR1>EIF3G,+",1
"MT-CYB>MT-ND1,+",1
"MT-CYB>PPP1R14B,+",1
"DDX5>PAIP2,+",1
"MOB2>RPN1,-",1
"NDUFB7>BZW1,+",1
"TKT>SYF2,+",1
"HIST1H1D>ERG,+",1
"KANSL1>SYF2,+",1
"CCT3>SYF2,+",1
"NUCB1>ATP6V1G1,+",1
"TKT>TMEM109,+",1
"KANSL1>TMEM109,+",1
"DEGS1>SEC31A,+",1
"EIF1B>PLRG1,+",1
"SFSWAP>NUDCD1,+",1
"NUPR1>DEGS1,+",1
"PLD3>DEGS1,+",1
"ARL4A>DEGS1,+",1
"PEBP1>KANSL1,+",1
"SKI>SOCS2,+",1
"SELENOM>CHCHD1,+",1
"SKI>CHCHD1,+",1
"TKT>CHCHD1,+",1
"EIF3I>CHCHD1,+",1
"SKI>BIRC3,+",1
"HDGF>BIRC3,+",1
"ACP1>SNRNP200,+",1
"TMEM54>PPP1R14B,+",1
"C19orf70>SKI,+",1
"FAM200B>SFSWAP,+",1
"NDUFB7>ENO1,+",1
"ARL2>ARHGAP23,+",1
"C8orf33>PSMD8,+",1
"TMEM167A>TMEM14C,+",1
"FAM177A1>TTC1,+",1
"RTCB>SYF2,+",1
"TMEM167A>SYF2,+",1
"PSMA3>EIF4H,-",1
"TMEM14C>TOR1AIP2,+",1
"ESD>SFSWAP,+",1
"PSMA3>SKI,+",1
"RTCB>SFSWAP,+",1
"RNF181>EIF4A1,+",1
"TCF25>RTCB,+",1
"FAM200B>ATP5MF,+",1
"PSMA3>NFIC,+",1
"ARL2>TMEM167A,+",1
"C8orf33>TMEM167A,+",1
"NDUFA1>MED13,+",1
"NDUFB7>SPCS2,+",1
"NEDD8>PSMC4,+",1
"UFC1>PSMC4,+",1
"TMEM14C>PSMC4,+",1
"RAB13>PSMC4,+",1
"ESD>GNG12,+",1
"NEDD8>GNG12,+",1
"RHOJ>GNG12,+",1
"GRN>GNG12,+",1
"TMEM14C>GNG12,+",1
"TMEM14C>VPS13D,+",1
"RTCB>VPS13D,-",1
"AP2B1>MTCH1,+",1
"TAOK1>MTCH1,+",1
"ARPC4>METTL9,+",1
"NDUFB7>PSMB5,+",1
"HNRNPM>CTSZ,+",1
"ESD>CTSZ,+",1
"PDIA4>CTSZ,+",1
"ATP6V0E1>CTSZ,+",1
"CHCHD1>SMAD1,+",1
"NDUFA1>NDUFB7,+",1
"ARL2>PSMC4,+",1
"PSMA3>PSMC4,+",1
"ENO1>GPX4,+",1
"PDIA4>HSPA2,+",1
"CHCHD1>HSPA2,+",1
"UBE2E3>PTPRA,+",1
"CHMP3>UQCRQ,+",1
"TRAPPC1>RPN2,+",1
"CYYR1>BNIP3L,+",1
"TRAPPC1>BNIP3L,+",1
"VPS28>BNIP3L,+",1
"TMEM173>PCGF2,+",1
"NDUFA1>TMEM109,+",1
"CTSL>TMEM109,+",1
"ANAPC11>NDUFA1,+",1
"PTTG1IP>NDUFA1,+",1
"CTSB>IER3,+",1
"ARL2>MRPL33,+",1
"UBE2E3>GOLGA4,+",1
"VPS28>NDUFB7,+",1
"ATP6V0E1>PSMB5,+",1
"CLTB>PSMB5,+",1
"NDUFA1>VPS28,+",1
"EIF4A1>HNRNPD,+",1
"ARL2>HNRNPD,+",1
"ARL2>UQCRQ,+",1
"NEDD8>PTPRA,+",1
"NEDD8>RAB10,+",1
"ECE1>SEMA6B,+",1
"RHOJ>ATP8B1,+",1
"MRPL33>COX7B,+",1
"FAM177A1>COX7B,+",1
"C8orf33>SLC25A5,+",1
"C8orf33>ST13,+",1
"CHCHD1>ST13,+",1
"C8orf33>FAM200B,+",1
"SPCS2>FAM200B,+",1
"TMEM14C>RALBP1,+",1
"RNF181>CHMP2A,+",1
"RNF181>EPB41L4A,+",1
"TMEM167A>PDAP1,+",1
"HSPA2>LAMTOR1,+",1
"UBE2E3>LAMTOR1,+",1
"CD81>LAMTOR1,+",1
"HSPA2>IL3RA,+",1
"PSMC5>UBE2E3,+",1
"SSBP4>UBE2E3,+",1
"CTSL>SEMA6B,+",1
"NDUFA1>UFC1,+",1
"ENO1>MGST3,+",1
"C8orf33>WDR45B,+",1
"ARL2>RND3,+",1
"MFNG>SCP2,+",1
"PKM>SCP2,+",1
"VPS29>CHCHD1,+",1
"EVL>CHCHD1,+",1
"TCF25>CHCHD1,+",1
"CRBN>CHCHD1,+",1
"COX6C>SERINC3,+",1
"ARL2>SERPING1,+",1
"MFNG>SERPING1,+",1
"WDR45B>EVL,+",1
"PSMD8>EVL,+",1
"CANX>NIPBL,+",1
"PPP1R15A>NFKBIA,+",1
"NUCB1>CCDC12,+",1
"ARL2>CCDC12,+",1
"EIF1B>TCF25,+",1
"TCF25>NUCB1,+",1
"PPP1R15A>GINM1,+",1
"ANXA5>TMED9,+",1
"HOXB4>TTC1,+",1
"ANXA5>SPCS3,+",1
"TCF25>HOXB4,+",1
"ARL2>ERG,+",1
"NBDY>VPS13C,+",1
"EMP2>ARHGAP23,+",1
"TCF25>COX4I1,+",1
"TUBB>COX4I1,+",1
"ATP5F1E>CD109,+",1
"CRBN>FIS1,+",1
"TAF10>TTC1,+",1
"LAPTM4B>TTC1,-",1
"VPS13C>FAM177A1,+",1
"BANF1>FAM177A1,+",1
"SERINC1>FAM177A1,+",1
"PLSCR1>MATN2,+",1
"ATP6V0E1>SF3B1,+",1
"C19orf70>SF3B1,+",1
"ARPC2>NBDY,+",1
"C19orf70>NBDY,+",1
"NASP>GRN,+",1
"ACKR1>GRN,+",1
"OST4>CLEC2B,+",1
"NUCB1>TMED9,+",1
"EIF1B>HOXB4,+",1
"NDUFB7>WDR45B,+",1
"SLTM>ARHGAP31,+",1
"TCF25>RAB5C,+",1
"RPL27>RAB5C,+",1
"SERPING1>NEDD8,+",1
"COX6C>PSMA7,+",1
"SPCS3>EIF4A1,+",1
"NDUFB7>TCF25,+",1
"PEBP1>TCF25,+",1
"C8orf33>TCEAL8,+",1
"EIF3F>TCEAL8,+",1
"NDUFB7>NDUFA1,+",1
"ARPC4>PEBP1,+",1
"ENO1>FAM177A1,+",1
"SNRPG>FAM177A1,+",1
"MRPL33>C19orf70,+",1
"C8orf33>CCT7,+",1
"NDUFB7>PSMA3,+",1
"RTCB>ARL2,+",1
"FAM177A1>IL3RA,+",1
"TMEM167A>WDR45B,+",1
"COX8A>RAB5C,+",1
"ARHGAP31>CCT7,+",1
"CALM2>HOXB4,+",1
"TCF25>LGALS1,+",1
"ARL2>SNRNP200,+",1
"ARHGAP31>ZKSCAN1,+",1
"SNRNP200>ZKSCAN1,+",1
"SLTM>GON4L,-",1
"WDR45B>SNRPB2,+",1
"ARL2>SNRPB2,+",1
"CALM2>SLTM,+",1
"COX6C>CDC37,+",1
"NUCB1>CDC37,+",1
"PKM>PARP9,+",1
"WDR45B>PARP9,+",1
"TCF25>UFC1,+",1
"TCF25>EIF1B,+",1
"RAB5C>COX8A,+",1
"CRBN>COX8A,+",1
"NIPBL>PRDM1,+",1
"KDM2A>PRDM1,+",1
"COX8A>JAK1,+",1
"UFC1>LGALS1,+",1
"FOXP1>PSMD8,+",1
"ECE1>CTSB,+",1
"VPS28>PAIP2,+",1
"TCF25>FAM200B,+",1
"SKIL>TOMM7,+",1
"RPN2>HLA-F,+",1
"SLC25A3>EIF2A,+",1
"HNRNPD>ISG15,+",1
"PSMD8>PSMB3,+",1
"LY96>IL13RA1,+",1
"TMOD3>IL13RA1,+",1
"LY96>OS9,+",1
"FAM177A1>OS9,+",1
"LIMS2>PSMB5,+",1
"LY96>PSMB5,+",1
"GHITM>MAP4,+",1
"NFIC>PSMD8,+",1
"RAB5C>FAM177A1,+",1
"KIAA0355>PSMB3,+",1
"CAMSAP2>PSMB3,+",1
"EIF3K>MFNG,+",1
"TIMP2>FN1,+",1
"PGK1>FN1,+",1
"RPS29>TOMM7,+",1
"GHITM>PSMC4,+",1
"C19orf70>HSPA2,+",1
"COPS6>PSMC4,+",1
"ELOB>PIK3C2A,+",1
"SKIL>PIK3C2A,+",1
"OS9>SELENOM,+",1
"PSMD8>PTPRA,+",1
"GHITM>DDX46,+",1
"HNRNPD>DDX46,+",1
"PTPRA>DYNC1H1,+",1
"PSMD8>DYNC1H1,+",1
"PSMB3>LY96,+",1
"FAM177A1>LAMTOR1,+",1
"TMOD3>LAMTOR1,+",1
"PSMD8>LAMTOR1,+",1
"CNBP>FLOT1,+",1
"ARPC1B>FLOT1,+",1
"DYNC1H1>GPX4,+",1
"PECAM1>SRSF5,+",1
"MEF2C>TIE1,+",1
"GHITM>CHMP2A,+",1
"TUBB>GRN,+",1
"FN1>SUB1,+",1
"PSMB3>RAN,+",1
"LY96>WDR45B,+",1
"ARPC4>ARL2,+",1
"ATP6V0E1>PARP9,+",1
"PARP9>MTCH1,+",1
"EIF1B>MTCH1,+",1
"TMEM43>MTCH1,+",1
"CNBP>PGK1,+",1
"TMEM54>CITED2,+",1
"MTCH1>ACP1,+",1
"RAB5C>ACP1,+",1
"ENO1>PABPC4,+",1
"KIAA0355>ZNF791,-",1
"DYNC1H1>ZNF791,+",1
"NUCB1>ZNF791,+",1
"ACP1>GLRX5,+",1
"CITED2>CIR1,-",1
"NDUFB7>PDLIM5,+",1
"NME1>GNG12,+",1
"C19orf70>DAZAP1,+",1
"TMEM43>DAZAP1,+",1
"PSMD8>PCDH17,+",1
"C19orf70>ARL2,+",1
"RAB5C>DRAP1,+",1
"FAM177A1>HNRNPA0,+",1
"NFIC>FOXP1,+",1
"C19orf70>NFIC,+",1
"NFIC>C19orf70,+",1
"GNG12>C19orf70,+",1
"FAM177A1>C19orf70,+",1
"NFIC>TMOD3,+",1
"MTPN>PCGF2,+",1
"CAMSAP2>PCGF2,-",1
"TMEM54>EIF2S2,+",1
"C19orf70>EIF2S2,+",1
"HIST1H1D>EIF2S2,+",1
"HIST1H1D>RAB5C,+",1
"ACP1>RAB5C,+",1
"C19orf70>EIF1B,+",1
"PABPC4>TTC1,+",1
"HIST1H1D>TTC1,+",1
"MTPN>TTC1,+",1
"PARP9>NDUFA1,+",1
"C19orf70>C12orf57,+",1
"RAB5C>SFSWAP,+",1
"ELOB>EIF5,+",1
"HNRNPD>WDR45B,+",1
"NEDD8>SETD5,+",1
"CD151>CTSD,+",1
"NUDCD1>SFSWAP,+",1
"MXD4>TTC1,+",1
"RAPGEF1>NAPRT,+",1
"CTSD>NAPRT,+",1
"PLD3>AK2,+",1
"S100A11>AK2,+",1
"SLFN5>PRDM1,+",1
"MCAM>GNG12,+",1
"CTSD>GNG12,+",1
"MCAM>EIF1B,-",1
"RBL2>TMEM109,+",1
"DAZAP1>TMEM109,+",1
"NASP>KANSL1,+",1
"S100A11>PSMD8,+",1
"ZNF706>PLEKHO1,+",1
"CD151>MOB2,+",1
"PPP1R14B>CCDC186,+",1
"YME1L1>RLIM,+",1
"ATF6>SLFN5,+",1
"WAC>CTSD,+",1
"ZNF706>PSMB5,+",1
"RPN1>DAZAP1,+",1
"AK2>PSMB5,+",1
"SCP2>SETD5,+",1
"ARL2>FLOT1,+",1
"PTTG1IP>SKI,+",1
"ATP6V0E1>NEDD8,+",1
"CLIC1>MESD,+",1
"PTTG1IP>MESD,+",1
"VPS28>CCT7,+",1
"UQCRQ>CHMP3,+",1
"PTPRA>CHMP3,+",1
"PSMC5>C8orf33,+",1
"VPS28>MAP3K3,+",1
"CLIC1>SSBP4,+",1
"TM9SF3>ADCY4,+",1
"RAPGEF1>ADCY4,+",1
"WDR45B>FAM200B,+",1
"MRPS34>FAM200B,+",1
"RPN1>FAM200B,+",1
"MXD4>C19orf70,-",1
"NBDY>C19orf70,+",1
"ATF6>RPGR,+",1
"CD151>CACYBP,+",1
"COPS6>WDR45B,+",1
"EIF1B>WDR45B,+",1
"RAPGEF1>CCPG1,+",1
"RBL2>ZNF706,+",1
"NAPRT>MED13,+",1
"DAZAP1>SNRNP70,+",1
"ARF1>GOLGB1,+",1
"MXD4>VPS28,+",1
"CMPK1>VPS28,+",1
"RAPGEF1>ERP29,+",1
"AK2>PARP14,+",1
"VDAC2>KDM2A,+",1
"VDAC2>GPBP1,+",1
"RAPGEF1>GPBP1,+",1
"NASP>GPBP1,+",1
"FAM200B>STAU1,+",1
"RAPGEF1>VDAC2,+",1
"TCF25>HIST1H1D,+",1
"VDAC2>HIST1H1D,+",1
"FAM200B>SERPING1,+",1
"PECAM1>CTNNB1,+",1
"NASP>PPP1R14B,+",1
"FAM200B>WDR45B,+",1
"WDR45B>CACYBP,+",1
"RAPGEF1>NBDY,+",1
"S100A11>PEA15,+",1
"DAZAP1>RPN1,+",1
"RBL2>TM9SF3,+",1
"FAM200B>ELF2,+",1
"RAPGEF1>ELF2,+",1
"TCF25>ELF2,+",1
"RPGR>SOCS2,+",1
"NASP>PARP9,+",1
"AK2>PLD3,+",1
"VDAC2>PLD3,+",1
"YME1L1>HSPH1,+",1
"TM9SF3>HSPH1,-",1
"EIF1B>HSPH1,+",1
"MRPS34>PA2G4,+",1
"ARL2>YWHAB,+",1
"WAC>MAP4,+",1
"MXD4>EIF3I,-",1
"NAPRT>RAPGEF1,+",1
"RBL2>CHCHD1,+",1
"SERINC1>ACTN4,+",1
